eng_Latn,mal_Mlym
"""""""I told you he wasn't here... I never said he was my brother-in-law.""""""
","""""""ഞാൻ പറഞ്ഞല്ലോ തന്റെ ആരുമിവിടെയില്ല. . . ഇവിടെയുള്ളത് എന്റെ ചേച്ചിയാണ്.""
"
"""""""That was my brother-in-law.""
","""""""അത് എന്റെ കെട്ടിയവൻ കുണ്ടൻ ആയിരുന്നു.""
"
"""""""What a lovely tree"""" I said to my brother-in-law.""
","""""""എന്ത് ഭംഗി നിന്റെ പൂറിന്"""" ഞാൻ ആർത്തിയോടെ പറഞ്ഞു.""
"
"""8 Then Judah said to Onan, """"Go in to your brother's wife and perform the duty of a brother-in-law to her, and raise up offspring for your brother.""""""
","8: അപ്പോൾ യൂദാ ഓനാനെ വിളിച്ചു പറഞ്ഞുഃ നിന്റെ സഹോദരന്റെ ഭാര്യയെ വിവാഹം ചെയ്ത് സഹോദരനുവേണ്ടി സന്താനങ്ങളെ ജനിപ്പിക്കുക.
"
"""8 Then Judah said to Onan, """"Go in to your brother's wife and perform the duty of a brother-in-law to her; raise up offspring for your brother.""""""
","8: അപ്പോൾ യൂദാ ഓനാനെ വിളിച്ചു പറഞ്ഞുഃ നിന്റെ സഹോദരന്റെ ഭാര്യയെ വിവാഹം ചെയ്ത് സഹോദരനുവേണ്ടി സന്താനങ്ങളെ ജനിപ്പിക്കുക.
"
"""8 Then Judah said to Onan, Go in to your brother's wife, and perform your duty as a brother-in-law to her, and raise up offspring for your brother.""""""
","8 അപ്പോൾ യെഹൂദാ ഔനാനോടുഃ നിന്റെ ജ്യേഷ്ഠന്റെ ഭാര്യയുടെ അടുക്കൽ ചെന്നു അവളോടു ദേവരധർമ്മം അനുഷ്ഠിച്ചു, ജ്യേഷ്ഠന്റെ പേർക്കും സന്തതിയെ ഉളവാക്കുക എന്നു പറഞ്ഞു.
"
"""Christie often stayed at Abney Hall , Cheshire, owned by her brother-in-law, James Watts, basing at least two stories there: a short story """" The Adventure of the Christmas Pudding """" in the story collection of the same name, and the novel After the Funeral.""
","""ക്രിസ്റ്റി ഇടയ്ക്കിടെ ചെഷയറിലെ അബ്നി ഹാളിൽ താമസിച്ചു , അത് അവളുടെ സഹോദരൻ ജെയിംസ് വാട്ട്സിന്റെ ഉടമസ്ഥതയിലായിരുന്നു, അവിടെ കുറഞ്ഞത് രണ്ട് കഥകളെങ്കിലും അടിസ്ഥാനമാക്കിഃ a ചെറുകഥ """" ദി അഡ്വഞ്ചർ ഓഫ് ദി ക്രിസ്മസ് പുഡ്ഡിംഗ് """" അതേ പേരിലുള്ള കഥാ സമാഹാരത്തിലും ശവസംസ്കാരാനന്തര നോവലിലും .""
"
"""Christie often stayed at Abney Hall in Cheshire, owned by her brother-in-law, James Watts, basing at least two stories there: short story """"The Adventure of the Christmas Pudding,"""" in the story collection of the same name, and the novel After the Funeral.""
","""ക്രിസ്റ്റി ഇടയ്ക്കിടെ ചെഷയറിലെ അബ്നി ഹാളിൽ താമസിച്ചു , അത് അവളുടെ സഹോദരൻ ജെയിംസ് വാട്ട്സിന്റെ ഉടമസ്ഥതയിലായിരുന്നു, അവിടെ കുറഞ്ഞത് രണ്ട് കഥകളെങ്കിലും അടിസ്ഥാനമാക്കിഃ a ചെറുകഥ """" ദി അഡ്വഞ്ചർ ഓഫ് ദി ക്രിസ്മസ് പുഡ്ഡിംഗ് """" അതേ പേരിലുള്ള കഥാ സമാഹാരത്തിലും ശവസംസ്കാരാനന്തര നോവലിലും .""
"
"""Christie often stayed at Abney Hall, Cheshire, owned by her brother-in-law, James Watts, basing at least two stories there: a short story """"The Adventure of the Christmas Pudding"""" in the story collection of the same name, and the novel After the Funeral.""
","""ക്രിസ്റ്റി ഇടയ്ക്കിടെ ചെഷയറിലെ അബ്നി ഹാളിൽ താമസിച്ചു , അത് അവളുടെ സഹോദരൻ ജെയിംസ് വാട്ട്സിന്റെ ഉടമസ്ഥതയിലായിരുന്നു, അവിടെ കുറഞ്ഞത് രണ്ട് കഥകളെങ്കിലും അടിസ്ഥാനമാക്കിഃ a ചെറുകഥ """" ദി അഡ്വഞ്ചർ ഓഫ് ദി ക്രിസ്മസ് പുഡ്ഡിംഗ് """" അതേ പേരിലുള്ള കഥാ സമാഹാരത്തിലും ശവസംസ്കാരാനന്തര നോവലിലും .""
"
"""Christie often stayed at Abney Hall, Cheshire, owned by her brother-in-law, James Watts, basing at least two stories there: a short story """"The Adventure of the Christmas Pudding,"""" in the story collection of the same name, and the novel After the Funeral.""
","""ക്രിസ്റ്റി ഇടയ്ക്കിടെ ചെഷയറിലെ അബ്നി ഹാളിൽ താമസിച്ചു , അത് അവളുടെ സഹോദരൻ ജെയിംസ് വാട്ട്സിന്റെ ഉടമസ്ഥതയിലായിരുന്നു, അവിടെ കുറഞ്ഞത് രണ്ട് കഥകളെങ്കിലും അടിസ്ഥാനമാക്കിഃ a ചെറുകഥ """" ദി അഡ്വഞ്ചർ ഓഫ് ദി ക്രിസ്മസ് പുഡ്ഡിംഗ് """" അതേ പേരിലുള്ള കഥാ സമാഹാരത്തിലും ശവസംസ്കാരാനന്തര നോവലിലും .""
"
"""In 1913 he wrote to his brother-in-law: """"I don't know whether there is anyone else at all who remembers my noble father with such sadness.""
","""1913-ൽ, തന്റെ സ്തെപ്ബ്രൊഥെര് എഴുതിഃ """"ഞാന് ആരെയെങ്കിലും അതേ ദുഃഖം എന്റെ മാന്യമായ മാർപ്പാപ്പ ഓർത്തിരിക്കുമാറ് സാധ്യതയില്ല.""
"
"""It's """"Mr. Smith,"""" not """"Jim,"""" even if he is your brother-in-law.""
","""അയാൾ """"മിസ്റ്റർ സ്മിത്ത്,"""" """"ജിം"""" അല്ല, അയാൾ നിങ്ങളുടെ മാതാവ് ആണെങ്കിൽപ്പോലും.""
"
"""The highlight of that initial singles run was a victory against his brother-in-law, Bret """"Hitman"""" Hart, at SummerSlam 1992, held at Wembley Stadium in London, where he won the Intercontinental Championship.""
","ലണ്ടനിലെ വെംബ്ലി സ്റ്റേഡിയത്തിൽ നടന്ന 1992-ലെ സമ്മർസ്ലാമിൽ അദ്ദേഹത്തിന്റെ സഹോദരൻ ബ്രെറ്റ് 'ഹിറ്റ്മാൻ' ഹാർട്ടിനെതിരായ വിജയമായിരുന്നു ആ പ്രാരംഭ സിംഗിൾസ് റണ്ണിന്റെ ഹൈലൈറ്റ്, അവിടെ അദ്ദേഹം ഇന്റർകോണ്ടിനെന്റൽ ചാമ്പ്യൻഷിപ്പ് നേടി.
"
"""When photos of those men appeared in the media, he told us that he had met them at a mosque in Palakkad,"""" said Riyas's brother-in-law, Kaja, who is employed as a driver.""
","""പാലക്കാടിലെ ഒരു മുസ്ലിം പളളിൽവച്ച് അവരെ പരിചയപ്പെട്ടുവെന്ന് അവരുടെ ഫോട്ടോകൾ മാധ്യമങ്ങൾ പുറത്തുവിട്ടപ്പോൾ അവൻ പറഞ്ഞു,"""" ഡ്രൈവറായ റിയാസിന്റെ സഹോദരി ഭർത്താവ് കാജ പറഞ്ഞു.""
"
"""[57] Christie frequently stayed at Abney Hall, Cheshire, which was owned by her brother-in-law, James Watts, and based at least two stories there: a short story """"The Adventure of the Christmas Pudding"""" in the story collection of the same name and the novel After the Funeral .""
","""ക്രിസ്റ്റി ഇടയ്ക്കിടെ ചെഷയറിലെ അബ്നി ഹാളിൽ താമസിച്ചു , അത് അവളുടെ സഹോദരൻ ജെയിംസ് വാട്ട്സിന്റെ ഉടമസ്ഥതയിലായിരുന്നു, അവിടെ കുറഞ്ഞത് രണ്ട് കഥകളെങ്കിലും അടിസ്ഥാനമാക്കിഃ a ചെറുകഥ """" ദി അഡ്വഞ്ചർ ഓഫ് ദി ക്രിസ്മസ് പുഡ്ഡിംഗ് """" അതേ പേരിലുള്ള കഥാ സമാഹാരത്തിലും ശവസംസ്കാരാനന്തര നോവലിലും .""
"
"16-year-old Manjeet Chowdhary, who had completed his Class 10 exams yesterday, was visiting the zoo with his older sister and brother-in-law.
","പത്താംക്ലാസ് പരീക്ഷ തീർന്ന ഇന്നലെ സഹോദരിക്കും സഹോദരി ഭർത്താവിനുമൊപ്പം മൃഗശാലയിൽ എത്തിയതായിരുന്നു പതിനാറുകാരനായ മഞ്ജീത് ചൌധരി.
"
"18-year-old Reshma was attacked by her brother-in-law and his friends.
","ഇതു രേഷ്മ ഖുറേഷി 18-ാം വയസിൽ സഹോദരി ഭർത്താവിന്റെയും സുഹൃത്തുക്കളുടെയും ആസിഡ് ആക്രമണത്തിനിരയായവൾ.
"
"1894: Kang Jeungsan started operating a village school in his brother-in-law's house.
","1894: കാങ് ജ്യൂങ്സൻ തന്റെ അളിയന്റെ വീട്ടിൽ ഒരു ഗ്രാമ വിദ്യാലയം പ്രവർത്തിപ്പിക്കാൻ തുടങ്ങി.
"
"A 22-year-old woman was dragged out of a car and raped in front of her husband and brother-in-law.
","22കാരിയായ യുവതിയെ നാലംഗ സംഘം കാറിൽ നിന്ന് വലിച്ച് പുറത്തിറക്ക് ഭർത്താവിനും സഹോദരനും മുമ്പിലിട്ട് ബലാൽസംഗം ചെയ്തു.
"
"A bomb blast in central Damascus had killed senior Syrian officials including the country's defence minister and Assad's brother-in-law, Assef Shawkat.
","സെൻട്രൽ ഡമസ്കസിൽ നടന്ന ബോംബ് സ്ഫോടനത്തിൽ പ്രതിരോധമന്ത്രിയും ബാഷറിന്റെ സഹോദരീഭർത്താവുമായ ആസിഫ് ഷൌക്കത്തുൾപ്പെടെ സൈന്യത്തിലെ മുതിർന്ന ഉദ്യോഗസ്ഥർ കൊല്ലപ്പെടുകയുണ്ടായി.
"
"A week later he came home with his parents and brother-in-law.
","ഒരാഴ്ച കഴിഞ്ഞ് രഹസ്യമായി വീട്ടിലെത്തി അമ്മയേയും സഹോദരങ്ങളെയും കാണുകയായിരുന്നു.
"
"About 27 years ago, the victim was living in the city with her sister and brother-in-law.
","ഏകദേശം 27 വർഷം മുമ്പ് പെൺകുട്ടി സഹോദരിക്കും ഭർത്താവിനുമൊപ്പം നഗരത്തിൽ താമസിച്ചു വരികയായിരുന്നു.
"
"According to Farook's brother-in-law, Farhan Khan, he and Malik met on a dating website two years ago.
","ഫാറൂഖും മാലിക്കും രണ്ടു വർഷങ്ങൾക്ക് മുമ്പ് ഒരു ഡേറ്റിങ് വെബ്സൈറ്റിലൂടെയാണ് കണ്ടുമുട്ടിയതെന്നാണ് ബന്ധുമായ ഫർഹാൻ ഖാൻ പറയുന്നത്.
"
"Accused's friend, sister and brother-in-law have also been named in the FIR.
","കുറ്റാരോപിതന്റെ സുഹൃത്ത്, സഹോദരി, അമ്മായി എന്നിവർ എഫ്. ഐ. ആറിൽ ഉൾപ്പെടുത്തിയിട്ടുണ്ട്.
"
"After the short reign of Abu Bakr, there were two morecaliph, traditionally called righteous, until in 661 the ruler of the entire Islamic world was finally elected Ali ibn Abu Talib, cousin and brother-in-law of the Prophet Muhammad himself, father of the future Imam Hussein.
","അബൂബക്കർ ഒരു ചുരുങ്ങിയ കാലത്തെ ഭരണത്തിനു 661 ഇസ്ലാമിക ലോകത്ത് ഭരണാധികാരി സമയത്ത് പരമ്പരാഗതമായി നീതിമാന്മാരായി അറിയപ്പെടുന്ന ഖലീഫയുടെ, രണ്ടു കൂടി ശേഷം, ഒടുവിൽ അലി ഇബ്നു അബി ദിർഹമിന് നബിക്ക് ഇമാം ഹുസൈൻ ഭാവി പിതാവിന്റെ മരുമകൻ കസിൻ മകനും തെരഞ്ഞെടുക്കപ്പെട്ടു.
"
"Along with that he has to solve the problems in his dysfunctional family, the fights between his brother and brother-in-law, other family problems.
","അതോടൊപ്പം, പരിഹാര രഹിതമായ തന്റെ കുടുംബത്തിലെ പ്രശ്നങ്ങൾ, സഹോദരന്മാർ തമ്മിലുള്ള വഴക്കുകൾ, മറ്റ് കുടുംബ പ്രശ്നങ്ങൾ എന്നിവ പരിഹരിക്കേണ്ടതുണ്ട്.
"
"At the age of 18, Reshma Qureshi was the victim of an acid attack by her brother-in-law and two other men.
","ഇതു രേഷ്മ ഖുറേഷി 18-ാം വയസിൽ സഹോദരി ഭർത്താവിന്റെയും സുഹൃത്തുക്കളുടെയും ആസിഡ് ആക്രമണത്തിനിരയായവൾ.
"
"Canrin corporate is owned by way of Raj Kundra's brother-in-law.
","രാജ് കുന്ദ്രയുടെ അളിയന്റെ ഉടമസ്ഥതയിലുള്ളതാണ് കെൻറിൻ.
"
"Catherine's sister Mary entered Dickens's Doughty Street household to offer support to her newly married sister and brother-in-law.
","കാതറിൻറെ സഹോദരിയായ മേരി ഹൊഗാർത് പുതുതായി വിവാഹിതയായ അവളുടെ സഹോദരിക്കും ഭർത്താവിനും പിന്തുണ നൽകാൻ ഡിക്കൻസിന്റെ ഡൌഗ്റ്റി തെരുവിലെ വീട്ടിൽ പ്രവേശിച്ചു.
"
"Catherine's younger sister, Mary Scott Hogarth, came with Catherine to Dickens's Doughty Street home to support to her newly married sister and brother-in-law.
","കാതറിൻറെ സഹോദരിയായ മേരി ഹൊഗാർത് പുതുതായി വിവാഹിതയായ അവളുടെ സഹോദരിക്കും ഭർത്താവിനും പിന്തുണ നൽകാൻ ഡിക്കൻസിന്റെ ഡൌഗ്റ്റി തെരുവിലെ വീട്ടിൽ പ്രവേശിച്ചു.
"
"Chanda Kochhar's brother-in-law and Deepak's brother, Rajiv Kochhar, has also been grilled by the ED for over dozens of time in the case.
","ചന്ദാ കൊച്ചറുടെ സഹോദരിയും ദീപക്കിന്റെ സഹോദരൻ രാജീവ് കൊച്ചാറും കേസിലെ നിരവധി തവണ കേസെടുത്തു.
"
"Chanda Kochhar's brother-in-law and Deepak's brother, Rajiv Kochhar, has also been grilled by the ED multiple times for the case.
","ചന്ദാ കൊച്ചറുടെ സഹോദരിയും ദീപക്കിന്റെ സഹോദരൻ രാജീവ് കൊച്ചാറും കേസിലെ നിരവധി തവണ കേസെടുത്തു.
"
"Chanda Kochhar's brother-in-law and Deepak's brother, Rajiv Kochhar, has also been grilled by the ED multiple times in the case.
","ചന്ദാ കൊച്ചറുടെ സഹോദരിയും ദീപക്കിന്റെ സഹോദരൻ രാജീവ് കൊച്ചാറും കേസിലെ നിരവധി തവണ കേസെടുത്തു.
"
"Chanda Kochhar's brother-in-law and Deepak's brother, Rajiv Kochhar, has also been questioned by the ED multiple times in the case.
","ചന്ദാ കൊച്ചറുടെ സഹോദരിയും ദീപക്കിന്റെ സഹോദരൻ രാജീവ് കൊച്ചാറും കേസിലെ നിരവധി തവണ കേസെടുത്തു.
"
"Christie often stayed at Abney Hall, Cheshire, owned by her brother-in-law, James Watts, basing at least two stories there: a short story 'The Adventure of the Christmas Pudding', in the story collection of the same name, and the novel 'After the Funeral'.
","""ക്രിസ്റ്റി ഇടയ്ക്കിടെ ചെഷയറിലെ അബ്നി ഹാളിൽ താമസിച്ചു , അത് അവളുടെ സഹോദരൻ ജെയിംസ് വാട്ട്സിന്റെ ഉടമസ്ഥതയിലായിരുന്നു, അവിടെ കുറഞ്ഞത് രണ്ട് കഥകളെങ്കിലും അടിസ്ഥാനമാക്കിഃ a ചെറുകഥ """" ദി അഡ്വഞ്ചർ ഓഫ് ദി ക്രിസ്മസ് പുഡ്ഡിംഗ് """" അതേ പേരിലുള്ള കഥാ സമാഹാരത്തിലും ശവസംസ്കാരാനന്തര നോവലിലും .""
"
"Deeply regretted by her sons Tony, Michael, Pascal, Enda & David, daughters Dolores & Ita, brothers, sister, sisters-in-law, brother-in-law, daughters-in-law, sons-in-law, her 22 grandchildren and 26 great-grandchildren, nephews, nieces, neighbours, relatives and a large circle of friends.
","അഗാധമായി പുത്രന്മാർ ടോണി, മൈക്കൽ, പാസ്കൽ വിംബിള്ഡണ്, ഡേവിഡ്, പുത്രിമാർ പേരക്കുട്ടികളുടെ & പെരിങ്ങ്സേ സഹോദരന്മാരേ, സഹോദരി, സഹോദരിമാർ-ഇൻ-നിയമം, അനിയന്,-ൽ നിയമം, പുത്രന്മാർ-ഇൻ-നിയമം, അവളുടെ 22 ഖേദം പേരക്കുട്ടികളും 26 വലിയ-കൊച്ചുമക്കളും, പൌത്രന്മാരും, മരുമക്കളും, അയൽക്കാർ, ബന്ധുക്കൾ, സുഹൃത്തുക്കൾ ഒരു വലിയ സർക്കിൾ.
"
"Erkan said the he preferred Mihriban over Fehime, which was verified by Ahmet's brother-in-law.
","ഫെഹിമിനേക്കാൾ താൻ മിഹ്രിബാനെയാണ് ഇഷ്ടപ്പെടുന്നതെന്ന് എർകാൻ പറഞ്ഞു, ഇത് അഹ്മത്തിന്റെ സഹോദരൻ പരിശോധിച്ചു.
"
"Farooq's named emerged during the questioning of the late Mirchi's brother-in-law Muqtar Patka, who would handle the land-related affairs of Mirchi in India.
","ഇന്ത്യയിലെ മിർച്ചിയുടെ ഭൂമിയുമായി ബന്ധപ്പെട്ട കാര്യങ്ങൾ കൈകാര്യം ചെയ്തിരുന്ന പരേതനായ മിർച്ചിയുടെ ഭാര്യാ സഹോദരൻ മുക്തർ പട്കയെ ചോദ്യം ചെയ്തപ്പോഴാണ് ഫാറൂഖിന്റെ പേര് പുറത്തുവന്നത്.
"
"Following the air strikes, India's foreign ministry said it had hit a training camp run by JeM founder Masood Azhar's brother-in-law, Yousuf Azhar.
","ജെയ്ഷേ മുഹമ്മദ് സ്ഥാപകൻ മസൂദ് അസറിന്റെ ബന്ധു യൂസുഫ് അസ്ഹർ നടത്തുന്ന പരിശീലന ക്യാംപ് തകർത്തുവെന്നാണ് ഇന്ത്യൻ വിദേശകാര്യ മന്ത്രലായം വ്യോമാക്രമണത്തിനു പിന്നാലെ പറഞ്ഞത്.
"
"For example, your brother-in-law might be able to do your business taxes using a tax preparation software, but paid tax preparers must register with the IRS and receive a PTIN (paid taxpayer ID).
","ഉദാഹരണത്തിന്, നിങ്ങളുടെ മരുമകൾ ഒരു നികുതി തയ്യാറാക്കൽ സോഫ്റ്റ്വെയർ ഉപയോഗിച്ച് നിങ്ങളുടെ ബിസിനസ്സ് നികുതികൾ ചെയ്യാൻ കഴിയുന്നു, എന്നാൽ നികുതി അടയ്ക്കുന്നവർ ഐ. ആർ. എസ് ഉപയോഗിച്ച് രജിസ്റ്റർ ചെയ്ത് ഒരു പി ടി ഐ (പേയ്മെന്റ് ടാക്സ് പേയർ ഐഡി) സ്വീകരിക്കണം.
"
"For instance, Joel Matip's grandfather and his brother-in-law Martin are also doctors.
","ഉദാഹരണത്തിന്, ജോയൽ മാപ്പിൻറെ മുത്തച്ഛനും സഹോദരൻ മാർട്ടിൻ മാർട്ടിൻസും ഡോക്ടർമാരാണ്.
"
"Hafiz Saeed's brother-in-law arrested in Pakistan.
","ഹാഫിസ് സയീദിന്റെ ബന്ധു പാകിസ്താനിൽ അറസ്റ്റിൽ
"
"He is the brother-in-law of Chief Minister Conrad Sangma.
","മുഖ്യമന്ത്രി കോൺറാഡ് സാങ്മയുടെ സഹോദരി.
"
"He said Kejriwal's brother-in-law made a Rs 50 crore deal.
","കെജ്രിവാളിന്റെ ഭാര്യാ സഹോദരൻ 50 കോടിയുടെ ഭൂമി ഇടപാട് നടത്തിയതിന് തെളിവുണ്ടെന്ന് അദ്ദേഹം പറഞ്ഞു.
"
"Her brother-in-law John Hill worked for the East India Company's civil service in Bengal.
","ബംഗാളിൽ എൻ്റെ കസിൻ ജോൺ സ്റ്റീൽ , ഈസ്റ്റ് ഇന്ത്യാ കമ്പനിയിൽ ജോലിയെടുക്കുന്നുണ്ടായിരുന്നു .
"
"His brother-in-law, General Mounir Thabet, reported to the AFP news agency that Mubarak passed away at Cairo's Galaa military hospital.
","കയ്റോയിലെ ഗലാ മിലിട്ടറി ഹോസ്പിറ്റലിലാണ് അന്ത്യമെന്ന് ഭാര്യാസഹോദരൻ ജനറൽ മൊനീർ താബെറ്റ് വാർത്താ ഏജൻസിയായ എ എഫ് പിയോട് പറഞ്ഞു.
"
"His brother-in-law, General Mounir Thabet, told AFP news agency he passed away at Cairo's Galaa military hospital.
","കയ്റോയിലെ ഗലാ മിലിട്ടറി ഹോസ്പിറ്റലിലാണ് അന്ത്യമെന്ന് ഭാര്യാസഹോദരൻ ജനറൽ മൊനീർ താബെറ്റ് വാർത്താ ഏജൻസിയായ എ എഫ് പിയോട് പറഞ്ഞു.
"
"His brother-in-law, General Mounir Thabet, told the Media he passed away at Cairo's Galaa military hospital.
","കെയ്റോയിലെ ഗാല മിലിറ്ററി ഹോസ്പിറ്റലിൽ വെച്ചാണ് മുബാറക് മരിച്ചതെന്ന് അദ്ദേഹത്തിൻറെ ബന്ധു ജനറൽ മോനീർ ഥാബെറ്റ് അറിയിച്ചു.
"
"His relatives who were killed in the accident include O.P Singh, the brother-in-law of Sushant Singh Rajput and other relatives.
","അപകടത്തിൽ മരിച്ചവരിൽ ഹരിയാന എ. ഡി. ജി. പി ഒപി സിങ്ങിന്റെ ഭാര്യാ സഹോദരനും മറ്റ് ബന്ധുക്കളും ഉൾപ്പെടുന്നു.
"
"In March 2016, Bajrangi's younger brother-in-law Pushpajeet, who looked after his business, was killed in Lucknow.
","2016 മാർച്ചിൽ, ബജ്രംഗിയുടെ ബിസിനസുകൾ നോക്കി നടത്തിയിരുന്ന ഭാര്യാ സഹോദരൻ പുഷ്പജീത്ത് വെടിയേറ്റു മരിച്ചു.
"
"In March 2016, Bajrangi's younger brother-in-law, who looked after his business, Pushpajeet was killed in Lucknow.
","2016 മാർച്ചിൽ, ബജ്രംഗിയുടെ ബിസിനസുകൾ നോക്കി നടത്തിയിരുന്ന ഭാര്യാ സഹോദരൻ പുഷ്പജീത്ത് വെടിയേറ്റു മരിച്ചു.
"
"Indian police also think that a fake company set up by Kundra and his brother-in-law was registered in the UK to avoid India's tough cyber-laws.
","ഇന്ത്യൻ സൈബർ നിയമങ്ങൾ മറികടക്കുന്നതിനായി കുന്ദ്രയും സഹോദരനും ചേർന്നു സ്ഥാപിച്ച കമ്പനി യുകെയിൽ രജിസ്റ്റർ ചെയ്യുകയായിരുന്നെന്നും ആരോപണമുണ്ട്.
"
"Indian police believe that a fake company set up byRaj Kundra and his brother-in-law was registered in the UK to avoid India's tough cyber-laws.
","ഇന്ത്യയിലെ സൈബർ നിയമങ്ങളെ മറികടക്കാൻ രാജ് കുന്ദ്രയും സഹോദരനും ചേർന്ന് യുകെയിൽ ഒരു കമ്പനി രജിസ്റ്റർ ചെയ്തെന്നാണ് പൊലീസിൻറെ കണ്ടെത്തൽ.
"
"July 2010 A group of Maoists stormed into the house of Congress leader Avdesh Gautam in Dantewada district and brutally killed his 15-year-old brother-in-law and an associate
","2010ൽ ദന്തേവാദ ജില്ലയിലെ കോൺഗ്രസ് നേതാവ് അവ്ദേശ് ഗൌതമിന്റെ വീട്ടിൽ കയറുകയും 15 വയസ്സുള്ള മരുമകനേയും മറ്റൊരു ഉദ്യോഗസ്ഥനേയും കൊലപ്പെടുത്തി. . മറുനാടൻ ഡെസ്ക്
"
"KOLLAM: Mukesh, brother-in-law of Kiran Kumar, will be questioned again in the Vismaya case.
","കൊല്ലംഃ വിസ്മയ കേസിൽ കിരണിൻറെ സഹോദരി ഭർത്താവ് മുകേഷിനെ വീണ്ടും ചോദ്യംചെയ്യും.
"
"Lakshmi leaves the temple and avenges the insult by cursing her husband and elder brother-in-law to go through a prolonged ordeal without food, water or shelter.
","ഭക്ഷണമോ വെള്ളമോ പാർപ്പിടമോ ഇല്ലാതെ നീണ്ട പരീക്ഷണത്തിലൂടെ കടന്നുപോകാൻ ലക്ഷ്മി ക്ഷേത്രം വിട്ട് ഭർത്താവിനെയും മൂത്ത സഹോദരനെയും ശപിച്ചുകൊണ്ട് അപമാനത്തിന് പ്രതികാരം ചെയ്യുന്നു.
"
"Lakshmi leaves the temple, and lakshki the insult by cursing her husband and elder brother-in-law to go through a prolonged ordeal without food, water or shelter.
","ഭക്ഷണമോ വെള്ളമോ പാർപ്പിടമോ ഇല്ലാതെ നീണ്ട പരീക്ഷണത്തിലൂടെ കടന്നുപോകാൻ ലക്ഷ്മി ക്ഷേത്രം വിട്ട് ഭർത്താവിനെയും മൂത്ത സഹോദരനെയും ശപിച്ചുകൊണ്ട് അപമാനത്തിന് പ്രതികാരം ചെയ്യുന്നു.
"
"Lakshmi left the temple, but she avenged the insult by cursing her husband and elder brother-in-law to go through a prolonged ordeal without food, water or shelter.
","ഭക്ഷണമോ വെള്ളമോ പാർപ്പിടമോ ഇല്ലാതെ നീണ്ട പരീക്ഷണത്തിലൂടെ കടന്നുപോകാൻ ലക്ഷ്മി ക്ഷേത്രം വിട്ട് ഭർത്താവിനെയും മൂത്ത സഹോദരനെയും ശപിച്ചുകൊണ്ട് അപമാനത്തിന് പ്രതികാരം ചെയ്യുന്നു.
"
"Laxmi leaves the temple, and avenges the insult by cursing her husband and elder brother-in-law to go through a prolonged ordeal without food, water or shelter.
","ഭക്ഷണമോ വെള്ളമോ പാർപ്പിടമോ ഇല്ലാതെ നീണ്ട പരീക്ഷണത്തിലൂടെ കടന്നുപോകാൻ ലക്ഷ്മി ക്ഷേത്രം വിട്ട് ഭർത്താവിനെയും മൂത്ത സഹോദരനെയും ശപിച്ചുകൊണ്ട് അപമാനത്തിന് പ്രതികാരം ചെയ്യുന്നു.
"
"Laxmi left the temple and avenged the insult by cursing her husband and brother-in-law to go through a prolonged ordeal without food, water and shelter.
","ഭക്ഷണമോ വെള്ളമോ പാർപ്പിടമോ ഇല്ലാതെ നീണ്ട പരീക്ഷണത്തിലൂടെ കടന്നുപോകാൻ ലക്ഷ്മി ക്ഷേത്രം വിട്ട് ഭർത്താവിനെയും മൂത്ത സഹോദരനെയും ശപിച്ചുകൊണ്ട് അപമാനത്തിന് പ്രതികാരം ചെയ്യുന്നു.
"
"Malayalam film director K. G. George is his brother-in-law.
","മലയാള ചലച്ചിത്ര സംവിധായകൻ കെ. ജി. ജോർജ്ജ് അദ്ദേഹത്തിന്റെ സഹോദരീ ഭർത്താവ് ആണ്.
"
"Meanwhile, celebrities and fans have been flocking the Mumbai residence of Anil Kapoor, brother-in-law to the actress.
","അതേസമയം, ശ്രീദേവിയുടെ ഭതൃസഹോദരനും നടനുമായ അനിൽ കുമാറിന്റെ മുംബൈയിലെ വസതിയിലേക്ക് സെലിബ്രിറ്റികളും ആരാധകരും ഒഴുകുകയാണ്.
"
"Meanwhile, celebrities and fans have been flocking to the Mumbai residence of Anil Kapoor, brother-in-law of the actress.
","അതേസമയം, ശ്രീദേവിയുടെ ഭതൃസഹോദരനും നടനുമായ അനിൽ കുമാറിന്റെ മുംബൈയിലെ വസതിയിലേക്ക് സെലിബ്രിറ്റികളും ആരാധകരും ഒഴുകുകയാണ്.
"
"Meanwhile, celebrities and fans have been flocking to the Mumbai residence of Anil Kapoor, the brother-in-law to the actress.
","അതേസമയം, ശ്രീദേവിയുടെ ഭതൃസഹോദരനും നടനുമായ അനിൽ കുമാറിന്റെ മുംബൈയിലെ വസതിയിലേക്ക് സെലിബ്രിറ്റികളും ആരാധകരും ഒഴുകുകയാണ്.
"
"Months later, Eric's brother Benjamin LeBaron and brother-in-law Luis Widmar Stubbs were murdered.
","രണ്ടു മാസത്തിനു ശേഷം സഹോദരനായ ആക്ടിവിസ്റ്റ് ബെഞ്ചമിൻ ലെബറോൺ, ഭാര്യാസഹോദരൻ ലൂയിസ് വിഡ്മർ എന്നിവർ വെടിവയ്പിൽ കൊല്ലപ്പെട്ടു.
"
"Moving on to his extended family, we know of Jan Gunnar Eide who poses as Haaland's brother-in-law (married to Gabrielle).
","അദ്ദേഹത്തിന്റെ വിപുലമായ കുടുംബത്തിലേക്ക് നീങ്ങുമ്പോൾ, ഹാലാൻഡിന്റെ സഹോദരൻ (ഗബ്രിയേലിനെ വിവാഹം കഴിച്ചു) ആയി അവതരിപ്പിക്കുന്ന ജാൻ ഗുന്നർ ഈഡിനെക്കുറിച്ച് നമുക്കറിയാം.
"
"Mumbai Police claimed that Kundra and his brother-in-law Pradeep Bakshi were running an international porn racket through their content production companies in India and the UK.
","കുന്ദ്രയും ബന്ധുവായ പ്രദീപ് ബക്ഷിയും ഇന്ത്യയിലും യുകെയിലുള്ള കണ്ടന്റ് പ്രൊഡക്ഷൻ കമ്പനികളിലൂടെയാണ് ഇത്തരം സിനിമകൾ നിർമിച്ചിരുന്നതെന്നും മുംബൈ പൊലീസ് വ്യക്തമാക്കി.
"
"Music composer Kannur Rajan is his brother-in-law.
","സംഗീതസംവിധായകൻ കണ്ണൂർ രാജൻ സഹോദരീഭർത്താവ് ആണ്.
"
"My brother-in-law became a doctor today.
","എന്റെ ഏട്ടന്റെ പേരക്കുട്ടി ഇന്ന് ഡോക്ടർ ആണ്.
"
"My sister and brother-in-law ... Continue reading →
","നമ്മുടെ അമ്മ, അമ്മയുടെ സഹോദരി . . . Continue reading →
"
"Next articleHafiz Saeed's brother-in-law arrested in Pakistan
","Next articleമുംബൈ ഭീകരാക്രമണത്തിന്റെ സൂത്രധാരൻ ഹാഫിസ് സയിദ് പാകിസ്ഥാനിൽ അറസ്റ്റിൽ
"
"Police have registered a case against six people including her husband and brother-in-law.
","യുവതിയുടെ ഭർത്താവിനും ഭർത്താവിന്റെ അമ്മയും സഹോദരിയുമടക്കം ആറു പേർക്കെതിരേ പോലീസ് കേസ് രജിസ്റ്റർ ചെയ്തിട്ടുണ്ട്.
"
"Rahul Mondal breaks down while hugging his sister and brother-in-law as they prepare to go
","സഹോദരിയും സഹോദരീ ഭർത്താവും യാത്രയാകുന്ന നേരം അവരെ കെട്ടിപ്പിടച്ച് കരയുന്ന രാഹുൽ മണ്ഡൽ
"
"Sammy would take his brother-in-law, Martin Alwis, as well as another drinking buddy, Wimalasdasa de Alwis, to the Moratua tavern.
","സാമി തന്റെ സഹോദരൻ മാർട്ടിൻ അൽവിസിനെയും മറ്റൊരു മദ്യപാനിയായ വിമലാസ്ദാസ ഡി അൽവിസിനെയും മൊറാറ്റുവ ഭക്ഷണശാലയിലേക്ക് കൊണ്ടുപോകുമായിരുന്നു.
"
"Shortly after their marriage, the couple emigrated to New South Wales and settled in Lithgow, joining Cook's brother-in-law and a number of other former miners from Silverdale.
","വിവാഹത്തിന് തൊട്ടുപിന്നാലെ, ദമ്പതികൾ ന്യൂ സൌത്ത് വെയിൽസിലേക്ക് കുടിയേറി ലിത്ത്ഗോയിൽ സ്ഥിരതാമസമാക്കി, കുക്കിന്റെ സഹോദരനും സിൽവർഡെയ്ലിൽ നിന്നുള്ള നിരവധി മുൻ ഖനിത്തൊഴിലാളികളും ചേർന്നു.
"
"So far, celebrities and fans have been flocking to the Mumbai residence of Anil Kapoor, brother-in-law to the actress.
","അതേസമയം, ശ്രീദേവിയുടെ ഭതൃസഹോദരനും നടനുമായ അനിൽ കുമാറിന്റെ മുംബൈയിലെ വസതിയിലേക്ക് സെലിബ്രിറ്റികളും ആരാധകരും ഒഴുകുകയാണ്.
"
"Sridevi's brother-in-law Sanjay Kapoor confirmed the news to The Indian Express.
","ബോണി കപൂറിന്റെ സഹോദരൻ സഞ്ജയ് കപൂറാണ് ഇന്ത്യൻ എക്സ്പ്രസ്സിനോട് ശ്രീദേവിയുടെ മരണവാർത്ത സ്ഥിരീകരിച്ചത്.
"
"Sridevi's brother-in-law Sanjay Kapoor told Indian Express that she died at around 11.30 pm local time in Dubai.
","ഇന്നലെ രാത്രി 11.30 ഓടെ ദുബായിൽ വച്ചായിരുന്നു മരണമെന്ന് ശ്രീദേവിയുടെ ഭർതൃ സഹോദരൻ സഞ്ജയ് കപൂർ ഇന്ത്യൻ എക്സ്പ്രസിനോട് പറഞ്ഞു.
"
"Sunil Singh, the brother-in-law of BJP MP Arjun Singh, had switched over to the BJP a few months ago.
","ബിജെപി എംപി അർജുൻ സിങ്ങിന്റെ ബന്ധുവായ സുനിൽ സിങ് കുറച്ചുമാസങ്ങൾക്കു മുൻപാണ് ബിജെപിയിലെത്തിയത്.
"
"The ED suspected that Faisal and his brother-in-law Irfan Siddiqui were close to the Sandesara brothers.
","ഫൈസലിനും ഇർഫാൻ സിദ്ദിഖിയ്ക്കും സന്ദേസര സഹോദരങ്ങളുമായി അടുത്ത ബന്ധമുണ്ടെന്നാണ് ഇ. ഡിയുടെ കണ്ടെത്തൽ.
"
"The company was founded by Herbert Marcus, his sister, Carrie Marcus Neiman, and his brother-in-law, Al Neiman.
","കമ്പനിയായ ഹെർബർട്ട് മാർക്കസ്, അദ്ദേഹത്തിന്റെ സഹോദരി, കാരി മാർക്കസ് നിമമാൻ, അദ്ദേഹത്തിന്റെ അച്ഛൻ അൽ നമീമാൻ എന്നിവരാണ് സ്ഥാപിച്ചത്.
"
"The family was returning from a function in the woman's brother-in-law's car when they stopped near the Business Park Tower in Sector 56.
","വിവാഹ ചടങ്ങിൽ പങ്കെടുത്ത ശേഷം ഭതൃ സഹോദരന്റെ കാറിൽ മടങ്ങുകയായിരുന്ന കുടുംബം സെക്ടർ 56 ലെ ബിസിനസ് പാർക്ക് ടവറിന് സമീപം വച്ച് വാഹനം നിർത്തി.
"
"The film begins on the night of August 3, 2013, with Jose, a convict, on the run from the police for killing his brother-in-law.
","2013 ഓഗസ്റ്റ് 3 ന് രാത്രിയിൽ, ജോസ് എന്ന കുറ്റവാളിയുമായി തന്റെ സഹോദരനെ കൊന്ന കുറ്റത്തിന് പോലീസിൽ നിന്ന് ഒളിച്ചോടുന്നതായാണ് ചിത്രം ആരംഭിക്കുന്നത്.
"
"The movie marks the first time Salman Khan will be sharing screen space with his brother-in-law Aayush Sharma, who is married to Arpita Khan.
","സഹോദരി അർപിത ഖാൻ ശർമയുടെ ഭർത്താവ് ആയുഷ് ശർമയുമായി സൽമാൻ ഖാൻ ആദ്യമായി സ്ക്രീൻ പങ്കിടുന്നതായി ചിത്രത്തിൽ കാണാം.
"
"The police have arrested eight persons affiliated with the RSS, including Faisal's brother-in-law Vinodh in connection with the murder.
","ഫൈസലിന്റെ സഹോദരീ ഭർത്താവായ വിനോദ് ഉൾപ്പെടെയുള്ള എട്ട് ആർഎസ്എസ് പ്രവർത്തകരെയാണ് കൊലപാതകവുമായി ബന്ധപ്പെട്ട് പോലീസ് അറസ്റ്റ് ചെയ്തിട്ടുള്ളത്
"
"The protagonist is looking for his brother-in-law, Bulbul, through years of marriage.
","ശൈശവ വിവാഹത്തിലൂടെ തൻറെ സഹോദരൻറെ ഭാര്യയായ ബുൾബുൾ എന്ന പെൺകുട്ടിയെ വർഷങ്ങളുടെ ഇടവേളയ്ക്കു ശേഷം അന്വേഷിച്ചുപോവുകയാണ് നായക കഥാപാത്രം.
"
"This allowed him to identify the use of nicotine as a poison in the Bocarmé murder case, providing the evidence needed to convict the Belgian Count Hippolyte Visart de Bocarmé of killing his brother-in-law.
","ബൊകാർമ കൊലപാതകക്കേസിൽ നിക്കോട്ടിൻ ഒരു വിഷമായി തിരിച്ചറിയുന്നതിന് ഇത് അദ്ദേഹത്തെ അനുവദിക്കുകയും ബെൽജിയൻ കൌണ്ട് ഹിപ്പോലൈറ്റ് വിസാർട്ട് ഡി ബോകാർമിനെ സഹോദരനെ കൊന്ന കുറ്റത്തിന് ശിക്ഷ നൽകാൻ ആവശ്യമായ തെളിവുകൾ ഇത് നൽകുകയും ചെയ്തു.
"
"This allowed him to identify the use of nicotine as a poison in the famous Bocarmé murder case, providing the evidence needed to convict the Belgian Count Hippolyte Visart de Bocarmé of killing his brother-in-law.
","ബൊകാർമ കൊലപാതകക്കേസിൽ നിക്കോട്ടിൻ ഒരു വിഷമായി തിരിച്ചറിയുന്നതിന് ഇത് അദ്ദേഹത്തെ അനുവദിക്കുകയും ബെൽജിയൻ കൌണ്ട് ഹിപ്പോലൈറ്റ് വിസാർട്ട് ഡി ബോകാർമിനെ സഹോദരനെ കൊന്ന കുറ്റത്തിന് ശിക്ഷ നൽകാൻ ആവശ്യമായ തെളിവുകൾ ഇത് നൽകുകയും ചെയ്തു.
"
"What is your brother-in-law's name, then can I call him?
","നിങ്ങളുടെ അളിയന്റെ പേര് എന്താണ്, പിന്നെ എനിക്ക് അവനെ വിളിക്കാൻ കഴിയുമോ?
"
"When he appeared at the Mathur home, he introduced himself as Ram Chaubey, the brother-in-law of Kedar.
","മാത്തൂർ ഭവനിൽ എത്തിയപ്പോൾ കേദറിന്റെ ഭർതൃസഹോദരനായ രാം ചൌബിയെ സ്വയം പരിചയപ്പെടുത്തി.
"
"Wife along with brother-in-law murdered husband, police arrested
","കാമുകനൊപ്പം ചേർന്ന് ഭർത്താവിനെ കൊല്ലാൻ ക്വട്ടേഷൻ; പൊലീസുകാരിയായ ഭാര്യ അറസ്റ്റിൽ
"
"Your sister and brother-in-law have been looking for you.
",". നിന്റെ ചേട്ടായിയും ചേച്ചിയും എന്നും അന്വേഷിക്കാറുണ്ട് നിന്നെ.
"
"● PM Modi said that freedom, equality and brother-in-law are not the only values of France but it also includes the constitution of India.
","സ്വാതന്ത്ര്യം, സമത്വം, സാഹോദര്യം എന്നിവ ഫ്രാൻസിന്റെ മാത്രമല്ല ഇന്ത്യൻ ഭരണഘടനയുടേയും അടിസ്ഥാന തത്ത്വങ്ങളാണ്, മോദി പറഞ്ഞു.
"
"Best wishes on your birthday, brother-in-law!
","പ്രിയ സഹോദരീ സഹോദരങ്ങളെ, ശുഭദിനാശംസകൾ!
"
"The camp was run by Maulana Yousuf Azhar, the brother-in-law of JeM chief Masood Azhar .
","മസൂദ് അസ്ഹറിന്റെ മരുമകനായ മൗലാന യൂസഫ് അസ്ഹറാണ് ഈ ക്യാമ്പ് പ്രവര്‍ത്തിപ്പിച്ചിരുന്നത്.
"
"Aayush, who is Salman Khan’s brother-in-law and Arpita Khan’s husband.Aayush Sharma and actress Warina Hussain are set to make their debut with ‘Loveratri’.
","ബോളിവുഡ് താരം ആയുഷ്മാൻ ഖുറാനയുടെ സഹോദരനും നടനുമായ അപർശക്തി ഖുറാനയും ഭാര്യ ആകൃതി അഹൂജയും തങ്ങളുടെ ആദ്യകൺമണിയെ വരവേൽക്കാനുള്ള ഒരുക്കത്തിലാണ്.
"
"Harikrishna was the brother-in-law of Andhra Pradesh Chief Minister Chandrababu Naidu.
","ആന്ധ്ര പ്രദേശ് മുഖ്യമന്ത്രി ചന്ദ്രബാബു നായിഡുവിന്റെ ഭാര്യാ സഹോദരനാണ് ഹരികൃഷ്ണ.
"
"Aamir, Alam’s brother-in-law, perceives Alam’s arrest as a casualty of the current political and religious climate in Uttar Pradesh.
","ആലമിന്റെ അറസ്റ്റിനെ ഉത്തര്‍പ്രദേശിലെ നിലവിലെ രാഷ്ട്രീയ, മതപരമായ മാറ്റത്തിന്റെ അപകടമാണെന്ന് ആലമിന്റെ സഹോദരന്‍ ആമിര്‍ പറഞ്ഞു.
"
"Superstar Salman Khan will be reportedly doing a cameo role in a film made by his brother-in-law Atul Agnihotri.
","സല്‍മാന്‍റെ സഹോദരീ ഭര്‍ത്താവ് അതുല്‍ അഗ്നിഹോത്രി നിര്‍മിക്കുന്ന ചിത്രത്തില്‍ കത്രീന അഭിനയിക്കണമെന്ന് ആഗ്രഹമുണ്ടെന്ന് സല്‍മാന്‍ പറഞ്ഞു.
"
"Aayush Sharma plays the antagonist in the upcoming flick Antim which also features his brother-in-law Salman Khan in the lead role.
","ആന്റിം എന്ന സല്‍മാന്‍ ഖാന്റെ ഏറ്റവും പുതിയ ചിത്രത്തില്‍ വില്ലന്‍ വേഷത്തില്‍ എത്തിയതും ആയുഷ് ശര്‍മയാണ്.
"
"Harikrishna was the son of former Andhra Pradesh Chief Minister and founder of Telugu Desam Party NT Rama Rao and brother-in-law of Chandrababu Naidu.
","തെലുങ്ക് ദേശം പാർട്ടി സ്ഥാപകനും ആന്ധ്രാ മുൻ മുഖ്യമന്ത്രിയുമായ എൻ ടി രാമറാവുവിന്റെ മൂത്ത് മരുമകനാണ് വെങ്കടേശ്വര റാവു.
"
"Aditya Alva is the son of former minister Jeevraj Alva and brother-in-law of Bollywood actor Vivek Oberoi.
","ദൾ നേതാവും മുൻ മന്ത്രിയുമായ ജീവരാജ് ആൽവയുടെ മകനും ബോളിവുഡ് നടൻ വിവേക് ഒബ്രോയിയുടെ ഭാര്യാ സഹോദരനുമായ ആദിത്യ ആൽവയുടെ വീട്ടിൽ സി. സി. ബി പരിശോധന നടത്തിയിരുന്നു.
"
"Young man to die for killing brother-in-law
","ഭാര്യമാതാവിനെ കൊലപ്പെടുത്തി യുവാവ് ജീവനൊടുക്കി
"
"Apart from these movies, there were certain other films in which Mammootty and Mohanlal have appeared as brother-in-laws.
","അതില്‍ തന്നെ മമ്മൂട്ടിയും മോഹന്‍ലാലും സഹോദരങ്ങളായി അഭിനയിച്ച ഒരു ചിത്രവുമുണ്ട്.
"
"The police have arrested the two boys and the father and brother-in-law.
","പോലീസ് കീഴ്പ്പെടുത്തിയ പിതാവിനേയും മക്കളായ രണ്ടു സൈനികരേയും പോലീസ് കസ്റ്റഡിയിലെടുത്തു.
"
"This troop was headed by Maulana Yousaf Azhar, the brother-in-law of Masood Azhar (chief Jaish-e-Mohammad).
","ജെയ്‌ഷെ മുഹമ്മദിന്റെ തലവന്‍ മസൂദ് അസ്ഹറിന്റെ അടുത്ത ബന്ധു മൗലാന യൂസഫ് അസ്ഹറാണ് ആക്രമണം നടത്തിയ ക്യാംപിന് നേതൃത്വം നല്‍കിയിരുന്നത്.
"
"He was accompanied by UPA chairperson and mother Sonia Gandhi, sister Priyanka Gandhi Vadra and brother-in-law Robert Vadra.
","പ്രിയങ്കയ്ക്ക് പുറമെ അമ്മയും യുപിഎ അധ്യക്ഷനുമായ സോണിയ ഗാന്ധിയും പ്രിയങ്കയുടെ ഭര്‍ത്താവ് റോബര്‍ട്ട് വദ്ര എന്നിവരും രാഹുലിനൊപ്പമുണ്ടായിരുന്നു.
"
"The camp was led by Maulana Yusuf Azhar alias Ustad Ghauri, the brother-in-law of JeM chief Masood Azhar,” said Gokhale.
","മസൂദ് അസ്ഹ റിന്‍റെ ബന്ധു മൗലാന യൂസുഫ് അസറിന്‍റെ നേതൃത്വത്തിലാണ് ക്യാമ്പ് പ്രവർത്തിക്കു ന്നതെന്നും ഗോഖലേ കൂട്ടിച്ചേർത്തു.
"
"Accompanied by brother-in-law Bhagwan Singh, uncle Gajendra Singh and Amit, Dharmvati reached the bank.
","ഭര്‍തൃസഹോദരന്‍ ഭഗ് വന്‍ സിംഗ്, അമ്മാവന്‍ ഗനേന്ദ്ര സിംഗ്, അമിത് എന്നിവര്‍ക്കൊപ്പമാണ് ധര്‍മ്മവതി പണം പിന്‍ വലിക്കാന്‍ എത്തിയത്.
"
"Actor Priyanka Chopra , who is on a vacation with Nick Jonas in Italy, took some time off to congratulate her sister-in-law Sophie Turner and brother-in-law Joe Jonas on their wedding.
","ഇറ്റലിയില്‍ അവധിയാഘോഷത്തിലാണ് നടി പ്രിയങ്കാ ചോപ്രയും ഭര്‍ത്താവ് നിക് ജോനാസും.
"
"Chennai: Woman kills brother-in-law for trying to sexually assault her
","ചെന്നൈ: ഇഷ്ടപ്പെട്ടയാളെ വിവാഹം കഴിച്ച മകളെ കഴുത്ത് മുറിച്ച്‌ കൊലപ്പെടുത്താന്‍ ശ്രമം.
"
"The training camp was led by Maulana Yusuf Azhar alias Ustad Ghauri, who is Jaish chief Masood Azhar's brother-in-law.
","ജെയ്ഷെ തലവൻ മൗലാന മസൂദ് അസറിന്റെ ഭാര്യാ സഹോദരൻ ഉസ്താദ് ഘൗരി എന്ന് അറിയപ്പെടുന്ന മൗലാന യൂസുഫ് അസ്ഹറാണ് ഈ പരിശീലന ക്യാമ്പുകൾക്ക് നേതൃത്വം കൊടുക്കുന്നത്.
"
"Alva is the brother-in-law of Bollywood actor Vivek Oberoi.
","ബോളിവുഡ് നടൻ വിവേക് ഒബ്റോയിയുടെ ബന്ധുവാണ് ആദിത്യ ആൽവ.
"
"The information was confirmed by Sanjay Kapoor, her brother-in-law.
","മരണവിവരം ബോണി കപൂറിന്റെ സഹോദരന്‍ സഞ്ജയ് കപൂര്‍ സ്ഥിരീകരിച്ചു.
"
"Sharma is the brother-in-law of actor Salman Khan.
","നടൻ സൽമാൻ ഖാന്റെ സഹോദരന്മാരാണ് ഇരുവരും.
"
"Aditya is also the brother-in-law of Bollywood actor Vivek Oberoi.
","ബോളിവുഡ് നടന്‍ വിവേക് ഒബ്‌റോയിയുടെ അടുത്ത ബന്ധു കൂടിയാണ് ആദിത്യ ആല്‍വ.
"
"Aditya Alva is the son of former Karnataka minister Jeevraj Alva and brother-in-law of Bollywood actor Vivek Oberoi.
","ബോളിവുഡ് നടൻ വിവേക് ഒബ്‌റോയിയുടെ ഭാര്യാ സഹോദരനും കർണാടക മുന്മന്ത്രി ജീവരാജ് ആൽവയുടെ മകനുമാണ് ആദിത്യ ആൽവ.
"
"Kenrin is owned by the brother-in-law of Raj Kundra, he said.
","രാജ് കുന്ദ്രയുടെ അളിയന്റെ ഉടമസ്ഥതയിലുള്ളതാണ് കെൻ‌റിൻ.
"
"The Central Crime Branch of the Bengaluru Police raided actor Vivek Oberoi’s house in Mumbai to look for his brother-in-law who is allegedly involved in a drugs case, reported PTI.
","ഏറെ വിവാദമായ ബെംഗളൂരു മയക്കുമരുന്നു കേസിന്‍റെ അന്വേഷണവുമായി ബന്ധപ്പെട്ട് ബോളിവുഡ് താരം വിവേക് ഒബ്റോയിയുടെ മുംബൈയിലെ വീട്ടിൽ പോലീസ് റെയ്ഡ് നടത്തി.
"
"Police said the accused was the cousin of the woman’s brother-in-law.
","യുവതിയുടെ ഭര്‍തൃ പിതാവിന്‍റെ സഹോദര പുത്രനാണു പ്രതിയെന്ന് പൊലീസ് പറഞ്ഞു.
"
"The culprit Rajesh is the brother-in-law of the victim’s mother.
","കൊല്ലപ്പെട്ട ബാലികയുടെ മാതൃസഹോദരിയുടെ ഭര്‍ത്താവാണു രാജേഷ്.
"
"The family was returning from a function in the woman's brother-in-law's car when they stopped near the Business Park Tower in Sector 56.
","വിവാഹ ചടങ്ങില്‍ പങ്കെടുത്ത ശേഷം ഭതൃ സഹോദരന്റെ കാറില്‍ മടങ്ങുകയായിരുന്ന കുടുംബം സെക്ടര്‍ 56 ലെ ബിസിനസ് പാര്‍ക്ക് ടവറിന് സമീപം വച്ച് വാഹനം നിര്‍ത്തി.
"
"He alleged that his ex-wife had an affair with his former brother-in-law.
","ഭാര്യ മുന്‍ കാമുകനുമായി ബന്ധം തുടരുന്നുണ്ടെന്ന് ആരോപിച്ചാണ് വിവാഹമോചനം നേടിയത്.
"
"The police recorded statements of persons including Mani's brother-in-law and actor Jafar Idukki.
","മണിയുടെ ഭാര്യാസഹോദരന്‍ അടക്കമുള്ള ബന്ധുക്കളുടെയും നടന്‍ ജാഫര്‍ ഇടുക്കി അടക്കമുള്ള സഹപ്രവര്‍ത്തകരുടെയും മൊഴിയാണ് പോലീസ് രേഖപ്പെടുത്തിയിട്ടുള്ളത്.
"
"Rahul Gandhi was accompanied by mother Sonia Gandhi, sister Priyanka Gandhi Vadra and brother-in-law Robert Vadra to the collectorate to file his nomination papers.
","കോണ്‍ഗ്രസ് അധ്യക്ഷ സോണിയാ ഗാന്ധി, സഹോദരി പ്രിയങ്ക, പ്രിയങ്കയുടെ ഭര്‍ത്താവ് റോബര്‍ട്ട് വാദ്ര എനിവരോടൊപ്പമാണ് രാഹുല്‍ പത്രിക സമര്‍പ്പിക്കാനത്തെിയത്.
"
"Rahul Gandhi was accompanied by mother Sonia Gandhi, sister Priyanka Gandhi Vadra and brother-in-law Robert Vadra to the collectorate to file his nomination papers.
","അമ്മ സോണിയ ഗാന്ധി, സഹോദരി പ്രിയങ്ക ഗാന്ധി, സഹോദരി ഭര്‍ത്താവ് റോബര്‍ട്ട് വാദ്ര എന്നിവര്‍ക്കൊപ്പമെത്തിയാണ് രാഹുല്‍ പത്രിക സമര്‍പ്പിച്ചത്.
"
"Delhi Chief Minister Arvind Kejriwal's brother-in-law is being investigated in corruption case (File)
","പിഡബ്ല്യൂഡി അഴിമതി കേസില്‍ ഡല്‍ഹി മുഖ്യമന്ത്രി അരവിന്ദ് കെജ്രിവാളിന്റെ ബന്ധു അറസ്റ്റില്‍
"
"The pleas were moved by Anupama’s father PS Jayachandran, mother Smitha, sister Anju, brother-in-law Arun and two CPI(M) functionaries who are connected to Jayachandran.
","പരാതിക്കാരിയായ അനുപമയുടെ അച്ഛനും സിപിഎം നേതാവുമായ ജയചന്ദ്രൻ, അമ്മ,സഹോദരി, സഹോദരീ ഭർത്താവ്, ജയചന്ദ്രന്റെ രണ്ട് സുഹൃത്തുക്കൾ എന്നിവർക്കെതിരെയാണ് കേസെടുത്തത്.
"
"Woman allegedly raped for dowry, husband and brother-in-law arrested
","സ്ത്രീധനത്തിന്റെ പേരില്‍ ഗര്‍ഭിണിയെ ക്രൂരമായി മർദ്ദിച്ച സംഭവം;ഭര്‍ത്താവ് ജവഹറുംസുഹൃത്തും അറസ്റ്റില്‍
"
"Mumbai: Man shoots at sister, brother-in-law; commits suicide
","മുംബൈ: സഹോദരി ആത്മഹത്യ ചെയ്തതില്‍ മനംനൊന്ത് യുവാവ് സഹോദരീ ഭര്‍ത്താവിനെ കുത്തിക്കൊന്നു.
"
"Kiran's sister, brother-in-law and close relatives will be interrogated in Kiran's presence.
","കിരണിന്റെ സാന്നിധ്യത്തില്‍ സഹോദരിയെയും സഹോദരീ ഭര്‍ത്താവിനെയും അടുത്ത ബന്ധുക്കളെയും ചോദ്യംചെയ്യും.
"
"The accused brother-in-law is absconding.
","പ്രതിയായ സഹോദരീ ഭര്‍ത്താവ്‌ ഒളിവില്‍.
"
"As Rahul Gandhi geared up to file his nominations for a tough contest in Amethi, he was accompanied by his mother Sonia Gandhi, sister Priyanka Gandhi Vadra and brother-in-law Robert Vadra.
","അമേഠിയില്‍ രാഹുല്‍ ഗാന്ധി നാമനിര്‍ദേശ പത്രിക സമര്‍പ്പിക്കാനെത്തിയപ്പോള്‍ പ്രിയങ്കയും സോണിയാ ഗാന്ധിയും റോബര്‍ട്ട് വദ്രയുമെല്ലാം കൂടെയുണ്ടായിരുന്നു.
"
"Rahul Gandhi was accompanied by mother Sonia Gandhi, sister Priyanka Gandhi Vadra and brother-in-law Robert Vadra to the collectorate to file his nomination papers.
","മക്കളായ രാഹുല്‍ ഗാന്ധി, പ്രിയങ്ക വധേര ,മരുമകന്‍ റോബര്‍ട്ട് വധേര എന്നിവരോടൊപ്പമെത്തിയാണ് സോണിയ പത്രിക സമര്‍പ്പിച്ച്ത്.
"
"Drugs case: Bengaluru police raids Vivek Oberoi’s residence in search of his brother-in-law
","മയക്കുമരുന്ന് കേസ്: വിവേക് ഒബ്റോയിയുടെ വസതിയില്‍ പോലീസ് റെയ്​ഡ്​
"
"His sister, brother-in-law and mother were in the house at that time.
","ഈ സമയത്ത്‌ സഹോദരിയും മാതാവും വീട്ടില്‍ ഉണ്ടായിരുന്നു.
"
"The training camp was led by Maulana Yusuf Azhar alias Ustad Ghauri, who is Jaish chief Masood Azhar's brother-in-law.
","ജെയ്ഷെ തലവന്‍ മൗലാന മസൂദ് അസറിന്റെ ഭാര്യാ സഹോദരന്‍ ഉസ്താദ് ഘൗരി എന്ന പേരിലറിയപ്പെടുന്ന മൗലാന യൂസുഫ് അസ്ഹറാണ് ഈ പരിശീലന ക്യാമ്പുകള്‍ക്ക് നേതൃത്വം കൊടുത്തിരുന്നത്.
"
"Aayush Sharma is married to Arpita Khan Sharma and is the brother-in-law of Sohail Khan.
","സല്‍മാന്‍ ഖാന്റെ സഹോദരി അര്‍പിത ഖാന്റെ ഭര്‍ത്താവാണ് ആയുഷ് ശര്‍മ.
"
"Aditya Alva is the son of former Karnataka minister Jeevraj Alva and brother-in-law of Bollywood actor Vivek Oberoi.
","ബോളിവുഡ് നടന്‍ വിവേക് ഒബ്റോയിയുടെ ഭാര്യാ സഹോദരനും കര്‍ണാടക മുന്മന്ത്രി ജീവരാജ് ആല്‍വയുടെ മകനുമാണ് ആദിത്യ ആല്‍വ.
"
"Singh is the brother-in-law of BJP's Barrackpore MP Arjun Singh.
","ബാരക്‌പുറിലെ ബിജെപി എംപി അർജുൻ സിങിന്റെ അനന്തരവനാണ് ഇദ്ദേഹം.
"
"Actress Shamita Shetty attended the party with her brother-in-law Raj Kundra.
","നടി ശില്‍പ ഷെട്ടയും ഭര്‍ത്താന് രാജ് കുന്ദ്രയും അടക്കം ആഘോഷങ്ങളില്‍ പങ്കെടുത്തു.
"
"The initial portion of his education was under his brother-in-law Lakshminarasimhacharya of Madurai.
","മധുരയിലെ ലക്ഷ്മീ നരസിംഹാചാര്യരുടെ കീഴിലായിരുന്നു പ്രാഥമിക വിദ്യാഭ്യാസം.
"
"Following the uproar, the police registered cases against six people, including Anupama's parents, sister and brother-in-law.
","അനുപമയുടെ പരാതിയെത്തുടര്‍ന്ന് മാതാപിതാക്കള്‍ ഉള്‍പ്പെടെ ആറു പേര്‍ക്കെതിരെ പൊലീസ് കേസെടുത്തിരുന്നു.
"
"Aayush Sharma is Salman Khan ’s brother-in-law.
","സൂപ്പര്‍ താരം സൽമാൻ ഖാന്‍റെ സഹോദരനാണ് അര്‍ബാസ് ഖാൻ.
"
"Ahmed has denied the charges against his son and brother-in-law, saying it was a ""political conspiracy"" against him and they have been falsely implicated.
","മകനും ഭാര്യാസഹോദരനുമെതിരെ ചുമത്തിയ കുറ്റങ്ങള്‍ ജമീല്‍ അഹ്മദ് നിഷേധിക്കുകയും രാഷ്ട്രീയ ഗൂഢാലോചനയുടെ ഭാഗമായി കേസില്‍ കുടുക്കിയതാണെന്ന് ആരോപിക്കുകയും ചെയ്തു.
"
"An FIR has been lodged against Ayush and his brother-in-law (wife’s brother) Adarsh and the latter has been arrested, Lucknow Police Commissioner D K Thakur told PTI.
","ഇതിനെ തുടർന്ന് ആയുഷിനും അങ്കിതയുടെ സഹോദരൻ ആദർശിനും എതിരെ കേസെടുത്ത് അറസ്റ്റ് ചെയ്‌തുവെന്ന് ലക്‌നൗ പോലീസ് ( Police ) കമ്മിഷണർ ഡികെ താക്കൂർ പറഞ്ഞു.
"
"Congress president Rahul Gandhi's brother-in-law and Priyanka's husband Robert Vadra also condemned the incident.
","ഇവരെ കൂടാതെ രാഹുലിന്റെ സഹോദരി പ്രിയങ്ക ഗാന്ധി,പ്രിയങ്കയുടെ ഭര്‍ത്താവ് റോബര്‍ട്ട് വാധ്ര എന്നിവരും ചടങ്ങില്‍ പങ്കെടുത്തു.
"
"Salman’s brother-in-law Ayush Sharma is doing the lead role in the movie.
","സൽമാന്റെ സഹോദരീ ഭർത്താവ് ആയുഷ് ശർമ്മയാണ് ചിത്രത്തിൽ വില്ലൻ കഥാപാത്രത്തെ അവതരിപ്പിക്കുന്നത്.
"
"Mithun Kumar’s wife’s sister’s brother-in-law is Chandrakant Ramalingam.
","കാർത്യായനിയമ്മയുടെ സഹോദരിപുത്രിയുടെ ഭർത്താവാണ് രാമചന്ദ്രൻ.
"
"According to the Ahmedabad rural police, Josna Patel had an illicit relationship with her brother-in-law Ramesh Patel.
","അഹമ്മദാബാദ് റൂറല്‍ പൊലീസ് നല്‍കുന്ന റിപ്പോര്‍ട്ട് അനുസരിച്ച്‌ ജോസ്ന പട്ടേലിന് ഭര്‍തൃസഹോദരനായ രമേഷ് പട്ടേലുമായി അവിഹിത ബന്ധം ഉണ്ടായിരുന്നു.
"
"Aditya is also the brother-in-law of Bollywood actor Vivek Oberoi.
","ബോളിവുഡ് നടൻ വിവേക് ഒബ്റോയിയുടെ അടുത്ത ബന്ധു കൂടിയാണ് ആദിത്യ ആൽവ.
"
"He is the brother-in-law of Jaish-e-Mohammed supremo Masood Azhar.
","ജെയ്ഷെ തലവൻ മസൂദ് അസറിന്റെ ബന്ധുവാണ് ഇയാൾ.
"
"The Narpoli police of Bhiwandi in the Thane district of Maharashtra have arrested four persons, including the brother-in-law and two minor boys, for allegedly gangraping a 25-year-old woman in the city.
","ഭിവണ്ടി• 25 കാരിയെ കൂട്ടബലാത്സംഗം ചെയ്ത കേസിൽ ഭര്‍തൃ സഹോദരനും രണ്ട് പ്രായപൂര്‍ത്തിയാകാത്ത ആണ്‍കുട്ടികളും ഉള്‍പ്പടെ നാലുപേരെ മഹാരാഷ്ട്രയിലെ താനെ ജില്ലയിലെ ഭിവണ്ടിയിലെ നാർപോളി പോലീസ് അറസ്റ്റ് ചെയ്തു.
"
"Aayush Sharma is the brother-in-law of actor Salman Khan.
","സല്‍മാന്‍ ഖാന്റെ സഹോദരീ ഭര്‍ത്താവ് ആയുഷ് ശര്‍മ്മയാണ് വില്ലന്‍ വേഷത്തിലെത്തുന്നത്.
"
"Husband and brother-in-law suspended
","മരുമകളും ഭർത്താവും അറസ്റ്റിൽ
"
"Arun is Bhama's brother-in-law's classmate.
","ഭാമയുടെ സഹോദരിയുടെ ഭര്‍ത്താവിന്‍റെ സഹപാഠിയാണ് അരുണ്‍.
"
"Mumbai: Woman killed by brother-in-law after fight over water
","മുംബൈ: കുടിവെള്ളം ശേഖരിക്കുന്നതിനെച്ചൊല്ലിയുള്ള തര്‍ക്കത്തെ തുടര്‍ന്ന് യുവതിയെ ഭര്‍തൃസഹോദരന്‍ വെട്ടിക്കൊലപ്പെടുത്തി.
"
"An altercation between his wife and his brother-in-law broke out which eventually led to his murder.
","ഭാര്യയും ഭർത്താവും തമ്മിലുണ്ടായ ചെറിയ കലഹം പിന്നീട് കൈയ്യാങ്കളിയിലേക്കും ഒടുവിൽ കൊലപാതകത്തിലേക്കും നയിക്കുകയായിരുന്നു.
"
"Police said the accused was the cousin of the woman’s brother-in-law.
","പെണ്‍കുട്ടിയുടെ സഹോദരിയുടെ സഹപ്രവര്‍ത്തകനായിരുന്നു പ്രതിയെന്നും പോലീസ് പറഞ്ഞു.
"
"Natwar Singh, who is the brother-in-law of Amarinder Singh, expressed his anguish over the manner in which he was removed from the CM post.
","നട്ട്‌വർ സിങിന്റെ ഭാര്യാസഹോദരൻ കൂടിയായ അമരീന്ദർ സിങിനെ മുഖ്യമന്ത്രിസ്ഥാനത്ത് നിന്നും നീക്കിയതിലും നട്‌വർ സിങ് അസംതൃപ്‌തി പ്രകടിപ്പിച്ചു.
"
"Sharma is the brother-in-law of actor Salman Khan.
","ബോളിവുഡ് താരം സൽമാൻ ഖാന്റെ അംഗരക്ഷകനാണ് ഷേര.
"
"Aditya is also the brother-in-law of Bollywood actor Vivek Oberoi.
","ബോളിവുഡ് നടൻ വിവേക് ഒബ്രോയ്‌യുടെ ഭാര്യാ സഹോദരനാണ് ആദിത്യ.
"
"Rahul Gandhi was accompanied by mother Sonia Gandhi, sister Priyanka Gandhi Vadra and brother-in-law Robert Vadra to the collectorate to file his nomination papers.
","അമ്മ സോണിയാ ഗാന്ധി, സഹോദരി പ്രിയങ്കാ ഗാന്ധി, പ്രിയങ്കയുടെ ഭര്‍ത്താവ് റോബര്‍ട്ട് വദ്ര തുടങ്ങിയവര്‍ക്കൊപ്പമെത്തിയാണ് രാഹുല്‍ ഗാന്ധി പത്രിക സമര്‍പ്പിച്ചത്.
"
"She was staying with her sister and brother-in-law.
","സഹോദരിക്കും ഭര്‍ത്താവിനും ഒപ്പമായിരുന്നു അവള്‍ താമസിച്ചിരുന്നത്.
"
"Raju’s brother-in-law, Shivam Kumar, had filed a police complaint in the case.
","സംഭവത്തില്‍ ഉദയകുമാറിന്റെ ജ്യേഷ്ഠന്‍ രവികുമാറിനെതിരെ മല്‍പ്പെ പോലീസ് കേസെടുത്തു.
"
"Yousuf is the brother-in-law of JeM founder Masood Azhar.
","ജെയ്ഷാ തലവന്‍ മസൂദ് അസറിന്റെ ഉറ്റ ബന്ധുവാണ് യൂസഫ്.
"
"Businessman Robert Vadra, the brother-in-law of Congress chief Rahul Gandhi, has appeared before the Enforcement Directorate for questioning in a money laundering case.
","കള്ളപ്പണ കേസില്‍ പ്രിയങ്ക ഗാന്ധിയുടെ ഭര്‍ത്താവും വ്യവസായിയുമായ റോബര്‍ട്ട്​ വാദ്ര എന്‍ഫോഴ്​സ്​മ​ന്റെ ഡയറക്​ടറേറ്റിന്​ മുമ്പാകെ ചോദ്യം ചെയ്യലിന്​ ഹാജരായി.
"
"New Delhi:The Enforcement Directorate (ED) has issued summons to former ICICI Bank CEO Chanda Kochchar, her husband Deepak Kochchar and brother-in-law Rajiv Kochchar for questioning in a money-laundering case.
","ന്യൂഡല്‍ഹി: ഐസിഐസിഐ ബാങ്ക് മുന്‍ മേധാവി ചന്ദ്ര കൊച്ചാര്‍, ഭര്‍ത്താവ് ദീപക് കൊച്ചാര്‍ എന്നിവര്‍ക്കെതിരെയുള്ള പ്രാഥമിക അന്വേഷണം അവസാനിപ്പിച്ചേക്കും.
"
"He is the brother-in-law of Jaish-e-Mohammed supremo Masood Azhar.
","ജെയ്ഷേ തലവൻ മസൂദ് അസ്ഹറിന്റെ മരുമകനാണ് ഇയാൾ.
"
"The culprit Rajesh is the brother-in-law of the victim’s mother.
","യുവതിയുടെ അമ്മാവന്റെ മകളുടെ ഭര്‍ത്താവാണ് പ്രതിയായ രാജേഷ്.
"
"Sridevi's brother-in-law Anil Kapoor, niece Sonam Kapoor and step-daughter Anshula Kapoor were at the airport to receive the actor's body amid heavy security.
","ശ്രീദേവിയുടെ മൃതദേഹം ഏറ്റുവാങ്ങാനായി അനില്‍ കപൂര്‍, സോനം കപൂര്‍ തുടങ്ങിയവരും ബോണി കപൂറിന്റെ ആദ്യവിവാഹത്തിലെ മകളുമടക്കം കപൂര്‍ കുടുംബത്തിലെ പ്രധാനികളെല്ലാം വിമാനത്താവളത്തിലെത്തിയിരുന്നു.
"
"Nawab Malik further alleged that Rishab Sachdeva is the brother-in-law of BJP leader Mohit Kamboj.
","ഇതില്‍ റിഷഭ് സച്ച്‌ദേവ മോഹിത് കംബോജിന്റെ ബന്ധുവാണെന്നും നവാബ് മാലിക്ക് ആരോപിച്ചു.
"
"Balakrishna is the son of legendary actor and former CM N T Rama Rao and brother-in-law of TDP supremo N Chandrababu Naidu.
","തെലുങ്കിലെ സൂപ്പര്‍താരവും ആന്ധ്രപ്രദേശ് മുന്‍ മുഖ്യമന്ത്രിയുമായ അന്തരിച്ച എന്‍. ടി. രാമറാവുവിന്റെ മകനാണ് നന്ദമൂരി ബാലകൃഷ്ണയെന്ന ബാലകൃഷ്ണ.
"
"Alva is the son of late minister Jeevaraj Alva and brother-in-law of Vivek Oberoi.
","നടന്‍ വിവേക് ഒബ്‌റോയിയുടെ ഭാര്യാസഹോദരനും കര്‍ണാടക മുന്‍ മന്ത്രി ജീവരാജ് ആല്‍വയുടെ മകനുമാണ് ആദിത്യ ആല്‍വ.
"
"A son, a brother, a husband, a father, a grandfather, an uncle, a brother-in-law, a teacher, author, mentor, confidant, colleague, advisor, comedian and friend.
","പുത്രനായും പിതാവായും സഹോദരനായും സതീര്‍ഥ്യനായും പഠിതാവായും അധ്യാപകനായും അനുയായിയായും അധികാരിയായും സുഹൃത്തായും ഇണയായും ഇടപാടുകാരനായും ആവലാതിക്കാരനായും ന്യായതീര്‍പ്പുകാരനായും മധ്യസ്ഥനായും വാദിയായും ഇരയായും ഉത്തമര്‍ണനായും അധമര്‍ണനായും പ്രക്ഷോഭകനായും സമാധാന പ്രവര്‍ത്തകനായും സേവകനായും യജമാനനായും ജീവിതത്തിന്റെ വൈവിധ്യമാര്‍ന്ന അരങ്ങുകളില്‍ ആടിത്തീര്‍ത്ത വേഷങ്ങളിലെല്ലാം മാര്‍ഗദര്‍ശിയും മാതൃകയുമായി ആ പ്രവാചകന്‍ അവതരിച്ചു കൊണ്ടിരുന്നു.
"
"“Vyawahare is the brother-in-law of Sudhir Mungantiwar, the finance minister of Maharashtra, who is practically the number two in the BJP-led state government under Devendra Fadnavis,” the report states.
","മഹാരാഷ്ട്ര ധനകാര്യമന്ത്രി സുധീര്‍ മുങ്ങാടിവാറിന്റെ ബന്ധുവാണ് ഡോ. മകരന്ദ്. ദേവേന്ദ്ര ഫട്നാവിസിന്റെ നേതൃത്വത്തില്‍ ബി ജെ പി ഭരിക്കുന്ന സംസ്ഥാനത്തെ സര്‍ക്കാറിലെ രണ്ടാമനാണ് മന്ത്രി സുധീര്‍.
"
"The judge also ordered a six-month jail term to Saeed's brother-in-law Hafiz Abdul Rehman Makki in the same case.
","കേസില്‍ ഹാഫിസ് സയ്യിദിന്റെ സഹോദരന്‍ അബ്ദുള്‍ റഹ്മാന്‍ മക്കിയെ ആറ് വര്‍ഷത്തേക്കും തടവ് ശിക്ഷ വിധിച്ചു.
"
"At the time of the incident, he brother-in-law named Rahul and his friend named Ishant were with him.
","സംഭവസമയത്ത് അദ്ദേഹത്തോടൊപ്പം സഹോദരൻ രാഹുലും ഒരു സുഹൃത്ത് ഇഷാന്തും ഉണ്ടായിരുന്നു.
"
"The picture features Karisma with sister Kareena Kapoor Khan, brother-in-law Saif Ali Khan, nephew Taimur and father Randhir Kapoor.
","ചിത്രങ്ങളില്‍ കരീനയുടെ അച്ഛന്‍ രണ്‍ധീര്‍ കപൂര്‍, അമ്മ ബബിത, സഹോദരി കരീഷ്മ, ഭര്‍ത്താവും നടനുമായ സെയ്ഫ് അലി ഖാന്‍ എന്നിവരെയും കാണാം.
"
"Rahul was accompanied by his sister Priyanka Gandhi and brother-in-law Robert Vadra.
","രാഹുലിന്റെ സഹോദരി പ്രിയങ്ക ഗാന്ധിയും ഭര്‍ത്താവ് റോബര്‍ട്ട് വാധ്‌രയും ചടങ്ങിനെത്തിയിരുന്നു.
"
"Sanjay Singh, brother-in-law of MP CM Shivraj Singh Chouhan, joins Congress
","മുഖ്യമന്ത്രി ശിവരാജ് സിങ് ചൗഹാന്റെ ഭാര്യാ സഹോദരന്‍ സഞ്ജയ് സിങ് മസാനി ബി. ജെ. പി വിട്ട് കോണ്‍ഗ്രസില്‍ ചേര്‍ന്നു.
"
"Arvind Kejriwal, brother-in-law accused of corruption; Delhi Police launch probe
","അരവിന്ദ് കേജ്‌രിവാളിനെതിരായ ആരോപണം; ഡല്‍ഹി പോലീസ് അന്വേഷിക്കും
"
"Andhra Pradesh chief minister Chandra Babu Naidu is his brother-in-law.
","ആന്ധ്ര മുഖ്യമന്ത്രി ചന്ദ്രബാബു നായിഡു സഹോദരീ ഭര്‍ത്താവാണ്.
"
"On the way, he called his brother-in-law, who took him back home on a motorcycle.
","വഴിമധ്യേ സഹോദരീഭര്‍ത്താവിനെ വിളിച്ച് മോട്ടോര്‍ സൈക്കിളുമായി എത്താന്‍ ആവശ്യപ്പെട്ട് വീട്ടിലെത്തുകയായിരുന്നു.
"
"'Antim', which also stars Salman's brother-in-law Aayush Sharma, is directed by Mahesh Manjrekar, produced by Salma Khan and is presented by Salman Khan Films.
","മഹേഷ് മഞ്ജരേക്കർ സംവിധാനം ചെയ്യുന്ന ഈ സിനിമയിൽ സൽമാന്റെ ഭാര്യാ സഹോദരൻ ആയുഷ് ശർമ്മയും അഭിനയിക്കുന്നു.
"
"Drugs case: Bengaluru police raids Vivek Oberoi’s residence in search of his brother-in-law
","മയക്കുമരുന്നു കേസ്; വിവേക് ഒബ്രോയിയുടെ വീട്ടിൽ തെരച്ചിൽ നടത്തി ബെംഗളൂരു പോലീസ്.
"
"Rashid’s wife had been staying at her brother-in-law’s residence with her 8 kids since the incident.
","വീഡിയോ വിവാദമായതു മുതൽ ഭാര്യക്കും എട്ട് 8 മക്കൾക്കുമൊപ്പം ഭാര്യ സഹോദരന്റെ വസതിയിൽ ഒളിവിൽ കഴിയുകയായിരുന്നു റഷീദ്.
"
"Young man to die for killing brother-in-law
","ഇളയച്ഛന്റെ കുത്തേറ്റു യുവാവ് മരിച്ചു
"
"An altercation between his wife and his brother-in-law broke out which eventually led to his murder.
","ഭാര്യയും ഭർത്താവും തമ്മിൽ തുടങ്ങിയ വാക്കേറ്റം കയ്യാങ്കളിയിലും തുടർന്ന് കൊലപാതകത്തിലും അവസാനിക്കുകയായിരുന്നു.
"
"He has been accompanied by mom Salma Khan, sister Alvira and brother-in-law Atul Agnihotri, also the co-producer of Bharat.
","അമ്മ സൽമ, സഹോദരിമാരായ അൽവിര അ​ഗ്നിഹോത്രി, അർപ്പിത ഖാൻ ശർമ തുടങ്ങിവരെല്ലാം താരത്തിനൊപ്പമാണ്.
"
"Drugs case: Bengaluru police raids Vivek Oberoi’s residence in search of his brother-in-law
","മയക്കുമരുന്ന് കേസ്:വിവേക് ഒബ്‌റോയിയുടെ വീട്ടില്‍ പോലീസ് പരിശോധന
"
"At the time, my husband and brother-in-law were not home.
","ഈ സമയം ഭാര്യയും ഭാര്യാമാതാവും വീട്ടിൽ ഇല്ലായിരുന്നു.
"
"The woman was raped by her brother-in-law and her husband’s brother-in-law.
","ഭര്‍ത്താവിനെയും ഭര്‍തൃ സഹോദരനെയും തോക്കിന്‍ മുനയില്‍ നിര്‍ത്തി യുവതിയെ ബലാല്‍സംഗം ചെയ്തു.
"
"Aditya is also the brother-in-law of Bollywood actor Vivek Oberoi.
","നടൻ വിവേക് ഒബ്റോയിയുടെ ബന്ധുവായ ആദിത്യ ആൽവയും പ്രതിപട്ടികയിലുണ്ട്.
"
"Yadav is Railways Minister Lalu Prasad Yadav's brother-in-law.
","ലാലുപ്രസാദ്‌ യാദവ്‌ റെയില്‍വേ മന്ത്രിയായി ഭരിക്കുന്ന കാലം.
"
"Young man to die for killing brother-in-law
","സഹോദരന്റെ അപകട മരണം താങ്ങാനാവാതെ യുവാവ് തൂങ്ങിമരിച്ചു
"
"Aayush Sharma is the brother-in-law of actor Salman Khan.
","നടൻ സൽമാൻ ഖാന്റെ സഹോദരനാണ് അർഖാസ് ഖാൻ
"
"Aditya Alva is the son of former Karnataka minister Jeevraj Alva and brother-in-law of Bollywood actor Vivek Oberoi.
","കര്‍ണാടക മുന്‍ മന്ത്രി ജീവരാജ് ആല്‍വയുടെ മകനായ ആദിത്യ ആല്‍വ വിവാഹം കഴിച്ചിരിക്കുന്നത് വിവേക് ഒബ്റോയിയുടെ സഹോദരിയെ ആണ്.
"
"Young man to die for killing brother-in-law
","യുവാവ് മരിച്ചത് ബന്ധുവിന്‍റെ കുത്തേറ്റ്
"
"Bharat is directed by Ali Abbas Zafar (Sultan and Tiger Zinda Hai) and it is produced by Salman's brother-in-law Atul Agnihotri.
","സല്‍മാന്റെ സുല്‍ത്താന്‍, ടൈഗര്‍ സിന്ദാ ഹെ എന്നീ ചിത്രങ്ങള്‍ ഒരുക്കിയ അലി അബ്ബാസ് സഫര്‍ തന്നെയാണ് ഭാരത് എന്ന ചിത്രവും ഒരുക്കുന്നത്.
"
"Yusuf Azhar, the brother-in-law of Jaish chief Masood Azhar, was one of the main targets of the Indian Air Force during the Balakot attack.
","ബാലാകോട്ട് ആക്രമണവേളയിൽ ഇന്ത്യ ലക്ഷ്യംവെച്ചവരിൽ പ്രധാനിയായിരുന്നു മസൂദ് അസ്‌ഹറിന്റെ സഹോദരനായ യൂസുഫ് അസ്‌ഹർ.
"
"One is the brother-in-law of a BJP leader.
","ഒരാള്‍ ബി. ജെ. പി നേതാവിന്റെ മകനാണ്.
"
"Non-bailable warrant issued against gangster Mukhtar Ansari's wife, brother-in-laws
","ഗുണ്ടാ നേതാവ് മുഖ്താർ അൻസാരിയുടെ ഭാര്യക്കെതിരെ ജാമ്യമില്ലാ വാറന്‍റ്
"
"The film features Salman's brother-in-law Aayush Sharma and Warina Hussain in the lead role.
","സൽമാന്റെ സഹോദരി ഭർത്താവായ ആയുഷ് ശർമ, പുതുമുഖ നായിക വറീന ഹുസൈൻ എന്നിവരും ഈ ചിത്രത്തിൽ അഭിനയിക്കുന്നുണ്ട്.
"
"Salman’s brother-in-law Ayush Sharma is doing the lead role in the movie.
","സല്‍മാന്‍റെ സഹോദരീ ഭര്‍ത്താവ് ആയുഷ് ശര്‍മ്മയാണ് ചിത്രത്തില്‍ വില്ലൻ കഥാപാത്രത്തെ അവതരിപ്പിച്ചിരിക്കുന്നത്.
"
"Kolkata: Prominent West Bengal politician and BJP national vice president Mukul Roy’s brother-in-law has joined the ruling Trinamool Congress in the poll-bound state.
","കൊൽക്കത്ത: ബിജെപി ദേശീയ വൈസ് പ്രസിഡന്റ് മുകുൾ റോയിയുടെ സഹോദരീഭർത്താവ് തൃണമൂൽ കോൺഗ്രസിൽ ചേർന്നു.
"
"Her sister and brother-in-law were also present there.
","ഭര്‍ത്താവും സഹോദരിയും ഒപ്പമുണ്ടായിരുന്നു.
"
"New Delhi: Arvind Kejriwal's brother-in-law is being investigated over allegations that he swindled the Delhi Government in connection with civic projects.
","ന്യൂഡല്‍ഹി: വ്യാജരേഖകള്‍ സമര്‍പ്പിച്ച് പൊതുമരാമത്ത് വകുപ്പില്‍ നിന്നും കരാര്‍ തുക തട്ടിയെടുത്തതായ ആരോപണത്തില്‍ ഡല്‍ഹി മുഖ്യമന്ത്രി അരവിന്ദ് കെജ് രിവാളിന്റെ ബന്ധുവിനെതിരേ അന്വേഷണം.
"
"Sridevi's brother-in-law and actor Sanjay Kapoor said she had no history of heart ailment.
","ശ്രീദേവിക്ക് ഹൃദയസംബന്ധമായ അസുഖങ്ങള്‍ ഉണ്ടായിരുന്നതായി അറിവില്ലെന്നാണ് ഭര്‍ത്താവിന്റെ സഹോദരനും ബോളിവുഡ് നടനുമായ സഞ്ജയ് കപൂര്‍ പറയുന്നത്.
"
"In this film, the lead role was played by Salman Khan's brother-in-law Ayush Sharma.
","സല്‍മാന്‍ ഖാന്‍റെ അളിയന്‍ ആയുഷ് ശര്‍മ്മയാണ് ഈ ചിത്രത്തില്‍ പ്രധാന കഥാപാത്രത്തെ അവതരിപ്പിക്കുന്നത്.
"
"He alleged that his ex-wife had an affair with his former brother-in-law.
","ഇതിനെ എതിര്‍ത്ത മുന്‍ ഭര്‍ത്താവ് യുവതിക്കു ബന്ധുവുമായി വിവാഹേതര ബന്ധമുണ്ടെന്ന് ആരോപിച്ചു.
"
"The arrestees have been identified as HDFC employee Kirti Shubham (28), posted at the bank’s Baner branch in Pune, his brother-in-law Valmiki Kumar (32), who is a soldier posted in Jammu, and friend Rahul Kumar (28).
","സ്വകാര്യ ബാങ്കിന്റെ പുണെയിലെ ബ്രാഞ്ചില്‍ ജോലി ചെയ്യുന്ന കീര്‍ത്തി ശുഭം (28), ഇയാളുടെ ഭാര്യാസഹോദരനും ജമ്മുവില്‍ ജോലി ചെയ്യുന്ന സൈനികനുമായ വാല്‍മീകി കുമാര്‍ (32), സുഹൃത്ത് രാഹുല്‍ കുമാര്‍ (28) എന്നിവരാണ് അറസ്റ്റിലായത്.
"
"BJP leader Mohit Kamboj, whose brother-in-law was let off by the NCB, has threatened to file a defamation suit against Malik.
","എന്‍സിപി നേതാവ് നവാബ് മാലിക്കിനെതിരെ കേസ് ഫയല്‍ ചെയ്യുമെന്ന് ബിജെപി നേതാവ് മോഹിത് കാംബോജ് വ്യക്തമാക്കി.
"
"The 36-year-old woman’s two children, husband, father-in-law, mother-in-law, brother-in-law, sister-in-law, were rushed to the district hospital after they fell ill.
","36കാരിയുടെ രണ്ട് മക്കൾ, ഭർത്താവ്, ഭർത്താവിന്‍റെ മാതാപിതാക്കൾ, സഹോദരൻ, സഹോദര ഭാര്യ എന്നിവരെയാണ് വിഷം അകത്തു ചെന്ന നിലയിൽ ആശുപത്രിയിൽ പ്രവേശിപ്പിച്ചത്. . . .
"
"Azhar’s brother-in-law Ashfaq Ahmed has also been detained.
","ഇര്‍ഷാദിന്റെ മകന്‍ അഷ്ഫാഖ് അന്‍സാരിയും പിടിയിലായി.
"
"UPA chairperson Sonia Gandhi, Congress General Secretary Priyanka Gandhi Vadra and his brother-in-law Robert Vadra accompanied Gandhi.
","കോണ്‍ഗ്രസ് അധ്യക്ഷ സോണിയാ ഗാന്ധി, രാഹുല്‍ ഗാന്ധി, പ്രിയങ്കാ ഗാന്ധി, പ്രിയങ്കയുടെ ഭര്‍ത്താവ് റോബര്‍ട്ട് വദ്ര ഉള്‍പ്പെടെയുള്ളവര്‍ വീര്‍ഭൂമിയിലെത്തി പുഷ്പാര്‍ച്ചന നടത്തി.
"
"The nurse, according to the FIR, was dragged to a room of the hospital allegedly by Hospital Superintendent Dr. Kushal Pal, his brother-in-law Pramod, hospital staff Roop Kishor and Sri Krishna Upadhyaya and raped.
","കുശാല്‍ പാല്‍, അദ്ദേഹത്തിന്റെ ഭാര്യാ സഹോദരന്‍ പ്രമോദ്, ഹോസ്പിറ്റലിലെ ജീവനക്കാരനായ രൂപ് കിഷോഷ്, ശ്രീകൃഷ്ണ ഉപാധ്യായ എന്നിവര്‍ ചേര്‍ന്ന് ബലാത്സംഗം ചെയ്യുകയായിരുന്നുവെന്ന് പെണ്‍കുട്ടി നല്‍കിയ പരാതിയില്‍ പറയുന്നു.
"
"The Narpoli police of Bhiwandi in the Thane district of Maharashtra have arrested four persons, including the brother-in-law and two minor boys, for allegedly gangraping a 25-year-old woman in the city.
","ഭിവണ്ടി• 25 കാരിയെ കൂട്ടബലാത്സംഗം ചെയ്ത കേസിൽ ഭര്‍തൃ സഹോദരനും രണ്ട് പ്രായപൂര്‍ത്തിയാകാത്ത ആണ്‍കുട്ടികളും ഉള്‍പ്പടെ നാലുപേരെ മഹാരാഷ്ട്രയിലെ താനെ ജില്ലയിലെ ഭിവണ്ടിയിലെ നാർപോളി പോലീസ് അറസ്റ്റ്…
"
"Sonali has claimed that during this quarrel, her sister and brother-in-law assaulted her and issued death threats.
","സഹോദരിയും ഭര്‍ത്താവും തന്നെ കാണാനെത്തിയിരുന്നതായും ഇതിനിടെ വഴക്കിട്ട് മര്‍ദിക്കുകയും വധ ഭീഷണി മുഴക്കുകയുമായിരുന്നെന്ന് സൊനാലി ആരോപിക്കുന്നു.
"
"Andhra Pradesh chief minister Chandra Babu Naidu is his brother-in-law.
","ആന്ധ്ര മുഖ്യമന്ത്രി ചന്ദ്രബാബു നായിഡു സഹോദരി ഭര്‍ത്താവാണ്.
"
"“Vyawahare is the brother-in-law of Sudhir Mungantiwar, the finance minister of Maharashtra, who is practically the number two in the BJP-led state government under Devendra Fadnavis,” the report states.
","മഹാരാഷ്ട്ര ധനകാര്യമന്ത്രി സുധീര്‍ മുങ്ങാടിവാറിന്റെ ബന്ധുവാണ് ഡോ. മകരന്ദ്. ദേവേന്ദ്ര ഫട്‌നാവിസിന്റെ നേതൃത്വത്തില്‍ ബിജെപി ഭരിക്കുന്ന സംസ്ഥാനത്തെ സര്‍ക്കാരിലെ രണ്ടാമനാമ് മന്ത്രി സുധീര്‍.
"
"Actress Parineeti Chopra shared a picture with sister Priyanka Chopra and brother-in-law Nick Jonas.
","ഭർത്താവ് നിക്ക് ജോനസിനൊപ്പം പ്രണയാർദ്ര ചിത്രം പോസ്റ്റ് ചെയ്ത് നടി പ്രിയങ്ക ചോപ്ര.
"
"Priyanka Gandhi is his younger sister and Robert Vadra is his brother-in-law.
","പ്രിയങ്കാ ഗാന്ധി ഇളയ സഹോദരിയും റോബർട്ട് വാധ്ര സഹോദരി ഭർത്താവുമാണ്.
"
"He confirmed that Turkey had also captured Baghdadi’s sister and brother-in-law.
","ബാഗ്‌ദാദിയുടെ സഹോദരിയേയും സഹോദരനെയും തുർക്കി പിടികൂടിയതായും അദ്ദേഹം പറഞ്ഞു.
"
"Nawab Malik further alleged that Rishab Sachdeva is the brother-in-law of BJP leader Mohit Kamboj.
","ബി. ജെ. പി നേതാവ് മോഹിത് കംബോജിന്റെ ഭാര്യ സഹോദരൻ റിഷഭ് സച്ച്‌ദേവാണെന്നും മാലിക് പറഞ്ഞു.
"
"Though Dileep’s brother-in-law Sooraj accompanied them, he did not enter the jail premises.
","ദിലീപിന്റെ സഹോദരി ഭര്‍ത്താവ് ശരതും ഇവര്‍ക്കൊപ്പം എത്തിയെങ്കിലും ജയിലിനുള്ളിലേക്ക് കടന്നില്ല.
"
"She loves her husband, brother-in-law and her kids.
","തന്റെ ഭര്‍ത്താവിനോടും കുട്ടികളോടും കുടുംബത്തോടുമുള്ള സ്നേഹം.
"
"Alva is the brother-in-law of Bollywood actor Vivek Oberoi and son of late Jeevaraj Alva, a former Karnataka minister.
","ബോളിവുഡ് നടൻ വിവേക് ഒബ്‌റോയിയുടെ ഭാര്യാ സഹോദരനും കർണാടക മുന്മന്ത്രി ജീവരാജ് ആൽവയുടെ മകനുമാണ് ആദിത്യ ആൽവ.
"
"Aditya is also the brother-in-law of Bollywood actor Vivek Oberoi.
","ബോളിവുഡ് നടൻ വിവേക് ഒബ്റോയിയുടെ അടുത്ത ബന്ധുകൂടിയാണ് ആദിത്യ ആൽവ.
"
"Aayush Sharma is the brother-in-law of actor Salman Khan.
","അനിലിന്റെ മകന്‍ ആയുഷ് ശര്‍മ്മ പ്രമുഖ നടന്‍ സല്‍മാന്‍ ഖാന്റെ അളിയനാണ്.
"
"The culprit Rajesh is the brother-in-law of the victim’s mother.
","കുട്ടിയുടെ അമ്മയുടെ സഹോദരീഭര്‍ത്താവ് രാജേഷ് ആണ് പ്രതി.
"
"Two men have been arrested for allegedly murdering their brother-in-law
","സഹോദരങ്ങളെ വെട്ടിപ്പരുക്കേല്‍പ്പിച്ച സംഭവത്തില്‍ രണ്ടുപേര്‍ അറസ്റ്റില്‍
"
"Akshay Kumar attended with wife Twinkle Khanna and brother-in-law Karan Kapadia.
","അക്ഷയ് കുമാറിനൊപ്പം ഭാര്യ ട്വിങ്ക്വിൾ ഖന്നയും ഭാര്യ മാതാവും നടിയുമായ ഡിംപിൾ കപാഡിയയും എത്തിയിരുന്നു.
"
"Sridevi's family including her husband Boney Kapoor, children Janhvi and Khushi and brother-in-law Anil Kapoor attended the puja.
","ഭര്‍ത്താവ് ബോണി കപൂറിന്റെ സഹോദരന്‍ അനില്‍ കപൂര്‍, ശ്രീദേവിയുടെ മക്കളായ ജാന്‍വി, ഖുശി എന്നിവരെത്തിയാണ് മൃതദേഹം ഏറ്റു വാങ്ങിയത്.
"
"Kiran's sister, brother-in-law and close relatives will be interrogated in Kiran's presence.
","കിരണിന്റെ സാന്നിധ്യത്തില്‍ സഹോദരിയെയും സഹോദരീഭര്‍ത്താവിനെയും അടുത്ത ബന്ധുക്കളെയും ചോദ്യംചെയ്യും.
"
"The other two individuals mentioned in the chargesheet have been identified as Yash Thakur alias Arvind Shrivastava, who reportedly resides in Singapore, and Pradeep Bakshi, Raj Kundra's London-based brother-in-law.
","സിംഗപൂരില്‍ താമസമാക്കിയ യഷ് താക്കൂര്‍ അഥവാ അരവിന്ദ് ശ്രീവാസ്തവ, ലന്‍ഡനില്‍ താമസമാക്കിയ രാജ് കുന്ദ്രയുടെ ബന്ധു പ്രദീപ് ബക്ഷി എന്നിവരുടെ പേരുകളും കുറ്റപത്രത്തില്‍ ഉള്‍പെടും.
"
"The training camp was led by Maulana Yusuf Azhar alias Ustad Ghauri, who is Jaish chief Masood Azhar's brother-in-law.
","ജെയ്‌ഷെ തലവന്‍ മൗലാന മസൂദ് അസറിന്റെ ഭാര്യാ സഹോദരന്‍ ഉസ്താദ് ഘൗരി എന്ന പേരിലറിയപ്പെടുന്ന മൗലാന യൂസുഫ് അസ്ഹറാണ് ഈ പരിശീലന ക്യാമ്പുകള്‍ക്ക് നേതൃത്വം കൊടുത്തിരുന്നത്.
"
"Sridevi's brother-in-law Sanjay Kapoor revealed that the actress had no history of a heart disease.
","അന്തരിച്ച നടി ശ്രീദേവിയ്ക്ക് ഹൃദയ സംബന്ധമായ അസുഖമൊന്നും ഉണ്ടായിരുന്നില്ലെന്ന് സഞ്ജയ് കപൂര്‍.
"
"Rahul Gandhi was accompanied by mother Sonia Gandhi, sister Priyanka Gandhi Vadra and brother-in-law Robert Vadra to the collectorate to file his nomination papers.
","അമ്മ സോണിയ ഗാന്ധി, സഹോദരി പ്രിയങ്ക ഗാന്ധി, സഹോദരി ഭർത്താവ് റോബർട്ട് വാദ്ര എന്നിവർക്കൊപ്പമെത്തിയാണ് രാഹുൽ പത്രിക സമർപ്പിച്ചത്.
"
"Jayadev is known to be very close to his brother-in-law, Telugu actor Mahesh Babu.
","തന്റെ സഹോദരൻ തെലുങ്ക് നടൻ മഹേഷ് ബാബുവുമായി വളരെ അടുപ്പമുള്ളയാളാണ് അദ്ദേഹം.
"
"However, O P Singh, an IPS officer and brother-in-law of Rajput, had sent some WhatsApp messages to the then DCP Zone 9 regarding this matter, the Mumbai police said.
","എന്നാൽ, ഐപിഎസ് ഉദ്യോഗസ്ഥനും സുശാന്തിന്റെ സഹോദരീ ഭർത്താവുമായ ഒ പി സിംഗ് ഇക്കാര്യത്തിൽ അന്നത്തെ സോൺ 9 ഡിസിപിയ്ക്ക് ചില വാട്ട്‌സ്ആപ്പ് സന്ദേശങ്ങൾ അയച്ചിരുന്നുവെന്ന് മുംബൈ പോലീസ് പറഞ്ഞു.
"
"Youth hacked to death by brother-in-law over ‘family dispute’
","കുടുംബവഴക്കിനെത്തുടര്‍ന്ന് ജ്യേഷ്ഠന്റെ കുത്തേറ്റ് യുവാവിന് ദാരുണാന്ത്യം
"
"A case of murder was registered against six persons -- Sheetal's mother Suman, her father Ravindra, uncles Sanjay and Om Prakash, cousin Parvesh and brother-in-law Ankit.
","സംഭവത്തിൽ ശീതളിന്റെ പിതാവ് രവീന്ദർ ചൗധരി, മാതാവ് സുമൻ, അമ്മാവൻ സഞ്ജയ്, ബന്ധുക്കളായ ഓംപ്രകാശ്, പർവേശ്, അങ്കിത് എന്നിവരെ അറസ്റ്റ് ചെയ്തിട്ടുണ്ട്.
"
"The police arrested the youth along with his brother and brother-in-law.
","വര്‍തികയെയും ഒപ്പമുണ്ടായിരുന്ന യുവാവിനെയും പൊലിസ് അറസ്റ്റ്‌ചെയ്തു.
"
"Indian Air Force-led air strike that demolished one of the major Jaish-e-Mohammed (JeM) training camps in Balakot was being headed by the brother-in-law of JeM chief Masood Azhar, Yousuf Azhar.
","ജെയ്‌ഷെ തലവന്‍ മസൂദ് അസഹറിന്റെ അടുത്ത ബന്ധു ഉസ്താദ് ഖോറിയെന്ന യൂസഫ് അസഹറിന്റെ നേതൃത്വത്തിലുള്ള വന്‍ഭീകരപരിശീലനകേന്ദ്രമാണ് ബാലാക്കോട്ടില്‍ ഇന്ത്യന്‍ വ്യോമ സേന തകര്‍ത്തതെറിഞ്ഞത്.
"
"Businessman Nitin Sandesara, his wife Dipti Sandesara and brother-in-law Hitesh Patel are wanted in India in connection with a banking fraud to the tune of Rs 15,600 crore.
","15,600 കോടി രൂപയുടെ ബാങ്കിംഗ് തട്ടിപ്പുമായി ബന്ധപ്പെട്ട് വ്യവസായി നിതിന്‍ സന്ദേസര, ഭാര്യ ദിപ്തി സന്ദേശര, സഹോദരന്‍ ഹിതേഷ് പട്ടേല്‍ എന്നിവരെ ഇന്ത്യയില്‍ എത്തിക്കാന്‍ ആവശ്യപ്പെട്ടിരുന്നു.
"
"Sridevi's brother-in-law and actor Sanjay Kapoor said she had no history of heart ailment.
","അതേസമയം, ശ്രീദേവിക്ക് ഹൃദയസംബന്ധമായ അസുഖങ്ങള്‍ ഉണ്ടായിരുന്നതായി അറിവില്ലെന്നു ഭര്‍ത്താവിന്റെ സഹോദരനും ബോളിവുഡ് നടനുമായ സഞ്ജയ് കപൂര്‍ അറിയിച്ചു.
"
"An altercation between his wife and his brother-in-law broke out which eventually led to his murder.
","യുവതിയും ഭര്‍ത്താവും തമ്മിലുണ്ടായ വഴക്ക് ഒടുവില്‍ കൊലപാതകത്തില്‍ കലാശിയ്ക്കുകയായിരുന്നു.
"
"The pleas were moved by Anupama’s father PS Jayachandran, mother Smitha, sister Anju, brother-in-law Arun and two CPI(M) functionaries who are connected to Jayachandran.
","അനുപമയുടെ അച്ഛനും സിപിഎം നേതാവുമായ ജയചന്ദ്രൻ, അമ്മ,സഹോദരി, സഹോദരീ ഭർത്താവ്, ജയചന്ദ്രന്റെ രണ്ട് സുഹൃത്തുക്കൾ എന്നിവർക്കെതിരെയാണ് കേസെടുത്തത്.
"
"Sridevi's family including her husband Boney Kapoor, children Janhvi and Khushi and brother-in-law Anil Kapoor attended the puja.
","ശ്രീദേവിയുടെ ഭര്‍ത്താവ് ബോണി കപൂറിന്‍റെ സഹോദരന്‍ അനില്‍ കപൂര്‍, ശ്രീദേവിയുടെ മക്കളായ ജാന്‍വി, ഖുഷി എന്നിവര്‍ വിമാനത്താവളത്തിലെത്തി മൃതദേഹം ഏറ്റുവാങ്ങി.
"
"Aditya is the son of the late minister Jeevaraj Alva and the brother-in-law of Bollywood star Vivek Oberoi.
","ബോളിവുഡ് നടൻ വിവേക് ഒബ്‌റോയിയുടെ ഭാര്യാ സഹോദരനും കർണാടക മുന്മന്ത്രി ജീവരാജ് ആൽവയുടെ മകനുമാണ് ആദിത്യ ആൽവ.
"
"Also present at the bash were Kareena’s father Randhir Kapoor, Saif’s daughter Sara, his brother-in-law Kunal Kemmu, the actress’ cousin Armaan Jain, aunt Reema Kapoor and her close friends-- Amrita Arora and Malaika Arora.
","അച്ഛൻ രൺധീർ കപൂർ, സഹോദരീ ഭർത്താവ് കുനാൽ കേമു, കസിൻ അർമാൻ ജെയിൻ, റീമ കപൂർ, ഉറ്റ സുഹൃത്തുക്കളായ അമൃത അറോറ, മലൈക അറോറ എന്നിവരാണ് ആഘോഷത്തിൽ പങ്കെടുത്തത്.
"
"Kiran's sister, brother-in-law and close relatives will be interrogated in Kiran's presence.
","കിരണിന്റെ സാന്നിധ്യത്തിൽ സഹോദരിയെയും സഹോദരീഭർത്താവിനെയും അടുത്ത ബ/ന്ധുക്കളെയും ചോദ്യംചെയ്യും.
"
"His sister, brother-in-law and mother were in the house at that time.
","ഈ സമയം സഹോദരിയും സഹോദരീ ഭര്‍ത്താവും വീട്ടിലുണ്ടായിരുന്നു.
"
"Walking through jungles and steep slopes, Abrar and his brother-in-law trekked 70 kilometres to reach Shopian, where their relative Imtiyaz was working as a labourer.
","കാടിനകത്തുകൂടി അബ്രാറും സഹോദരനും 70 കിലോമീറ്റർ ട്രെക്കിംഗ് നടത്തി ഷോപിയാനിലെത്തിയത് അവിടെ അവരുടെ ബന്ധു ഇംതിയാസ് ജോലി ചെയ്യുന്നുണ്ട്.
"
"UPA chairperson Sonia Gandhi, Congress General Secretary Priyanka Gandhi Vadra and his brother-in-law Robert Vadra accompanied Gandhi.
","ഉത്തര്‍പ്രദേശ് കോണ്‍ഗ്രസ് അധ്യക്ഷന്‍ രാജ് ബബ്ബാര്‍, ജനറല്‍ സെക്രട്ടറി ജ്യോതിരാദിത്യ സിന്ധ്യ എന്നിവരും രാഹുലിനും പ്രിയങ്കയക്കുമൊപ്പമുണ്ടായിരുന്നു.
"
"Sadly missed by his loving family, daughter-in-law Irene, brothers Liam, Damian, Francis, Brendan, Padraig and Brain, brothers-in-law, sisters-in-law, nieces, nephews, relatives and friends.
","ദുഃഖകരമെന്നു അവന്റെ ദയ കുടുംബം, മരുമകള് ഐറീൻ സഹോദരന്മാരേ ലിയാം, ഡാമിയൻ, ഫ്രാൻസിസ്, ബ്രണ്ടൻ, Padraig ബ്രെയിൻ സഹോദരന്മാരേ-ഇൻ-നിയമം, സഹോദരിമാർ-ഇൻ-നിയമം, മരുമക്കളും, പൌത്രന്മാരും, ബന്ധുക്കൾ, സുഹൃത്തുക്കൾ വഴി നഷ്ടമായി.
"
"To my married sisters and brothers-in-law I do not speak at all, although I have nothing against them.
","കെട്ടിച്ചുവിട്ട പെങ്ങന്മാരോടും, അവരുടെ ഭർത്താക്കന്മാരോടും ഞാൻ മിണ്ടാറേയില്ല, അവരോട് എനിക്കൊരു വിരോധവുമില്ലെങ്കിലും.
"
"Her husband and two brothers-in-law were arrested for the murder.
","രണ്ട് വയസുകാരനെ തട്ടിക്കൊണ്ടുപോയി കൊലപ്പെടുത്തിയ ഭാര്യയും ഭർത്താവും അറസ്റ്റിൽ.
"
"Investigation revealed that the woman's husband and two brothers-in-law were behind the murder.
","പൊലീസ് അന്വേഷണത്തിൽ കൊലയ്ക്ക് പിന്നിൽ ഭാർത്താവും കാമുകിയുമാണെന്ന് കണ്ടെത്തുകയായിരുന്നു.
"
"The police have arrested the woman’s father, brother and two brothers-in-law.
","സംഭവത്തില്‍ സഹോദരിമാരെയും പിതാവിനെയും യുവതികളില്‍ ഒരാളുടെ കാമുകനെയും പോലീസ് അറസ്റ്റുചെയ്തു.
"
"Both his brothers-in-law have two children each.
","ഇരുവര്‍ക്കും ഇരട്ട സഹോദരന്മാരായ രണ്ട് ആൺമക്കളാണുള്ളത്.
"
"Mathrubhumi Chairman and Managing Editor PV Chandran and film director and producer PV Gangadharan are his brothers-in-law.
","ചന്ദ്രൻ, മുഴുവൻസമയ ഡയറക്ടറും ചലച്ചിത്ര നിർമ്മാതാവുമായ പി. വി. ഗംഗാധരൻ എന്നിവർ ഭാര്യാ സഹോദരന്മാരാണ്.
"
"Her grieving family members including husband Boney Kapoor, her step-son Arjun Kapoor and brothers-in-law Anil Kapoor and Sanjay Kapoor were among those who travelled in the truck with the body.
","ഭര്‍ത്താവ് ബോണി കപൂര്‍, അനുജന്‍ സഞ്ജയ് കപൂര്‍, ബോണി കപൂറിന്റെ ആദ്യവിവാഹത്തിലെ മകന്‍ അര്‍ജുന്‍ കപൂര്‍ എന്നിവര്‍ മൃതദേഹത്തെ അനുഗമിച്ചിരുന്നു.
"
