eng_Latn,pan_Guru
"""Riyaz Ahmed writes, """"Will the brother-in-laws not marry without a wedding?""""""
","""ਰਿਆਜ਼ ਅਹਿਮਦ ਲਿਖਦੇ ਹਨ,""""ਬਿਨਾਂ ਵਿਆਹ ਦੇ ਸਸੁਰਾਲ, ਸਵਾਗਤ ਨਹੀਂ ਕਰੋਗੇ?""
"
"(somewhat dated) brother-in-law (husband of wife's sister)
","ਭੈਣ ਦੀ ਨੂੰਹ (ਭੈਣ ਦੇ ਮੁੰਡੇ ਦੀ ਪਤਨੀ)
"
"Enzo Kori-Odan, the prince of Zama is a victim of a coup d'etat orchestrated by his brother-in-law on the day of his coronation and wedding with Erine Evou.
","ਐਂਜ਼ੋ ਕੋਰੀ-ਓਦਨ, ਜ਼ਾਮਾ ਦੇ ਰਾਜਕੁਮਾਰ, ਏਰਾਈਨ ਈਵੌ ਨਾਲ ਆਪਣੇ ਤਾਜਪੋਸ਼ੀ ਅਤੇ ਵਿਆਹ ਦੇ ਦਿਨ ਉਸ ਦੇ ਭਰਾ ਜੀ ਦੁਆਰਾ ਤੈਨਾਤ ਇਕ ਘੁਸਪੈਠ ਦਾ ਸ਼ਿਕਾਰ ਹਨ.
"
"He and his brother-in-law (he is also a cricketer) had dinner at my house and when he was going to put the plate, I said- 'I will keep the guest keep God.'
","ਉਸ ਨੇ ਅਤੇ ਉਸ ਦੇ ਭਰਾ (ਉਹ ਵੀ ਕ੍ਰਿਕਟਰ ਹੈ) ਦੇ ਸਾਲੇ ਨੇ ਮੇਰੇ ਘਰ ਡਿਨਰ ਕੀਤਾ ਅਤੇ ਉਹ ਪਲੇਟ ਰੱਖਣ ਜਾ ਰਹੇ ਸਨ ਤਾਂ ਮੈਂ ਕਿਹਾ - 'ਮੈਂ ਰੱਖ ਦਵਾਂਗੀ ਮਹਿਮਾਨ ਭਗਵਾਨ ਹੁੰਦਾ ਹੈ।
"
"He formulated with his brother-in-law Peter Waage the chemical law of mass action as a function of the speed and concentration of reagents, determining whether this reaction would be reversible in terms of reagent concentrations.
","ਉਸਨੇ ਆਪਣੇ ਭਾਣਜਾ ਪੀਟਰ ਵੇਜ ਨਾਲ ਸਮੂਹਕ ਕਾਰਵਾਈ ਦੇ ਰਸਾਇਣਕ ਕਾਨੂੰਨ ਨੂੰ ਗਤੀ ਅਤੇ ਰਿਐਜੈਂਟਸ ਦੀ ਇਕਾਗਰਤਾ ਦੇ ਕਾਰਜ ਵਜੋਂ ਤਿਆਰ ਕੀਤਾ, ਇਹ ਨਿਰਧਾਰਤ ਕਰਦਿਆਂ ਕਿ ਕੀ ਇਹ ਪ੍ਰਤੀਕਰਮ ਰਿਐਜੈਂਟ ਗਾੜ੍ਹਾਪਣ ਦੇ ਸੰਦਰਭ ਵਿੱਚ ਬਦਲਾਵ ਯੋਗ ਹੋਏਗੀ ਜਾਂ ਨਹੀਂ।
"
"He is also the brother-in-law of actress Jyothika.
","ਉਹ ਅਭਿਨੇਤਰੀ ਜਯੋਤਿਕਾ ਦੀ ਛੋਟੀ ਭੈਣ ਹੈ।
"
"Her photograph of Bibi Aisha, a woman from Afghanistan whose ears and nose were severed by her husband and brother-in-law, was selected as the World Press Photo of the Year in 2010.
","ਉਸਦੀ ਖਿੱਚੀ ਅਫ਼ਗਾਨਿਸਤਾਨ ਤੋਂ ਬੀਬੀ ਆਇਸ਼ਾ ਦੀ ਫੋਟੋ ਜਿਸ ਦੇ ਕੰਨ ਅਤੇ ਨੱਕ ਨੂੰ ਉਸਦੇ ਪਤੀ ਅਤੇ ਦਿਓਰ ਦੁਆਰਾ ਕੱਟਿਆ ਗਿਆ ਸੀ, ਨੂੰ ਸਾਲ 2010 ਵਿੱਚ ਵਰਲਡ ਪ੍ਰੈਸ ਫੋਟੋ ਆਫ ਦ ਈਅਰ ਚੁਣਿਆ ਗਿਆ ਸੀ।
"
"His brother-in-law and sister-in-law were seriously injured in the incident.
","ਇਸ ਹਾਦਸੇ 'ਚ ਕੁੜੀ ਦੀ ਭਰਜਾਈ ਅਤੇ ਭਰਾ ਗੰਭੀਰ ਰੂਪ 'ਚ ਜ਼ਖ਼ਮੀ ਹੋ ਗਏ।
"
"His widow, Johanna van Gogh-Bonger (1862 - 1925), returned to Holland with the collection, and dedicated herself to getting her brother-in-law the recognition he deserved.
","ਉਸਦੀ ਵਿਧਵਾ, ਜੋਹਾਨਾ ਵੈਨ ਗੌਗ-ਬੋਂਗਰ (1862-1925), ਸੰਗ੍ਰਹਿ ਦੇ ਨਾਲ ਹਾਲੈਂਡ ਵਾਪਸ ਆਈ, ਅਤੇ ਆਪਣੇ ਭਾਣਜੇ ਨੂੰ ਉਹ ਮਾਨਤਾ ਪ੍ਰਾਪਤ ਕਰਨ ਲਈ ਆਪਣੇ ਆਪ ਨੂੰ ਸਮਰਪਿਤ ਕਰ ਦਿੱਤਾ ਜਿਸਦਾ ਉਹ ਹੱਕਦਾਰ ਸੀ. 1914 ਵਿੱਚ, ਉਸਦੀ ਪ੍ਰਸਿੱਧੀ ਦੇ ਭਰੋਸੇ ਨਾਲ, ਉਸਨੇ ਦੋ ਭਰਾਵਾਂ ਦੇ ਵਿੱਚ ਵਿਨਸੈਂਟ ਵੈਨ ਗੌਗ ਦੇ ਪੱਤਰ ਪ੍ਰਕਾਸ਼ਤ ਕੀਤੇ.
"
"Mother and mother-in-law and brother-in-law sex to watch online for free
","ਮੰਮੀ ਅਤੇ ਮੰਮੀ ਅਤੇ ਪੁੱਤਰ ਦੇ ਲਿੰਗ ਹੋਣ ਵਾਚ ਆਨਲਾਈਨ ਮੁਫ਼ਤ ਲਈ
"
"My brother-in-law does good work!
","ਇਹ ਸੁਹਾਵਣਾ ਮੇਰੇ ਭਰਾ ਚੰਗਾ ਕੰਮ ਕਰਦੇ ਹਨ!
"
"My brother-in-law was in the Army.
","ਮੇਰੀ ਜਮਾਤਣ ਦਾ ਭਰਾ ਫੌਜ ਵਿਚ ਸੀ।
"
"Official sources have reported that nearly 300 militants have been killed in this major action of the IAF and in which Yasuf Azhar, brother-in-law of Masood Azhar, has been killed, who was driving this camp.
","ਸਰਕਾਰੀ ਸੂਤਰਾਂ ਅਨੁਸਾਰ ਹਵਾਈ ਫੌਜ (Indian Air Force) ਦੀ ਵੱਡੀ ਕਾਰਵਾਈ ਵਿਚ ਕਰੀਬ 300 ਅਤਿਵਾਦੀ ਮਾਰੇ ਗਏ ਹਨ ਅਤੇ ਇਸ ਵਿੱਚ ਜੈਸ਼-ਏ-ਮੁਹੰਮਦ ਦੇ ਸਰਗਨੇ ਮਸੂਦ ਅਜਹਰ ਦਾ ਭਣੌਈਆ ਯੂਸੁਫ ਅਜਹਰ ਵੀ ਮਾਰਿਆ ਗਿਆ ਹੈ ਜੋ ਇਹ ਕੈਂਪ ਚਲਾ ਰਿਹਾ ਸੀ
"
"Police has arrested the brother-in-law of the deceased in this connection.
","ਪੁਲਸ ਨੇ ਇਸ ਮਾਮਲੇ 'ਚ ਮ੍ਰਿਤਕ ਦੀ ਪ੍ਰੇਮਿਕਾ ਨੂੰ ਗ੍ਰਿਫਤਾਰ ਕਰ ਲਿਆ ਹੈ।
"
"The most prominent name in the list is name of Madhya Pradesh Chief Minister Shivraj Singh's brother-in-law Sanjay Singh, who has recently joined Congress.
","ਇਸ ਸੂਚੀ ਵਿਚ ਸਭ ਤੋਂ ਪ੍ਰਮੁੱਖ ਨਾਮ ਮੱਧ ਪ੍ਰਦੇਸ਼ ਦੇ ਮੁੱਖ ਮੰਤਰੀ ਸ਼ਿਵਰਾਜ ਸਿੰਘ ਦੇ ਸਾਲੇ ਸੰਜੇ ਸਿੰਘ ਦਾ ਨਾਂ ਹੈ, ਜੋ ਹਾਲ ਹੀ ਵਿਚ ਕਾਂਗਰਸ 'ਚ ਸ਼ਾਮਿਲ ਹੋਏ ਹਨ।
"
"The most prominent name in the list is the name of Madhya Pradesh Chief Minister Shivraj Singh's brother-in-law Sanjay Singh, who has recently joined Congress.
","ਇਸ ਸੂਚੀ ਵਿਚ ਸਭ ਤੋਂ ਪ੍ਰਮੁੱਖ ਨਾਮ ਮੱਧ ਪ੍ਰਦੇਸ਼ ਦੇ ਮੁੱਖ ਮੰਤਰੀ ਸ਼ਿਵਰਾਜ ਸਿੰਘ ਦੇ ਸਾਲੇ ਸੰਜੇ ਸਿੰਘ ਦਾ ਨਾਂ ਹੈ, ਜੋ ਹਾਲ ਹੀ ਵਿਚ ਕਾਂਗਰਸ 'ਚ ਸ਼ਾਮਿਲ ਹੋਏ ਹਨ।
"
"The whore gets seduced by her brother-in-law, who convinces her to suck his big cock and then fucks her intensely in her ass.
","ਵੇਸ਼ਵਾ ਉਸਦੀ ਭਰਜਾਈ ਦੁਆਰਾ ਭਰਮਾਉਂਦੀ ਹੈ, ਜੋ ਉਸ ਨੂੰ ਉਸ ਦੇ ਵੱਡੇ ਮੁੰਡੇ ਨੂੰ ਚੂਸਣ ਲਈ ਕਾਇਲ ਕਰਦੀ ਹੈ ਅਤੇ ਫਿਰ ਉਸ ਨੂੰ ਆਪਣੀ ਖੋਤੇ ਵਿਚ ਤੀਬਰਤਾ ਨਾਲ ਚੁੰਮਦੀ ਹੈ.
"
"Together with his brother-in-law Peter Waage, he formulated the chemical law of mass action as a function of the speed and concentration of the reagents, determining whether this reaction would be reversible in terms of reagent concentrations.
","ਉਸਨੇ ਆਪਣੇ ਭਾਣਜਾ ਪੀਟਰ ਵੇਜ ਨਾਲ ਸਮੂਹਕ ਕਾਰਵਾਈ ਦੇ ਰਸਾਇਣਕ ਕਾਨੂੰਨ ਨੂੰ ਗਤੀ ਅਤੇ ਰਿਐਜੈਂਟਸ ਦੀ ਇਕਾਗਰਤਾ ਦੇ ਕਾਰਜ ਵਜੋਂ ਤਿਆਰ ਕੀਤਾ, ਇਹ ਨਿਰਧਾਰਤ ਕਰਦਿਆਂ ਕਿ ਕੀ ਇਹ ਪ੍ਰਤੀਕਰਮ ਰਿਐਜੈਂਟ ਗਾੜ੍ਹਾਪਣ ਦੇ ਸੰਦਰਭ ਵਿੱਚ ਬਦਲਾਵ ਯੋਗ ਹੋਏਗੀ ਜਾਂ ਨਹੀਂ।
"
"brother-in-law (brother of one's wife) - брат жены
","ਭਰਾ ਦੀ ਨੂੰਹ (ਭਰਾ ਦੇ ਮੁੰਡੇ ਦੀ ਪਤਨੀ)
"
"that this is your brother-in-laws?
","ਕੀ ਇਹ ਤੁਹਾਡੇ ਚਚੇਰੇ ਭਰਾ ਹਨ?
"
"the three founders were soon joined by George Hawtin's brother and brother-in-law, Ernest Hawtin and Milford Kilpatric.
","ਤਿੰਨਾਂ ਬਾਨੀ ਜਲਦੀ ਹੀ ਜਾਰਜ ਹਾਟਿਨ ਦੇ ਭਰਾ ਅਤੇ ਭਰਜਾਈ, ਅਰਨੇਸਟ ਹੌਟਿਨ ਅਤੇ ਮਿਲਫੋਰਡ ਕਿਲਪੈਟ੍ਰਿਕ ਨਾਲ ਮਿਲ ਗਏ.
"
"third child's brother-in-law
","ਤੀਜੀ ਭੈਣ ਦਾ ਜਨਮ
"
"Police have registered a case against the brother-in-law, sister-in-law of the victim and others.
","ਇਸ ਸਬੰਧੀ ਪੁਲਸ ਵੱਲੋਂ ਸੱਸ, ਸਹੁਰਾ ਸਮੇਤ ਹੋਰਨਾਂ 'ਤੇ ਕੇਸ ਦਰਜ ਕਰ ਦਿੱਤਾ ਹੈ।
"
"Bollywood actress Kareena Kapoor Khan shared a heartwarming birthday post for brother-in-law Kunal Kemmu.
","ਬਾਲੀਵੁੱਡ ਅਦਾਕਾਰਾ ਕਰੀਨਾ ਕਪੂਰ ਖਾਨ ਨੇ ਆਪਣੇ ਇੰਸਟਾਗ੍ਰਾਮ ਅਕਾਉਂਟ ਜ਼ਰੀਏ ਕੁਨਾਲ ਖੇਮੂ ਦੇ ਜਨਮਦਿਨ ‘ਤੇ ਇਕ ਪੋਸਟ ਸ਼ੇਅਰ ਕੀਤੀ ਹੈ।
"
"He had verbal duels with Chief Minister Parkash Singh Badal , Deputy Chief Minister and Akali Dal president Sukhbir Badal and Sukhbir's powerful brother-in-law Bikram Majithia.
","ਉਨ੍ਹਾਂ ਨੇ ਸਾਬਕਾ ਮੁੱਖ ਮੰਤਰੀ ਪ੍ਰਕਾਸ਼ ਸਿੰਘ ਬਾਦਲ ਅਤੇ ਅਕਾਲੀ ਦਲ ਦੇ ਪ੍ਰਧਾਨ ਸੁਖਬੀਰ ਸਿੰਘ ਬਾਦਲ ਅਤੇ ਸਾਬਕਾ ਮੰਤਰੀ ਬਿਕਰਮ ਸਿੰਘ ਮਜੀਠੀਆ ਦੇ ਖ਼ਿਲਾਫ਼ ਭੜਾਸ ਕੱਢਦਿਆਂ ਇਨ੍ਹਾਂ ਆਗੂਆਂ ਨੂੰ ਰੱਜ ਕੇ ਕੋਸਿਆ।
"
"Jaish-e-Mohammed chief Masood Azhar’s brother-in-law Maulana Yusuf Azhar alias Ustad Ghuari was the main target of the Indian Air Force (IAF) strike at Balakot, which is located in Khyber Pakhtunkhwa province of Pakistan.
","ਭਾਰਤੀ ਹਵਾਈ ਸੈਨਾ ਨੇ ਪਾਕਿਸਤਾਨ ਦੇ ਬਾਲਾਕੋਟ ਵਿਚ ਜਿਸ ਅੱਤਵਾਦੀ ਕੈਂਪ ਨੂੰ ਨਿਸ਼ਾਨਾ ਬਣਾਇਆ, ਉਸ ਨੂੂੰ ਜੈਸ਼-ਏ-ਮੁਹੰਮਦ ਦੇ ਮੁੱਖ ਸਰਗਣੇ ਮਸੂਦ ਅਜ਼ਹਰ ਦਾ ਰਿਸ਼ਤੇਦਾਰ ਅਜ਼ਹਰ ਯੂਸਫ ਚਲਾਉਂਦਾ ਸੀ।
"
"Actor Priyanka Chopra attended the wedding ceremony of her brother-in-law Joe Jonas and Game of Thrones star Sophie Turner in France during the weekend in a pink sari.
","'ਗੇਮ ਆਫ ਥ੍ਰੋਨਜ਼' ਸਟਾਰ ਸੋਫੀ ਟਰਨਰ ਤੇ ਅਮਰੀਕੀ ਗਾਇਕ ਜੋ ਜੋਨਸ ਦੇ ਫਰਾਂਸ ਵਿੱਚ ਹੋਏ ਵਿਆਹ ਵਿੱਚ ਅਦਾਕਾਰਾ ਪ੍ਰਿਅੰਕਾ ਚੋਪੜਾ ਭਾਰਤੀ ਲਿਬਾਸ ਵਿੱਚ ਨਜ਼ਰ ਆਈ।
"
"New Delhi: Everyone knows that Salman Khan is planning a big Bollywood debut for his brother-in-law Aayush Sharma, who is married Salman's sister Arpita Khan Sharma.
","ਮੁੰਬਈ: ਇਹ ਤਾਂ ਸਭ ਨੂੰ ਪਤਾ ਹੈ ਕਿ ਸਲਮਾਨ ਖ਼ਾਨ ਦੀ ਭੈਣ ਅਰਪਿਤਾ ਖ਼ਾਨ ਸ਼ਰਮਾ ਦਾ ਪਤੀ ਆਯੁਸ਼ ਸ਼ਰਮਾ ਬਾਲੀਵੁੱਡ ਵਿੱਚ ਕਦਮ ਰੱਖ ਜਾ ਰਿਹਾ ਹੈ।
"
"He accused his brother-in-law of the crime.
","ਉਸਨੇ ਆਪਣੇ ਭਤੀਜੇ ਨੂੰ ਹੀ ਦੋਸ਼ੀ ਬਾਪਿਆ ਸੀ।
"
"BJP leader Sonali Phogat files case against sister, brother-in-law for assault, death threats
","ਬੀਜੇਪੀ ਨੇਤਾ ਸੋਨਾਲੀ ਫੋਗਾਟ ਅਤੇ ਉਸ ਦੇ ਸਾਥੀਆਂ ਖ਼ਿਲਾਫ਼ ਕੇਸ ਦਰਜ
"
"Bharat is produced by Salman's brother-in-law Atul Agnihotri and directed by Ali Abbas Zafar.
","ਇਸ ਫਿਲ‍ਮ ਨੂੰ ਸਲਮਾਨ ਖਾਨ ਦੇ ਜੀਜੇ ਅਤੁੱਲ ਅਗਨੀਹੋਤਰੀ ਪ੍ਰੋਡਿਊਸ ਕਰ ਰਹੇ ਹਨ, ਜਦੋਂ ਕਿ ਇਸਦਾ ਨਿਰਦੇਸ਼ਨ ਡਾਇਰੈਕ‍ਟਰ ਅਲੀ ਅੱਬਾਜ ਜਫਰ ਕਰਨਗੇ।
"
"’ But if the man doesn’t want to marry his sister-in-law, she must go to the elders at the city gate and say, ‘My brother-in-law refuses to preserve his brother’s name in Israel.
","""ਪਰ ਜੇਕਰ ਉਹ ਮਨੁੱਖ ਆਪਣੇ ਭਰਾ ਦੀ ਪਤਨੀ ਨਾਲ ਵਿਆਹ ਕਰਨਾ ਨਾ ਚਾਹੇ, ਤਾਂ ਉਹ ਇਸਤਰੀ ਫਾਟਕ ਉੱਤੇ ਬਜ਼ੁਰਗਾਂ ਕੋਲ ਜਾ ਕੇ ਆਖੇ, """"ਮੇਰੇ ਪਤੀ ਦਾ ਭਰਾ ਆਪਣੇ ਭਰਾ ਦਾ ਨਾਮ ਇਸਰਾਏਲ ਵਿੱਚ ਕਾਇਮ ਰੱਖਣ ਤੋਂ ਮੁੱਕਰਦਾ ਹੈ ।""
"
"Mukhtar Memon, Mirchi’s brother-in-law, was questioned by the ED in connection with the sale of Mirchi’s properties to Sunblink Real Estate Pvt Ltd and Millennium Developers Pvt Ltd.
","ਈ ਡੀ ਨੇ ਇਕਬਾਲ ਮਿਰਚੀ ਦੀਆਂ ਜਾਇਦਾਦਾਂ ਨੂੰ ਸਨਬਲਿੰਕ ਤੇ ਮਿਲੇਨੀਅਮ ਡਿਵੈਲਪਰਜ਼ ਨੂੰ ਵੇਚਣ ਸੰਬੰਧੀ ਇਕਬਾਲ ਮਿਰਚੀ ਦੇ ਭਣੋਈਏ ਮੁਖਤਾਰ ਮੈਨਨ ਤੋਂ ਵੀ ਪੁੱਛਗਿੱਛ ਕੀਤੀ ਸੀ।
"
"Currently, Salman is shooting for his next film Antim: The Final truth, along with his brother-in-law, Aayush Sharma.
","ਸਲਮਾਨ ਆਯੁਸ਼ ਸ਼ਰਮਾ ਦੇ ਨਾਲ ਆਪਣੇ ਅਗਲੇ ਪ੍ਰੋਜੈਕਟ ‘ਅੰਤਿਮ: ਦਿ ਅੰਤਮ ਸੱਚ’ ਦੀ ਸ਼ੂਟਿੰਗ ਕਰ ਰਹੇ ਹਨ ਅਤੇ ਸਿੱਖ ਸਿਪਾਹੀ ਦੀ ਭੂਮਿਕਾ ਨਿਭਾਉਂਦੇ ਨਜ਼ਰ ਆਉਣਗੇ।
"
"Anti-Corruption Bureau (ACB) officials have arrested Vinay Bansal, son of Delhi Chief Minister Arvind Kejriwal’s brother-in-law, in connection with the PWD scam.
","ਦਿੱਲੀ ਦੀ ਭ੍ਰਿਸ਼ਟਾਚਾਰ ਵਿਰੋਧੀ ਇਕਾਈ ਨੇ ਪੀ. ਡਬਲਿਊ.ਡੀ. ਘੁਟਾਲੇ ਵਿਚ ਮੁੱਖ ਮੰਤਰੀ ਅਰਵਿੰਦ ਕੇਜਰੀਵਾਲ ਦੇ ਸਾਂਢੂ ਸੁਰਿੰਦਰ ਬਾਂਸਲ ਦੇ ਬੇਟੇ ਵਿਨੇ ਬਾਂਸਲ ਨੂੰ ਲੰਘੇ ਕੱਲ੍ਹ ਗ੍ਰਿਫਤਾਰ ਕੀਤਾ।
"
"Andhra Pradesh chief minister Chandra Babu Naidu is his brother-in-law.
","ਇਨ੍ਹਾਂ ਦੇ ਨਾਲ ਆਂਧਰਾ ਪ੍ਰਦੇਸ਼ ਦੇ ਮੁੱਖ ਮੰਤਰੀ ਚੰਦਰ ਬਾਬੂ ਨਾਇਡੂ ਵੀ ਸ਼ਾਮਲ ਸਨ।
"
"A son and daughter of her brother-in-law are also living with her.
","ਉਨ੍ਹਾਂ ਦੇ ਧੀ ਤੇ ਪੁੱਤ ਵੀ ਉਨ੍ਹਾਂ ਦਾ ਸਾਥ ਦੇ ਰਹੇ ਹਨ।
"
"Apart from Ibrahim Ali Khan, mom Sharmila Tagore, sister Soha Ali Khan, brother-in-law Kunal Khemu and sister-in-law Karisma Kapoor also came to wish Saif on his special day.
","ਇਸ ਖਾਸ ਮੌਕੇ ‘ਤੇ ਸੈਫ ਅਲੀ ਖਾਨ ਦੀ ਭੈਣ ਸੋਹਾ ਅਲੀ ਖਾਨ, ਸੋਹਾ ਅਲੀ ਖਾਨ, ਉਸ ਦਾ ਪਤੀ ਕੁਨਾਲ ਖੇਮੂ, ਕਰਿਸ਼ਮਾ ਕਪੂਰ, ਕਰਿਸ਼ਮਾ ਦੀ ਬੇਟੀ ਸਮਾਇਰਾ, ਸੈਫ ਦਾ ਬੇਟਾ ਇਬਰਾਹਿਮ ਸਾਰੇ ਸ਼ਾਮਲ ਹੋਏ।
"
"Actress Shamita Shetty was also present at the event along with her sister Shilpa Shetty and brother-in-law.
","ਏਕਤਾ ਕਪੂਰ ਦੀ ਪਾਰਟੀ ‘ਚ ਬਾਲੀਵੁੱਡ ਐਕਟਰਸ ਸ਼ਿਲਪਾ ਸ਼ੈਟੀ ਕੁੰਦਰਾ ਅਤੇ ਉਹਨਾਂ ਦੀ ਭੈਣ ਸ਼ਮਿਤਾ ਸ਼ੈਟੀ ਵੀ ਪਹੁੰਚੀ।
"
"A case of dowry death has been registered against her husband Naveen, her mother-in-law and brother-in-law by the police on their complaint.
","ਮਿ੍ਤਕ ਦੀ ਪਤਨੀ ਦੇ ਬਿਆਨਾਂ ਉੱਪਰ ਥਾਣਾ ਨੇਹੀਆਂਵਾਲਾ ਦੀ ਪੁਲਿਸ ਵਲੋਂ ਮਿ੍ਤਕ ਦੇ ਜਵਾਈ, ਉਸ ਦੀ ਮਾਂ, ਭੈਣ ਅਤੇ ਪ੍ਰੇਮਿਕਾ ਖਿਲਾਫ਼ ਮੁਕੱਦਮਾ ਦਰਜ ਕੀਤਾ ਗਿਆ।
"
"Amid those being searched included Kamla Nath's former OSD Pravin Kakkar, former advisor Rajendra Miglani and executives linked to his brother-in-law's firm Moser Bayer and his nephew Ratul Puri's company.
","ਜਿਨ੍ਹਾਂ ਲੋਕਾਂ 'ਤੇ ਛਾਪੇ ਮਾਰੇ ਗਏ ਉਨ੍ਹਾਂ 'ਚ ਕਮਲਨਾਥ ਦੇ ਸਾਬਕਾ ਵਿਸ਼ੇਸ਼ ਅਧਿਕਾਰੀ ਪ੍ਰਵੀਨ ਕੱਕੜ, ਸਾਬਕਾ ਸਲਾਹਕਾਰ ਰਜਿੰਦਰ ਮਿਗਲਾਨੀ ਅਤੇ ਉਨ੍ਹਾਂ ਦੇ ਰਿਸ਼ਤੇਦਾਰ ਨਾਲ ਜੁੜੀ ਕੰਪਨੀ ਮੋਜਰ ਬੇਅਰ ਅਤੇ ਉਨ੍ਹਾਂ ਦੇ ਭਣੇਵੇ ਰਾਤੁਲ ਪੁਰੀ ਦੀ ਕੰਪਨੀ ਸ਼ਾਮਲ ਹੈ।
"
"An FIR has been registered against her husband, father-in-law, brother-in-law and others, the police said.
","ਪੁਲਿਸ ਨੇ ਪੀੜਤਾ ਦੀ ਸ਼ਿਕਾਇਤ ਤੇ ਉਸ ਦੇ ਪਤੀ, ਸੱਸ ਅਤੇ ਇਕ ਹੋਰ ਅੌਰਤ ਦੇ ਖਿਲਾਫ਼ ਮਾਮਲਾ ਦਰਜ ਕਰ ਲਿਆ ਹੈ।
"
"“Or perhaps he is suffering from serious amnesia since his party colleagues, including his own brother-in-law Bikram Majithia, had accompanied me to the Governor’s House for submitting the resolution and the three state amendment Bills,” remarked the Chief Minister.
","ਮੁੱਖ ਮੰਤਰੀ ਨੇ ਕਿਹਾ, ‘‘ ਜਾਂ ਸ਼ਾਇਦ ਉਹ ਗੰਭੀਰ ਤੌਰ ’ਤੇ ਭੁੱਲਣ ਦੀ ਬਿਮਾਰੀ ਦੇ ਸ਼ਿਕਾਰ ਹਨ ਕਿਉਂ ਜੋ ਉਨ੍ਹਾਂ ਦੀ ਪਾਰਟੀ ਦੇ ਸਾਥੀ ਜਿਸ ਵਿੱਚ ਬਿਕਰਮ ਸਿੰਘ ਮਜੀਠੀਆ ਵੀ ਸ਼ਾਮਲ ਸਨ, ਮੇਰੇ ਨਾਲ ਮਤਾ ਅਤੇ ਤਿੰਨਾਂ ਸੂਬਾਈ ਸੋਧ ਬਿਲਾਂ ਨੂੰ ਰਾਜਪਾਲ ਨੂੰ ਸੌਂਪਣ ਲਈ ਰਾਜਭਵਨ ਗਏ ਸਨ।
"
"Bikram Singh Majithia is Union minister Harsimrat Kaur Badal’s brother and brother-in-law of Deputy CM Sukhbir Singh Badal.
","ਯਾਦ ਰਹੇ ਮਜੀਠੀਆ ਮੁੱਖ ਮੰਤਰੀ ਪ੍ਰਕਾਸ਼ ਸਿੰਘ ਬਾਦਲ ਦੀ ਨੂੰਹ ਹਰਸਿਮਰਤ ਕੌਰ ਕੇਂਦਰੀ ਮੰਤਰੀ ਦੇ ਭਰਾ ਹਨ।
"
"An FIR has been registered against her husband, father-in-law, brother-in-law and others, the police said.
","ਪੁਲਸ ਪਤਨੀ, ਉਸ ਦੀ ਭੈਣ, ਮਾਤਾ ਪਿਤਾ ਤੇ ਹੋਰਨਾਂ ਖ਼ਿਲਾਫ਼ ਆਤਮ ਹੱਤਿਆ ਲਈ ਮਜਬੂਰ ਕਰਨ ਦਾ ਮਾਮਲਾ ਦਰਜ ਕਰ ਲਿਆ ਹੈ।
"
"Police have arrested woman's father, brother-in-law, borther and another person in connection with the case.
","ਪੁਲਿਸ ਨੇ ਮਿ}ਕ ਲੜਕੀ ਦੀ ਮਾਤਾ ਦੇ ਬਿਆਨ ਤੇ ਉਸ ਦੇ ਪਤੀ, ਸੱਸ ਅਤੇ ਇਕ ਹੋਰ ਵਿਅਕਤੀ ਖਿਲਾਫ ਮਾਮਲਾ ਦਰਜ ਕਰ ਲਿਆ ਹੈ।
"
"The TMC MP had also said Sekhawat is the son of Dhankhar's brother-in-law, and Ruchi Dubey and Prasant Diksit are respectively wife and brother of his former aide-de-camp (ADC) Major Gorang Diksit.
","ਟੀਐੱਮਸੀ ਸੰਸਦ ਮੈਂਬਰ ਨੇ ਕਿਹਾ ਕਿ ਅਭਿਉਦਏ ਸਿੰਘ ਸ਼ੇਖਾਵਤ, ਧਨਖੜ ਕੇ ਜੀਜੇ ਦਾ ਪੁੱਤਰ ਹੈ ਜਦਕਿ ਰੁਚੀ ਦੂਬੇ ਉਨ੍ਹਾਂ ਦੇ ਸਾਬਕਾ ਏਡੀਸੀ ਮੇਜਰ ਗੋਰਾਂਗ ਦੀਕਸ਼ਿਤ ਦੀ ਪਤਨੀ ਅਤੇ ਪ੍ਰਸ਼ਾਂਤ ਦੀਕਸ਼ਿਤ ਭਰਾ ਹੈ।
"
"Jalal Khan had despatched hts nephew,Hazbar Khan,and his brother-in-law, Ghulam Mohammad Khan, to go ahead and mect the Sikhs and drive them back.
","ਜਲਾਲ ਖਾਂ ਨੇ ਆਪਣੇ ਪੋਤਰੇ ਗ਼ੁਲਾਮ ਮੁਹੰਮਦ ਖਾਂ ਅਤੇ ਭਤੀਜੇ ਹੱਯਬਰ ਖਾਂ ਨੂੰ ਸਿੰਘਾਂ ਦਾ ਮੁਕਾਬਲਾ ਕਰਨ ਲਈ ਭੇਜਿਆ ।
"
"Vadra is Congress President Rahul Gandhi’s brother-in-law and the husband of party general secretary Priyanka Gandhi.
","ਰਾਹੁਲ ਗਾਂਧੀ ਦੇ ਇਸ ਫੈਸਲੇ ਦਾ ਪਾਰਟੀ ਦੀ ਜਨਰਲ ਸਕੱਤਰ ਅਤੇ ਰਾਹੁਲ ਦੀ ਭੈਣ ਪ੍ਰਿਅੰਕਾ ਨੇ ਸਮਰਥਨ ਕੀਤਾ ਹੈ।
"
"Karisma Kapoor arrived at the party along with her brother-in-law and sister Kareena's husband Saif Ali Khan.
","ਸੋਹਾ ਅਲੀ ਖ਼ਾਨ ਵੀ ਆਪਣੇ ਪਤੀ ਕੁਣਾਲ ਖੇਮੂ ਨਾਲ ਘਰ ‘ਚ ਹੋ ਰਹੀ ਪਾਰਟੀ ਚ’ ਆਈ ਤਾਂ ਕਰੀਨਾ ਦੀ ਭੈਣ ਕਰਿਸ਼ਮਾ ਕਪੂਰ ਵੀ ਆਪਣੇ ਬੱਚਿਆਂ ਦੇ ਨਾਲ ਪਾਰਟੀ ‘ਚ ਨਜ਼ਰ ਆਈ।
"
"Vinay Bansal, son of the late brother-in-law of Chief Minister Arvind Kejriwal.
","ਅਰਵਿੰਦ ਕੇਜਰੀਵਾਲ ਦੇ ਸਾਢੂ ਦੇ ਬੇਟੇ ਵਿਨੈ ਬਾਂਸਲ ਨੂੰ ਗ੍ਰਿਫ਼ਤਾਰ ਕੀਤਾ ਹੈ।
"
"Majithia is the brother-in-law of Punjab Deputy Chief Minister and Akali Dal president Sukhbir Singh Badal, and younger brother of Sukhbir's wife and Union Food Processing Minister Harsimrat Kaur Badal.
","ਪੰਜਾਬ ਦੇ ਉਪ ਮੁਖ ਮੰਤਰੀ ਸੁਖਬੀਰ ਸਿੰਘ ਬਾਦਲ ਜੋ ਗ੍ਰਹਿ ਵਿਭਾਗ ਦੇ ਮੰਤਰੀ ਵੀ ਹਨ ਅਤੇ ਉਨ੍ਹਾਂ ਦੀ ਪਤਨੀ ਕੇਂਦਰੀ ਫੂਡ ਪ੍ਰਾਸੈਸਿੰਗ ਵਿਭਾਗ ਦੇ ਮੰਤਰੀ ਹਰਸਿਮਰਤ ਕੌਰ ਬਾਦਲ ਇਸ ਕੰਪਨੀ ਦੇ ਮਾਲਕ ਹਨ।
"
"She lives with her parents, while her sisters, brother-in-law, nieces and nephews live in the next house along.
","ਉਸਦੀ ਮਾਂ, ਪਤਨੀ ਅਤੇ ਬੇਟੀ ਅਤੇ ਭਾਈ ਉਸਦੇ ਨਾਲ ਹੀ ਰਹਿੰਦੇ ਹਨ, ਜਦਕਿ ਉਸਦੇ ਪਿਤਾ ਨੇੜੇ ਹੀ ਵੱਖਰੇ ਘਰ ‘ਚ ਰਹਿੰਦੇ ਹਨ।
"
"Jaijeet Singh Johal ‘Jojo’ is the brother-in-law of Punjab’s finance minister Manpreet Singh Badal.
","ਜੈਜੀਤ ਜੌਹਲ ਉਰਫ ਜੋਜੋ ਪੰਜਾਬ ਦੇ ਵਿੱਤ ਮੰਤਰੀ ਮਨਪ੍ਰੀਤ ਸਿੰਘ ਬਾਦਲ ਦੀ ਪਤਨੀ ਦਾ ਭਰਾ ਹੈ।
"
"Actors Arbaaz Khan and Sohail Khan also arrived with his mother Salma Khan, sister Alvira and brother-in-law Atul Agnihotri.
","ਅਰਮਾਨ ਦੇ ਵਿਆਹ ਵਿੱਚ ਸੋਹੇਲ ਖਾਨ , ਅਰਬਾਜ਼ ਖਾਨ , ਸਲਮਾਨ ਖਾਨ ਦੀ ਮਾਂ ਸਲਮਾ , ਸਲਮਾਨ ਦੀ ਭੈਣ ਅਲਵੀਰਾ ਖਾਨ ਅਗਨੀਹੋਤਰੀ ਅਤੇ ਉਨ੍ਹਾਂ ਦੇ ਪਤੀ ਅਤੁਲ ਅਗਨੀਹੋਤਰੀ ਵੀ ਨਜ਼ਰ ਆਏ।
"
"Two die as police officer opens fire at brother-in-law's marriage
","ਪੁਲਿਸ ਮੁਲਾਜ਼ਮ ਵੱਲੋਂ ਟੱਕਰ ਮਾਰਨ 'ਤੇ ਦੋ ਭਰਾਵਾਂ 'ਚੋਂ ਇਕ ਦੀ ਮੌਤ
"
"An FIR has been registered against her husband, father-in-law, brother-in-law and others, the police said.
","ਪੁਲਸ ਨੇ ਪੀੜਤ ਦੇ ਬਿਆਨਾਂ ਤਹਿਤ ਪਤਨੀ, ਸੱਸ, ਮਾਸੀ ਅਤੇ ਕੁਝ ਹੋਰ ਵਿਅਕਤੀਆਂ ਖ਼ਿਲਾਫ਼ ਕੇਸ ਦਰਜ ਕਰਕੇ ਬਣਦੀ ਕਾਰਵਾਈ ਸ਼ੁਰੂ ਕਰ ਦਿੱਤੀ ਹੈ।
"
"The people named in the cases include Hafiz Saeed, his brother-in-law Abdul Rehman Makki, Ameer Hamza and Muhammad Yahya Aziz.
","ਗ੍ਰਿਫ਼ਤਾਰ ਮੈਂਬਰਾਂ ’ਚ ਮਿਆਂਮਾ ਮੂਲ ਦੇ ਹਾਫਿਜ਼ ਸ਼ਫੀਕ ਉਰਫ ਸ਼ਬੀਉੱਲਾਹ, ਅਜੀਜੁੱਰਹਿਮਾਨ ਉਰਫ ਅਜੀਜ਼, ਮੁਫੀਜੁੱਰਹਿਮਾਨ ਉਰਫ ਮੁਫਜੀ ਅਤੇ ਮੁਹੰਮਦ ਇਸਮਾਇਲ ਸ਼ਾਮਲ ਹਨ।
"
"Best wishes on your birthday, brother-in-law!
","ਜਨਮਦਿਨ ਮੁਬਾਰਕ ਮੇਰੇ ਭਰਾ !
"
"He is the brother-in-law of Congress MLA from Jalandhar Cantt, Pargat Singh.
","ਉਹ ਜਲੰਧਰ ਛਾਉਣੀ ਤੋਂ ਕਾਂਗਰਸ ਦੇ ਵਿਧਾਇਕ ਪਰਗਟ ਸਿੰਘ ਦੇ ਰਿਸ਼ਤੇਦਾਰ ਹਨ।
"
"Arbaaz’s son Arhaan and parents Salim Khan and Salma Khan, and brother-in-law Aayush Sharma were also spotted at the bash.
","ਇਸ ਮੌਕੇ ਤੇ ਸਲਮਾਨ ਖ਼ਾਨ ਦੇ ਪਿਤਾ ਸਲੀਮ ਖ਼ਾਨ ਅਤੇ ਭਰਾ ਅਰਬਾਜ਼ ਖ਼ਾਨ ਵੀ ਮੌਜੂਦ ਸਨ।
"
"Also present at the bash were Kareenas father Randhir Kapoor, Saifs daughter Sara, his brother-in-law Kunal Kemmu, the actress cousin Armaan Jain, aunt Reema Kapoor and her close friends-- Amrita Arora and Malaika Arora.
","ਜਿਸ ਵਿਚ ਕਰੀਨਾ ਦੇ ਮਾਤਾ-ਪਿਤਾ ਰਣਧੀਰ ਕਪੂਰ ਅਤੇ ਬਬੀਤਾ, ਭੈਣ ਕਰਿਸ਼ਮਾ ਕਪੂਰ ਅਤੇ ਉਨ੍ਹਾਂ ਦੀ ਬੇਟੀ ਅਧਾਰਾ ਕਪੂਰ ਅਤੇ ਚਾਚਾ ਕੁਨਾਲ ਕਪੂਰ ਦੇ ਨਾਲ ਬੱਚੇ ਜਹਾਂ ਕਪੂਰ ਅਤੇ ਸ਼ੈਰਾ ਕਪੂਰ ਨਾਲ ਪਾਰਟੀ ਵਿੱਚ ਪਹੁੰਚੇ।
"
"Jaijeet Singh Johal ‘Jojo’ is the brother-in-law of Punjab’s finance minister Manpreet Singh Badal.
","ਜ਼ਿਕਰਯੋਗ ਹੈ ਕਿ ‘ਜੋਜੋ’ ਪੰਜਾਬ ਕਾਂਗਰਸ ਦੇ ਮੰਤਰੀ ਮਨਪ੍ਰੀਤ ਬਾਦਲ ਦੇ ਰਿਸ਼ਤੇਦਾਰ ਹਨ, ਜਿਨ੍ਹਾਂ ਦਾ ਪੂਰਾ ਨਾਂ ਜੈਜੀਤ ਜੌਹਲ ਹੈ।
"
"Actor Kareena Kapoor wished her brother-in-law Kunal Kemmu on his birthday with a lovely throwback family photo.
","ਕਰੀਨਾ ਕਪੂਰ ਖਾਨ ਨੇ ਕੁਨਾਲ ਖੇਮੂ ਇਹ ਫੋਟੋ ਸਾਂਝਾ ਕਰਦਿਆਂ ਜਨਮ ਦਿਨ ਦੀ ਵਧਾਈ ਦਿੱਤੀ
"
"Chanda Kochhar's brother-in-law and Deepak's brother, Rajiv Kochhar, has also been grilled by the ED multiple times in the case.
","ਈਡੀ ਨੇ ਚੰਦਾ ਕੋਚਰ ਦੇ ਦਿਓਰ ਤੇ ਦੀਪਕ ਕੋਚਰ ਦੇ ਭਰਾ ਰਾਜੀਵ ਕੋਚਰ ਤੋਂ ਇਸ ਮਾਮਲੇ ਬਾਰੇ ਕਈ ਵਾਰ ਪੁੱਛਗਿੱਛ ਕੀਤੀ ਹੈ।
"
"These include Chief Minister Parkash Singh Badal, his son and deputy chief minister Sukhbir Singh Badal, Badal's son-in-law Adesh Pratap Singh Kairon, Sukhbir's brother-in-law Bikram Singh Majithia and Janmeja Singh Sekhon (a relative of Badal).
","ਆਰਬਿਟ ਰਿਜ਼ੋਰਟਸ ਦੀ ਹਿੱਸੇ ਦਾਰੀ ਵਿਚ ਪੰਜਾਬ ਦੇ ਮੁੱਖ ਮੰਤਰੀ ਪ੍ਰਕਾਸ਼ ਸਿੰਘ ਬਾਦਲ, ਉਪ ਮੁੱਖ ਮੰਤਰੀ ਸੁਖਬੀਰ ਸਿੰਘ ਬਾਦਲ, ਸੁਖਬੀਰ ਸਿੰਘ ਬਾਦਲ ਦੀ ਸੱਸ ਸੁਖਮਨਜਸ ਮਜੀਠੀਆ, ਸੁਖਬੀਰ ਬਾਦਲ ਦੀ ਪਤਨੀ ਹਰਸਿਮਰਤ ਕੌਰ ਬਾਦਲ ਅਤੇ ਉਸਦਾ ਪਿਤਾ ਸਤਿਆਜੀਤ ਸਿੰਘ ਮਜੀਠੀਆ ਤੇ ਸੁਖਬੀਰ ਬਾਦਲ ਦੀ ਭੈਣ ਪ੍ਰਨੀਤ ਕੌਰ ਹਨ।
"
"The people named in the cases include Hafiz Saeed, his brother-in-law Abdul Rehman Makki, Ameer Hamza and Muhammad Yahya Aziz.
","ਗ੍ਰਿਫਤਾਰ ਮੈਂਬਰਾਂ ’ਚ ਮਿਆਂਮਾ ਮੂਲ ਦੇ ਹਾਫਿਜ਼ ਸ਼ਫੀਕ ਉਰਫ ਸ਼ਬੀਉੱਲਾਹ, ਅਜੀਜੁੱਰਹਿਮਾਨ ਉਰਫ ਅਜੀਜ਼, ਮੁਫੀਜੁੱਰਹਿਮਾਨ ਉਰਫ ਮੁਫਜੀ ਅਤੇ ਮੁਹੰਮਦ ਇਸਮਾਇਲ ਸ਼ਾਮਲ ਹਨ।
"
"Police also arrested his wife and his brother-in-law’s wife.
","ਇਸ ਦੇ ਨਾਲ ਹੀ ਪੁਲਿਸ ਨੇ ਇੱਕ ਵਿਅਕਤੀ, ਉਸ ਦੀ ਭੈਣ ਤੇ ਪਤਨੀ ਨੂੰ ਵੀ ਕਾਬੂ ਕੀਤਾ ਹੈ।
"
"Aditya Alva is former Karnataka Minister Jeevaraj Alva’s son and actor Vivek Oberoi’s brother-in-law.
","ਅਦਿੱਤਿਆ ਅਥਵਾ ਤੇ ਪ੍ਰਿਅੰਕਾ ਅਲਵਾ ਓਬਰਾਏ ਕਰਨਾਟਕ ਦੇ ਸਾਬਕਾ ਮੰਤਰੀ ਜੀਵਰਾਜ ਅਲਵਾ ਦੇ ਪੁੱਤਰ ਦੀ ਪੁੱਤਰੀ ਹੈ।
"
"Alva is the brother-in-law of Bollywood actor Vivek Oberoi and son of late Jeevaraj Alva, a former Karnataka minister.
","ਆਦਿਤਿਆ ਅਲਵਾ ਵਿਵੇਕ ਓਬਰਾਏ ਦਾ ਜਵਾਈ ਅਤੇ ਸਾਬਕਾ ਮੰਤਰੀ ਜੀਵਰਾਜ ਅਲਵਾ ਦਾ ਬੇਟਾ ਹੈ।
"
"Congress president Rahul Gandhi's brother-in-law and Priyanka's husband Robert Vadra also condemned the incident.
","ਇਸ ਹਿੰਸਾ ਵਿਰੁੱਧ ਕਾਂਗਰਸ ਜਨਰਲ ਸਕੱਤਰ ਪ੍ਰਿਅੰਕਾ ਗਾਂਧੀ ਵਾਡਰਾ ਦੇ ਪਤੀ ਰਾਬਰਟ ਵਾਡਰਾ ਨੇ ਵੀ ਦੁੱਖ ਜ਼ਾਹਰ ਕੀਤਾ।
"
"Hafiz Saeed's brother-in-law Hafiz Abdur Rehman Makki, JuD spokesperson Yahya Mujahid and Zafar Iqbal were handed down the six-month imprisonment each by the Anti-Terrorism Court (ATC) Lahore.
","ਲਾਹੌਰ ਦੀ ਅਤਿਵਾਦ ਵਿਰੋਧੀ ਅਦਾਲਤ ਵੱਲੋਂ ਸਈਦ ਦੇ ਰਿਸ਼ਤੇਦਾਰ ਹਾਫ਼ਿਜ਼ ਅਬਦੁਰ ਰਹਿਮਾਨ ਮੱਕੀ, ਜਮਾਤ-ਉਦ-ਦਾਵਾ ਦੇ ਬੁਲਾਰੇ ਯਾਹੀਆ ਮੁਜਾਹਿਦ ਅਤੇ ਜ਼ਫ਼ਰ ਇਕਬਾਲ ਨੂੰ ਛੇ ਮਹੀਨਿਆਂ ਦੀ ਕੈਦ ਦੀ ਸਜ਼ਾ ਸੁਣਾਈ ਗਈ ਹੈ।
"
"The wife of Prince William agreed and did not come herself, but brought with her husband and brother-in-law.
","ਪ੍ਰਿੰਸ ਵਿਲੀਅਮ ਦੀ ਪਤਨੀ ਇਸ ਗੱਲ 'ਤੇ ਸਹਿਮਤ ਹੋਈ ਅਤੇ ਖੁਦ ਨਹੀਂ ਆਈ, ਪਰ ਆਪਣੇ ਪਤੀ ਅਤੇ ਰਿਸ਼ਤੇਦਾਰ ਨਾਲ ਲਿਆਏ.
"
"New Delhi: The Enforcement Directorate (ED) has issued summons to former ICICI Bank CEO Chanda Kochchar, her husband Deepak Kochchar and brother-in-law Rajiv Kochchar for questionning in a money-laundering case.
","ਨਵੀਂ ਦਿੱਲੀ (ਪੀਟੀਆਈ) : ਈਡੀ ਨੇ ਬੈਂਕ ਕਰਜ਼ ਧੋਖਾਦੇਹੀ ਨਾਲ ਜੁੜੇ ਮਨੀ ਲਾਂਡਿ੍ੰਗ ਮਾਮਲੇ ਵਿਚ ਆਈਸੀਆਈਸੀਆਈ ਬੈਂਕ ਦੀ ਸਾਬਕਾ ਕਾਰਜਕਾਰੀ ਅਧਿਕਾਰੀ (ਸੀਈਓ) ਚੰਦਾ ਕੋਚਰ ਤੇ ਉਨ੍ਹਾਂ ਦੇ ਪਤੀ ਦੀਪਕ ਕੋਚਰ ਨੂੰ ਸੰਮਨ ਜਾਰੀ ਕਰਕੇ ਅਗਲੇ ਹਫ਼ਤੇ ਤਲਬ ਕੀਤਾ ਹੈ।
"
"New Delhi: Robert Vadra, brother-in-law of Congress president Rahul Gandhi, was questioned by the Enforcement Directorate (ED) for about three hours on Wednesday in connection with a money laundering case, officials said.
","ਨਵੀਂ ਦਿੱਲੀ (ਏਜੰਸੀਆਂ) : ਕਾਂਗਰਸ ਪ੍ਧਾਨ ਰਾਹੁਲ ਗਾਂਧੀ ਦੇ ਜੀਜੇ ਰਾਬਰਟ ਵਾਡਰਾ ਤੋਂ ਈਡੀ ਮਨੀ ਲਾਂਡਿ੍ੰਗ ਦੇ ਇਕ ਮਾਮਲੇ 'ਚ ਸਿਰਫ਼ ਤਿੰਨ ਘੰਟੇ ਹੀ ਪੁੱਛਗਿੱਛ ਕਰ ਸਕੀ।
"
"Bikram, also the brother-in-law of Congress MP Ravneet Singh Bittu, is a strong candidate for the post of chairman as he is the district Congress president.
","ਬਿਕਰਮ ਦਰਅਸਲ ਕਾਂਗਰਸੀ ਐੱਮਪੀ ਰਵਨੀਤ ਸਿੰਘ ਬਿੱਟੂ ਦੇ ਵੀ ਨੇੜਲੇ ਰਿਸ਼ਤੇਦਾਰ ਹਨ ਅਤੇ ੳਹ ਚੇਅਰਮੈਨ ਦੇ ਅਹੁਦੇ ਲਈ ਮਜ਼ਬੂਤ ਉਮੀਦਵਾਰ ਬਣ ਗਏ ਹਨ।
"
"But his brother-in-law refused to do so.
","ਪਰ ਨੂੰਹ ਨੇ ਅਜਿਹਾ ਕਰਨ ਤੋਂ ਇਨਕਾਰ ਕਰ ਦਿੱਤਾ ਗਿਆ।
"
"Questioning the credentials of Kejriwal, the Minister said that how could Kejriwal dream to take reins of Punjab since he had already tendered apology to SAD leader Sukhbir Singh Badal and his brother-in-law Bikram Singh Majithia, who were badly rejected by the people of Punjab politically.
","ਕੇਜਰੀਵਾਲ ਦੀਆਂ ਮਨਘੜਤ ਗੱਲਾਂ ਉੱਤੇ ਸਵਾਲ ਉਠਾਉਂਦਿਆਂ ਮੰਤਰੀ ਨੇ ਕਿਹਾ ਕਿ ਕੇਜਰੀਵਾਲ ਕਿਵੇਂ ਪੰਜਾਬ ਦੀ ਸੱਤਾ ਸੰਭਾਲਣ ਦਾ ਸੁੁਪਨਾ ਕਿਵੇਂ ਲੈ ਸਕਦਾ ਹੈ ਕਿਉਂਕਿ ਉਸਨੇ ਪਹਿਲਾਂ ਹੀ ਅਕਾਲੀ ਆਗੂ ਸੁੁਖਬੀਰ ਸਿੰਘ ਬਾਦਲ ਅਤੇ ਉਸ ਦੇ ਰਿਸ਼ਤੇਦਾਰ ਬਿਕਰਮ ਸਿੰਘ ਮਜੀਠੀਆ ਤੋਂ ਮੁੁਆਫੀ ਮੰਗੀ ਸੀ, ਜਿਨਾਂ ਨੂੰ ਲੋਕਾਂ ਨੇ ਬੁੁਰੀ ਤਰਾਂ ਨਕਾਰ ਦਿੱਤਾ ਸੀ।
"
"Former chief minister Amarinder Singh has been accusing state Revenue Minister Bikram Singh Majithia, the brother-in-law of the junior Badal, of being patronising drug trade.
","ਕੈਪਟਨ ਅਮਰਿੰਦਰ ਸਿੰਘ ਨੇ ਇਲਜ਼ਾਮ ਲਾਇਆ ਸੀ ਕਿ ਪੰਜਾਬ ਦੇ ਸਾਬਕਾ ਮੰਤਰੀ ਬਿਕਰਮ ਸਿੰਘ ਮਜੀਠੀਆ ਦਾ ਨਸ਼ੇ ਦੇ ਕਾਰੋਬਾਰ ਵਿੱਚ ਹਿੱਸਾ ਹੈ।
"
"Chandigarh: Retired judge of Punjab and Haryana High Court Justice Ranjit Singh, who headed the one-man commission — set up to probe the infamous Bargari sacrilege case — has complained to chief justice of the High Court against a sitting judge for showing “undue haste” in hearing a complaint against deputy CM of Punjab Sukhbir Singh Badal and his brother-in-law Bikram Singh Majithia.
","ਚੰਡੀਗੜ੍ਹ: ਪੰਜਾਬ ਅਤੇ ਹਰਿਆਣਾ ਹਾਈ ਕੋਰਟ ਦੇ ਸਾਬਕਾ ਜੱਜ ਜਸਟਿਸ ਰਣਜੀਤ ਸਿੰਘ ਵਲੋਂ ਪੰਜਾਬ ਦੇ ਸਾਬਕਾ ਮੁੱਖ ਮੰਤਰੀ ਸੁਖਬੀਰ ਸਿੰਘ ਬਾਦਲ ਖਿਲਾਫ ਅਪਰਾਧਿਕ ਸ਼ਿਕਾਇਤ ਦਰਜ ਕਰਵਾਈ ਗਈ ਹੈ।
"
"Police said the deceased’s brother Gurdeep Singh has filed a complaint against his brother-in-law Mangat Singh and his family for harassing his sister.
","ਡੀਐਸਪੀ ਨੇ ਦੱਸਿਆ ਕਿ ਪੁਲਿਸ ਨੇ ਮ੍ਰਿਤਕ ਮਨਜੋਤ ਸਿੰਘ ਦੇ ਰਿਸ਼ਤੇਦਾਰ ਕੁਲਦੀਪ ਸਿੰਘ ਦੇ ਬਿਆਨ ਦੇ ਆਧਾਰ ‘ਤੇ ਗੁਰਜੀਤ ਸਿੰਘ, ਉਸ ਦੇ ਪਿਤਾ ਜੋਗਿੰਦਰ ਸਿੰਘ ਅਤੇ ਪਰਿਵਾਰ ਦੀਆਂ ਤਿੰਨ ਔਰਤਾਂ ਖ਼ਿਲਾਫ਼ ਥਾਣਾ ਸਦਰ ਬਟਾਲਾ ਵਿੱਚ ਕਤਲ ਅਤੇ ਆਰਮਜ਼ ਐਕਟ ਤਹਿਤ ਕੇਸ ਦਰਜ ਕੀਤਾ ਗਿਆ।
"
"Arbaaz Khan posted a pic of his with brothers Salman and Arbaaz, Sonakshi Sinha, sister Alvira and brother-in-law Atul Agnihotri as they celebrated Alvira's birthday.
","ਸਲਮਾਨ ਖਾਨ ਦੀ ਭੈਣ ਅਰਪਿਤਾ ਖਾਨ ਨੇ ਇਕ ਤਸਵੀਰ ਸ਼ੇਅਰ ਕੀਤੀ ਹੈ, ਜਿਸ 'ਚ ਆਹਿਲ ਆਪਣੇ ਕਜ਼ਨ ਭਰਾਵਾਂ ਅਯਾਨ ਅਗਨੀਹੋਤਰੀ, ਨਿਰਵਾਨ ਖਾਨ ਅਤੇ ਅਰਹਾਨ ਖਾਨ ਨਾਲ ਨਜ਼ਰ ਆ ਰਿਹਾ ਹੈ।
"
"Hafiz Saeed’s brother-in-law arrested in Pakistan
","ਹਾਫ਼ਿਜ਼ ਸਈਦ ਦਾ ਨੇੜਲਾ ਰਿਸ਼ਤੇਦਾਰ ਪਾਕਿਸਤਾਨ ’ਚ ਗ੍ਰਿਫ਼ਤਾਰ
"
"The police said the victims were returning home after celebrating Chhath Puja at their brother-in-law’s home at Dewani Gonahi in the district.
","ਪੁਲੀਸ ਨੇ ਦੱਸਿਆ ਕਿ ਘਟਨਾ ਦਾ ਸ਼ਿਕਾਰ ਹੋਏ ਉਕਤ ਲੋਕ ਰੋਤਾਹਟ ਜ਼ਿਲ੍ਹੇ ਦੇ ਦੇਵਾਨੀ ਗੋਨਾਹੀ ਵਿੱਚ ਆਪਣੇ ਰਿਸ਼ਤੇਦਾਰਾਂ ਕੋਲ ਛੱਠ ਪੂਜਾ ਦਾ ਤਿਉਹਾਰ ਮਨਾਉਣ ਮਗਰੋਂ ਘਰ ਵਾਪਸ ਜਾ ਰਹੇ ਸਨ।
"
"My brother-in-law is a police constable.
","ਮੇਰਾ ਵੱਡਾ ਭਰਾ ਥਾਣੇਦਾਰ ਹੈ ।
"
"The film marks the Bollywood debut of Salman’s brother-in-law Aayush Sharma and Warina Hussain.
","ਇਸ ਫ਼ਿਲਮ ਨਾਲ ਸਲਮਾਨ ਦੀ ਭੈਣ ਅਰਪਿਤਾ ਦਾ ਪਤੀ ਆਯੁਸ਼ ਸ਼ਰਮਾ ਤੇ ਵਰੀਨਾ ਬਾਲੀਵੁੱਡ ਡੈਬਿਊ ਕਰਨ ਵਾਲੇ ਹਨ।
"
"Police said the deceased’s brother Gurdeep Singh has filed a complaint against his brother-in-law Mangat Singh and his family for harassing his sister.
","ਮ੍ਰਿਤਕ ਕੇ ਛੋਟੇ ਭਰਾ ਗੁਰਦੀਪ ਸਿੰਘ ਨੇ ਆਪਣੇ ਭਰਾ ਦੀ ਖ਼ੁਦਕੁਸ਼ੀ ਲਈ ਭਰਾ ਦੀ ਪਤਨੀ ਅਤੇ ਸਹੁਰੇ ਪਰਿਵਾਰ ਨੂੰ ਜ਼ਿੰਮੇਵਾਰ ਦੱਸਿਆ ਜੋ ਹਮੇਸ਼ਾ ਉਸਨੂੰ ਤਾਨ੍ਹੇ ਮਾਰ ਕੇ ਪਰੇਸ਼ਾਨ ਕਰਦੇ ਸਨ।
"
"New Delhi: Salman Khan, along with his entire family, attended sister Arpita and brother-in-law Aayush Sharma's Diwali party in Mumbai over the weekend.
","""ਮੁੰਬਈ (ਬਿਊਰੋ)— ਸਲਮਾਨ ਖਾਨ ਦੀ ਭੈਣ ਅਰਪਿਤਾ ਖਾਨ ਸ਼ਰਮਾ ਨੇ ਬੀਤੀ ਰਾਤ ਆਪਣੇ ਘਰ ਦੀਵਾਲੀ ਪਾਰਟੀ ਜਾ ਆਯੋਜਨ ਕੀਤਾ, ਜਿਸ 'ਚ ਖਾਨ ਪਰਿਵਾਰ ਤੋਂ ਇਲਾਵਾ ਕਈ ਬਾਲੀਵੁੱਡ ਸੈਲੇਬਸ ਵੀ ਦਿਖਾਈ ਦਿੱਤੇ।
"
"Punjab cabinet minister Navjot Singh Sidhu attempted to shift the blame on Shiromani Akali Dal president Sukhbir Singh Badal and his brother-in-law former cabinet minister Bikram Singh Majithia for BJP’s defeat.
","""ਕੈਬਨਿਟ ਮੰਤਰੀ ਨਵਜੋਤ ਸਿੰਘ ਸਿੱਧੂ ਨੇ ਸਾਬਕਾ ਮੁੱਖ ਮੰਤਰੀ ਪ੍ਰਕਾਸ਼ ਸਿੰਘ ਬਾਦਲ ਤੇ ਸ਼੍ਰੋਮਣੀ ਅਕਾਲੀ ਦਲ ਦੇ ਪ੍ਰਧਾਨ ਸੁਖਬੀਰ ਸਿੰਘ ਬਾਦਲ ਨੂੰ ਸਿੱਖ ਪੰਥ 'ਚੋਂ ਛੇਕਣ ਦੀ ਅਪੀਲ ਕੀਤੀ ਹੈ।
"
"In an interview, Raj had told that Kavita was having an affair with her brother-in-law, due to which he divorced her.
","ਇਕ ਇੰਟਰਵਿਊ 'ਚ ਰਾਜ ਨੇ ਦੱਸਿਆ ਸੀ ਕਿ ਕਵਿਤਾ ਦਾ ਉਨ੍ਹਾਂ ਦੇ ਜੀਜੇ ਨਾਲ ਅਫੇਅਰ ਚੱਲ ਰਿਹਾ ਸੀ ਜਿਸ ਕਾਰਨ ਉਨ੍ਹਾਂ ਨੇ ਉਸ ਨੂੰ ਤਲਾਕ ਦਿੱਤਾ।
"
"Hafiz Saeed’s brother-in-law arrested in Pakistan
","ਪਾਕਿਸਤਾਨ 'ਚ ਹਾਫਿਜ਼ ਸਈਦ ਗ੍ਰਿਫ਼ਤਾਰ
"
"Aayush Sharma, Salman Khan's brother-in-law, is all set to make his debut in Bollywood.
","ਸਲਮਾਨ ਖ਼ਾਨ ਦੀ ਭੈਣ ਅਰਪਿਤਾ ਦੇ ਪਤੀ ਆਯੁਸ਼ ਸ਼ਰਮਾ ਨੂੰ ਬਾਲੀਵੁੱਡ ਵਿੱਚ ਲਾਂਚ ਕਰਨ ਜਾ ਰਹੇ ਹਨ।
"
"Rauff is the brother-in-law of the younger brother of Jaish chief Maulana Masood Azhar.
","ਰਉਫ ਮੌਲਾਨਾ ਜੈਸ਼ ਦੇ ਚੀਫ ਮਸੂਦ ਅਜ਼ਹਰ ਦਾ ਭਰਾ ਹੈ।
"
"Ayat's father and Salman Khan's brother-in-law Aayush Sharma (married to Arpita Khan Sharma) shared a priceless picture of Salman Khan and Ayat on his Instagram stories.
","ਅਰਪਿਤਾ ਖਾਨ ਨੇ ਆਪਣੇ ਇੰਸਟਾਗ੍ਰਾਮ ਅਕਾਊਂਟ ‘ਤੇ ਆਪਣੇ ਭਰਾ ਸਲਮਾਨ ਖਾਨ ਦੀ ਇਕ ਤਸਵੀਰ ਸ਼ੇਅਰ ਕੀਤੀ ਹੈ।
"
"Police, on the basis of statement given by the victim, have registered a case against the girl's father and his brother-in-law Jagdev Singh and his son Kamaljeet Singh.
","ਐੱਫਆਈਆਰ ਅਨੁਸਾਰ ਗੁਲਸ਼ਨ ਕੁਮਾਰ ਵਾਸੀ ਪਿੰਡ ਨੰਗਲ ਦੇ ਬਿਆਨ 'ਤੇ ਪੁਲਿਸ ਨੇ ਬਲਦੇਵ ਸਿੰਘ, ਉਸ ਦੇ ਪੁੱਤਰ ਸਿਮਰਜੀਤ ਸਿੰਘ ਤੇ ਪਤਨੀ ਕੁਲਦੀਪ ਕੌਰ 'ਤੇ ਕੇਸ ਦਰਜ ਕਰ ਕੇ ਅਗਲੇਰੀ ਕਾਰਵਾਈ ਆਰੰਭ ਦਿੱਤੀ ਹੈ।
"
"According to the evidence, the plot for the Pulwama attack was hatched by JeM chief Masood Azhar and his younger brother Abdul Rauf Asghar, the de facto operational commander of the terrorist group, to avenge the death of their kin Talha Rasheed, son of Masood Azhar’s brother-in-law Abdul Rasheed.
","ਸਬੂਤਾਂ ਮੁਤਾਬਕ ਪੁਲਵਾਮਾ ਹਮਲੇ ਦੀ ਸਾਜਿਸ਼ ਜੇਐਮ ਪ੍ਰਮੁੱਖ ਮਸੂਦ ਅਜਹਰ ਅਤੇ ਉਸਦੇ ਛੋਟੇ ਭਾਈ ਅਬਦੁਲ ਰਊਫ ਅਸਗਰ ਨੇ ਬਣਾਈ ਸੀ, ਜੋ ਅੱਤਵਾਦੀ ਗੁੱਟ ਦੇ ਡੇ ਫੈਕਟੋ ਦਾ ਆਪਰੇਸ਼ਨਲ ਕਮਾਂਡਰ ਸੀ।
"
"Akshay Kumar attended with wife Twinkle Khanna and brother-in-law Karan Kapadia.
","ਅਕਸ਼ੇ ਕੁਮਾਰ ਦੇ ਨਾਲ ਉਸ ਵੇਲੇ ਉਨ੍ਹਾਂ ਦੀ ਪਤਨੀ ਟਵਿੰਕਲ ਤੇ ਸੱਸ ਡਿੰਪਲ ਕਪਾਡੀਆ ਵੀ ਮੌਜੂਦ ਸਨ।
"
"Aditya is the son of the late minister Jeevaraj Alva and the brother-in-law of Bollywood star Vivek Oberoi.
","ਆਦਿਤਿਆ ਅਲਵਾ ਵਿਵੇਕ ਓਬਰਾਏ ਦਾ ਜਵਾਈ ਅਤੇ ਸਾਬਕਾ ਮੰਤਰੀ ਜੀਵਰਾਜ ਅਲਵਾ ਦਾ ਬੇਟਾ ਹੈ।
"
"Sridevi's brother-in-law and actor Sanjay Kapoor said she had no history of heart ailment .
","ਦੁਬਈ - ਸ੍ਰੀਦੇਵੀ ਦੇ ਦਿਓਰ ਤੇ ਅਦਾਕਾਰ ਸੰਜੈ ਕਪੂਰ ਨੇ ਕਿਹਾ ਕਿ ਅਦਾਕਾਰਾ ਨੂੰ ਕਦੇ ਵੀ ਦਿਲ ਦਾ ਕੋਈ ਰੋਗ ਨਹੀਂ ਰਿਹਾ।
"
"Besides, Hafiz Saeed and his brother-in-law Abdul Rehman Makki, the other JuD leaders against whom cases have been registered are Malik Zafar Iqbal, Ameer Hamza, Mohammad Yahya Aziz, Mohammad Naeem, Mohsin Bilal, Abdul Raqeeb, Dr Ahmad Daud, Dr Muhammad Ayub, Abdullah Ubaid, Mohammad Ali and Abdul Ghaffar.
","ਜੇਯੂਡੀ ਦੇ ਚੋਟੀ ਦੇ ਨੇਤਾਵਾਂ ਤੋਂ ਇਲਾਵਾ, ਮਲਿਕ ਜ਼ਫਰ ਇਕਬਾਲ, ਆਮਿਰ ਹਮਜ਼ਾ, ਮੁਹੰਮਦ ਯਾਹੀਆ ਅਜ਼ੀਜ਼, ਮੁਹੰਮਦ ਨਈਮ, ਮੋਹਸਿਨ ਬਿਲਾਲ, ਅਬਦੁੱਲ ਰਕੀਬ, ਡਾ. ਅਹਿਮਦ ਦਾਊਦ, ਡਾ ਮੁਹੰਮਦ ਅਯੂਬ, ਅਬਦੁੱਲਾ ਉਬੈਦ, ਮੁਹੰਮਦ ਅਲੀ ਅਤੇ ਅਬਦੁੱਲ ਗੱਫਰ ਵਿਰੁੱਧ ਕੇਸ ਦਰਜ ਕੀਤੇ ਗਏ ਸਨ।
"
"He is the brother-in-law of the late BJP leader Pramod Mahajan.
","ਉਹ ਮਰਹੂਮ ਭਾਜਪਾ ਆਗੂ, ਪ੍ਰਮੋਦ ਮਹਾਜਨ ਦਾ ਭਣੋਈਆ ਸੀ।
"
"Aayush Sharma is married to Arpita Khan Sharma and is the brother-in-law of Sohail Khan.
","ਆਹਿਲ ਸਲਮਾਨ ਦੀ ਭੈਣ ਅਰਪਿਤਾ ਤੇ ਆਯੂਸ਼ ਸ਼ਰਮਾ ਦਾ ਬੇਟਾ ਹੈ।
"
"Singapore High Court has ordered freezing of Rs 44.41 crore bank deposit kept in the country by absconder Nirav Modi’s sister Purvi Modi and brother-in-law Maiank Mehta on the request of the Enforcement Directorate (ED), the agency said.
","ਸਿੰਗਾਪੁਰ ਹਾਈ ਕੋਰਟ ਨੇ ਇੱਕ ਭਾਰਤੀ ਜਾਂਚ ਏਜੰਸੀ ਦੀ ਅਰਜ਼ੀ 'ਤੇ ਅਰਬਾਂ ਰੁਪਏ ਦੇ ਪੰਜਾਬ ਨੈਸ਼ਨਲ ਬੈਂਕ ਕਰਜ਼ ਧੋਖਾਧੜੀ ਮਾਮਲੇ ਵਿੱਚ ਮੁਲਜ਼ਮ ਨੀਰਵ ਮੋਦੀ ਦੀ ਭੈਣ ਅਤੇ ਬਹਿਨੋਈ ਦੇ ਬੈਂਕ ਵਿੱਚ ਜਮ੍ਹਾਂ 44.41 ਕਰੋੜ ਰੁਪਏ ਜ਼ਬਤ ਕਰਨ ਦੇ ਹੁਕਮ ਦਿੱਤੇ ਹਨ।
"
"Actor Priyanka Chopra attended the wedding ceremony of her brother-in-law Joe Jonas and Game of Thrones star Sophie Turner in France during the weekend in a pink sari.
","‘ਗੇਮ ਆਫ ਥ੍ਰੋਨਜ਼’ ਸਟਾਰ ਸੋਫੀ ਟਰਨਰ ਤੇ ਅਮਰੀਕੀ ਗਾਇਕ ਜੋ ਜੋਨਸ ਦੇ ਫਰਾਂਸ ਵਿੱਚ ਹੋਏ ਵਿਆਹ ਵਿੱਚ ਅਦਾਕਾਰਾ ਪ੍ਰਿਅੰਕਾ ਚੋਪੜਾ ਭਾਰਤੀ ਲਿਬਾਸ ਵਿੱਚ ਨਜ਼ਰ ਆਈ।
"
"Chandigarh: Retired judge of Punjab and Haryana High Court Justice Ranjit Singh, who headed the one-man commission — set up to probe the infamous Bargari sacrilege case — has complained to chief justice of the High Court against a sitting judge for showing “undue haste” in hearing a complaint against deputy CM of Punjab Sukhbir Singh Badal and his brother-in-law Bikram Singh Majithia.
","ਚੰਡੀਗੜ੍ਹ: ਬੇਅਦਬੀ ਅਤੇ ਗੋਲ਼ੀਕਾਂਡ ਦੀ ਜਾਂਚ ਕਰ ਚੁੱਕੇ ਜਸਟਿਸ (ਸੇਵਾਮੁਕਤ) ਰਣਜੀਤ ਸਿੰਘ ਕਮਿਸ਼ਨ ਵੱਲੋਂ ਅਕਾਲੀ ਲੀਡਰਾਂ ਸੁਖਬੀਰ ਬਾਦਲ ਅਤੇ ਬਿਕਰਮ ਮਜੀਠੀਆ ਖ਼ਿਲਾਫ਼ ਦਿੱਤੀ ਫ਼ੌਜਦਾਰੀ ਸ਼ਿਕਾਇਤ 'ਤੇ ਪੰਜਾਬ ਹਰਿਆਣਾ ਹਾਈ ਕੋਰਟ ਨੇ ਅਗਲੀ ਕਾਰਵਾਈ ਦੇ ਹੁਕਮ ਦੇ ਦਿੱਤੇ ਹਨ।
"
"The TMC MP further said that Sekhawat is the son of Dhankhar’s brother-in-law, and Ruchi Dubey and Prasant Diksit are respectively wife and brother of his former aide-de-camp (ADC) Major Gorang Diksit.
","ਟੀਐੱਮਸੀ ਸੰਸਦ ਮੈਂਬਰ ਨੇ ਕਿਹਾ ਕਿ ਅਭਯੂਦਯ ਸਿੰਘ ਸ਼ੇਖਾਵਤ, ਧਨਖੜ ਕੇ ਜੀਜੇ ਦਾ ਪੁੱਤਰ ਹੈ ਜਦਕਿ ਰੁਚੀ ਦੂਬੇ ਉਨ੍ਹਾਂ ਦੇ ਸਾਬਕਾ ਏਡੀਸੀ ਮੇਜਰ ਗੋਰਾਂਗ ਦੀਕਸ਼ਿਤ ਦੀ ਪਤਨੀ ਅਤੇ ਪ੍ਰਸ਼ਾਂਤ ਦੀਕਸ਼ਿਤ ਭਰਾ ਹੈ।
"
"Shurin is already the brother of his wife, he can be called a swager, and brother-in-law is the husband's brother, and it is also permissible to call him a schwager.
","ਸ਼ੁਰਿਨ ਪਹਿਲਾਂ ਹੀ ਆਪਣੀ ਪਤਨੀ ਦਾ ਭਰਾ ਹੈ, ਉਸਨੂੰ ਇੱਕ ਸਵੈਂਜਰ ਕਿਹਾ ਜਾ ਸਕਦਾ ਹੈ, ਅਤੇ ਦਾਦਾ ਜੀ ਦੇ ਪਤੀ ਦਾ ਭਰਾ ਹੈ, ਅਤੇ ਉਸਨੂੰ ਵੀ ਇੱਕ ਵਿਦਵਾਨ ਕਹਿੰਦੇ ਹਨ.
"
"She adds in her sworn affidavit that her husband and brother-in-law, both constables with the Delhi Police, were suspended in connection with a case dating back to 2012 that had been mutually resolved.
","ਉਸ ਨੇ ਦਾਅਵਾ ਕੀਤਾ ਕਿ ਉਸ ਦੇ ਪਤੀ ਅਤੇ ਇਕ ਹੋਰ ਰਿਸ਼ਤੇਦਾਰ, ਜੋ ਦੋਵੇਂ ਹੈੱਡ ਕਾਂਸਟੇਬਲ ਸਨ, ਨੂੰ 2012 ਦੇ ਅਪਰਾਧਿਕ ਕੇਸ ਲਈ ਮੁਅੱਤਲ ਕਰ ਦਿੱਤਾ ਗਿਆ ਜਿਸ ਦਾ ਆਪਸੀ ਸੁਲ੍ਹਾ ਨਾਲ ਨਿਪਟਾਰਾ ਹੋ ਗਿਆ ਸੀ।
"
"Punjab cabinet minister Navjot Singh Sidhu attempted to shift the blame on SAD president Sukhbir Singh Badal and his brother-in-law former cabinet minister Bikram Singh Majithia for BJP’s defeat.
","ਨਵਜੋਤ ਸਿੰਘ ਸਿੱਧੂ ਸ਼੍ਰੋਮਣੀ ਅਕਾਲੀ ਦਲ ਦੇ ਪ੍ਰਧਾਨ ਅਤੇ ਪੰਜਾਬ ਦੇ ਸਾਬਕਾ ਉਪ ਮੁੱਖ ਮੰਤਰੀ ਸੁਖਬੀਰ ਸਿੰਘ ਬਾਦਲ ’ਤੇ ਬੇਅਦਬੀ ਮਾਮਲੇ ਨੂੰ ਲੈ ਕੇ ਨਿਸ਼ਾਨੇ ਸੇਧ ਰਹੇ ਹਨ।
"
"His sister, brother-in-law and mother were in the house at that time.
","ਉੁਸ ਵੇਲੇ ਉਹਦੇ ਘਰ 'ਚ ਉਸ ਦੀ ਮਾਂ, ਭਰਾ, ਭੈਣ ਤੇ ਪਿਤਾ ਵੀ ਹਾਜ਼ਰ ਸਨ।
"
"Her sister and brother-in-law were also present there.
","ਉਨ੍ਹਾਂ ਦੇ ਭਰਾ ਅਤੇ ਭਾਬੀ ਵੀ ਨਾਲ ਸਨ।
"
"Hafiz Saeed’s brother-in-law arrested in Pakistan
","ਹਾਫਿਜ਼ ਸਈਦ ਪਾਕਿਸਤਾਨ ਵਿੱਚ ਕੀਤਾ ਗਿਆ ਗ੍ਰਿਫ਼ਤਾਰ
"
"Rahul Gandhi was accompanied by mother Sonia Gandhi, sister Priyanka Gandhi Vadra and brother-in-law Robert Vadra to the collectorate to file his nomination papers.
","ਆਪਣੀ ਮਾਂ ਅਤੇ ਕਾਂਗਰਸ ਦੀ ਪ੍ਰਧਾਨ ਸੋਨੀਆ ਗਾਂਧੀ, ਭੈਣ ਪ੍ਰਿਯੰਕਾ ਵਾਡਰਾ ਅਤੇ ਭਣਵੱਈਏ ਰਾਬਰਟ ਵਾਡਰਾ ਨਾਲ ਕੁਲੈਕਟਰ ਦਫ਼ਤਰ ਪੁੱਜੇ ਰਾਹੁਲ ਨੇ ਜ਼ਿਲ੍ਹਾ ਚੋਣ ਅਧਿਕਾਰੀ ਜਗਤ ਰਾਜ ਤਿਵਾੜੀ ਦੇ ਸਾਹਮਣੇ ਕਾਗ਼ਜ਼ ਦਾਖਲ ਕੀਤੇ।
"
"Apart from the cousins, also present at the party were Bebo's parents Babita and Radhir Kapoor, Saif's daughter Sara Ali Khan, and brother-in-law Kunal Kemmu.
","ਜਿਸ ਵਿਚ ਕਰੀਨਾ ਦੇ ਮਾਤਾ-ਪਿਤਾ ਰਣਧੀਰ ਕਪੂਰ ਅਤੇ ਬਬੀਤਾ, ਭੈਣ ਕਰਿਸ਼ਮਾ ਕਪੂਰ ਅਤੇ ਉਨ੍ਹਾਂ ਦੀ ਬੇਟੀ ਅਧਾਰਾ ਕਪੂਰ ਅਤੇ ਚਾਚਾ ਕੁਨਾਲ ਕਪੂਰ ਦੇ ਨਾਲ ਬੱਚੇ ਜਹਾਂ ਕਪੂਰ ਅਤੇ ਸ਼ੈਰਾ ਕਪੂਰ ਨਾਲ ਪਾਰਟੀ ਵਿੱਚ ਪਹੁੰਚੇ।
"
"Woman beaten to death allegedly by husband, brother-in-law over dowry
","ਚਰਿੱਤਰ 'ਤੇ ਸ਼ੱਕ ਦੇ ਚਲਦੇ ਪਤਨੀ ਦੀ ਕੁੱਟ-ਕੁੱਟ ਕੇ ਕੀਤੀ ਹੱਤਿਆ
"
"Aayush, who is Salman Khan’s brother-in-law and Arpita Khan’s husband.Aayush Sharma and actress Warina Hussain are set to make their debut with ‘Loveratri’.
","""ਫਿਲਮ """"ਲਵਰਾਤਰੀ"""" ਤੋਂ ਸਲਮਾਨ ਖ਼ਾਨ ਦੀ ਭੈਣ ਅਰਪਿਤਾ ਖਾਨ ਦੇ ਪਤੀ ਆਯੂਸ਼ ਸ਼ਰਮਾ ਤੇ ਵਰੀਨਾ ਹੁਸੈਨ ਦੋਵੇਂ ਹੀ ਬੌਲੀਵੁੱਡ ਵਿੱਚ ਡੈਬਿਊ ਕਰਨ ਵਾਲੇ ਹਨ।""
"
"Also present was Sukhbir Badal, his brother-in-law and cabinet minister Bikram Singh Majithia and other leaders.
","ਸੁਖਬੀਰ ਬਾਦਲ ਦੇ ਨਾਲ ਪ੍ਰੇਮ ਸਿੰਘ ਚੰਦੂਮਾਜਰਾ, ਬੀਬੀ ਜਗੀਰ ਕੌਰ ਤੇ ਬਿਕਰਮ ਸਿੰਘ ਮਜੀਠੀਆ ਅਤੇ ਹੋਰ ਆਗੂ ਵੀ ਸਨ।
"
"Bollywood actor Shahid Kapoor 's wife Mira Rajput is often seen teasing her brother-in-law Ishaan Khatter.
","ਜਾਣਕਾਰੀ ਮੁਤਾਬਿਕ ਬਾਲੀਵੁਡ ਅਦਾਕਾਰ ਸ਼ਾਹਿਦ ਕਪੂਰ ਅਤੇ ਉਨ੍ਹਾਂ ਦੀ ਪਤਨੀ ਮੀਰਾ ਰਾਜਪੂਤ ਅਕਸਰ ਹੀ ਆਪਣੀ ਕੈਮਿਸਟਰੀ ਨੂੰ ਲੈ ਕੇ ਚਰਚਾ ਵਿੱਚ ਬਣੇ ਰਹਿੰਦੇ ਹਨ।
"
"As per the report, the film will be co-produced by his sister Alvira Khan Agnihotri and his brother-in-law Atul Agnihotri.
","ਸੂਤਰਾਂ ਨੇ ਦੱਸਿਆ ਕਿ ਇਸ ਫਿਲਮ ਨੂੰ ਸਲਮਾਨ ਦੀ ਭੈਣ ਅਲਵੀਰਾ ਅਤੇ ਉਸਦਾ ਪਤੀ ਅਤੁਲ ਅਗਨੀਹੋਤਰੀ ਪ੍ਰੋਡਿਊਸ ਕਰਨਗੇ।
"
"The husband of the deceased, her mother-in-law, father-in-law, sister-in-law and brother-in-law have been taken into custody.
","ਦੋਸ਼ੀ ਸਹੁਰਾ ਪਰਿਵਾਰ 'ਚੋਂ ਪਤੀ, ਸਹੁਰਾ, ਸੱਸ ਅਤੇ ਦਿਓਰ ਨੂੰ ਹਿਰਾਸਤ ਵਿੱਚ ਲਿਆ ਗਿਆ ਹੈ।
"
"The brother-in-law of the deceased person intimated to the police about this incident.
","ਉਪਰੋਕਤ ਘਟਨਾ ਦੀ ਸੂਚਨਾ ਮ੍ਰਿਤਕ ਦੇ ਭਰਾ ਨੇ ਪੁਲਸ ਨੂੰ ਦਿੱਤੀ।
"
"He accused his brother-in-law of the crime.
","ਉਸਨੇ ਆਪਣੇ ਭਤੀਜੇ ਨੂੰ ਹੀ ਦੋਸ਼ੀ ਥਾਪਿਆ ਸੀ।
"
"Aditya Alva is the son of former minister Jeevraj Alva and brother-in-law of Bollywood actor Vivek Oberoi.
","ਇਹ ਜਾਣਿਆ ਜਾਂਦਾ ਹੈ ਕਿ ਆਦਿਤਿਆ ਅਲਵਾ ਵਿਵੇਕ ਓਬਰਾਏ ਦਾ ਜਵਾਈ ਹੈ ਅਤੇ ਸਾਬਕਾ ਮੰਤਰੀ ਜੀਵਰਾਜ ਅਲਵਾ ਦਾ ਬੇਟਾ ਹੈ. ਆਦਿੱਤਿਆ ਪਾਰਟੀਆਂ ਦੇ ਵੀ ਪ੍ਰਸਿੱਧ ਚਿਹਰੇ ਹਨ।
"
"Jaijeet Singh Johal ‘Jojo’ is the brother-in-law of Punjab’s finance minister Manpreet Singh Badal.
","ਪੰਜਾਬ ਦੇ ਵਿੱਤ ਮੰਤਰੀ ਮਨਪ੍ਰੀਤ ਬਾਦਲ ਦੇ ਰਿਸ਼ਤੇਦਾਰ ਜੈਜੀਤ ਸਿੰਘ ਜੌਹਲ ਨੇ ਕੀਤੀ ਪ੍ਰੈੱਸ ਕਾਨਫ਼ਰੰਸ
"
"Punjab cabinet minister Navjot Singh Sidhu attempted to shift the blame on SAD president Sukhbir Singh Badal and his brother-in-law former cabinet minister Bikram Singh Majithia for BJP’s defeat.
","ਨਵਜੋਤ ਸਿੰਘ ਸਿੱਧੂ ਸ਼੍ਰੋਮਣੀ ਅਕਾਲੀ ਦਲ ਦੇ ਪ੍ਰਧਾਨ ਅਤੇ ਪੰਜਾਬ ਦੇ ਸਾਬਕਾ ਉਪ ਮੁੱਖ ਮੰਤਰੀ ਸੁਖਬੀਰ ਸਿੰਘ ਬਾਦਲ ’ਤੇ ਬੇਅਦਬੀ ਮਾਮਲੇ ਨੂੰ ਲੈ ਕੇ ਨਿਸ਼ਾਨਾ ਸਾਧ ਰਹੇ ਹਨ।
"
"Saini is also facing trial in a special CBI court in Delhi in the alleged abduction of automobile businessman Vinod Kumar, his brother-in-law Ashok Kumar, and their driver Mukhtiyar Singh.
","ਇਹ ਮਾਮਲਾ ਸੈਣੀ ਮੋਟਰਜ਼ ਦੇ ਮਾਲਕ ਵਿਨੋਦ ਕੁਮਾਰ, ਉਸ ਦੇ ਭਣਵੀਏ ਅਸ਼ੋਕ ਕੁਮਾਰ ਅਤੇ ਡਰਾਈਵਰ ਮੁਖਤਿਆਰ ਸਿੰਘ ਨੂੰ ਜਬਰੀ ਚੁੱਕ ਕੇ ਸਦਾ ਲਈ ਲਾਪਤਾ ਕਰ ਦੇਣ ਦਾ ਹੈ, ਜਿਸ ਦੀ ਮੁਕਦਮਾਂ ਦਿੱਲੀ ਤੀਸਹਜ਼ਾਰੀ ਸਥਿਤ ਇਕ ਸੀ. ਬੀ. ਆਈ ਅਦਾਲਤ ਵਿਚ ਚੱਲ ਰਿਹਾ ਹੈ।
"
"""A case has been registered against her father, mother, sister and brother-in-law,"""" police said.""
","ਪੁਲੀਸ ਨੇ ਇਸ ਮਾਮਲੇ ਵਿੱਚ ਕਰਨ, ਉਸ ਦੇ ਪਿਤਾ, ਮਾਤਾ, ਭੈਣ ਅਤੇ ਜੀਜੇ ਖਿਲਾਫ ਮਾਮਲਾ ਦਰਜ ਕਰਕੇ ਪੜਤਾਲ ਸ਼ੁਰੂ ਕਰ ਦਿੱਤੀ ਹੈ।
"
"A former Chief Minister of Punjab Amarinder Singh is his brother-in-law.
","ਪੰਜਾਬ ਦਾ ਸਾਬਕਾ ਮੁੱਖ ਮੰਤਰੀ ਕੈਪਟਨ ਅਮਰਿੰਦਰ ਸਿੰਘ ਇਸੇ ਵੰਸ਼ ਵਿੱਚੋਂ ਹੈ।
"
"Harwinder Singh is brother-in-law of Harjinder Singh.
","- ਹਰਜਿੰਦਰ ਸਿੰਘ ਕਾਂਸਟੇਬਲ ਗੁਰਵਿੰਦਰ ਸਿੰਘ ਦਾ ਸਾਂਢੂ ਹੈ।
"
"Mr Vadra's brother-in-law and Congress leader Rahul Gandhi also has been slamming the government for the hike in fuel prices.
","ਰਾਹੁਲ ਗਾਂਧੀ ਤੋਂ ਇਲਾਵਾ ਉਨ੍ਹਾਂ ਦੇ ਜੀਜੇ ਰੌਬਰਟ ਵਾਡਰਾ ਨੇ ਵੀ ਪੈਟਰੋਲ-ਡੀਜ਼ਲ ਦੇ ਵਧਦੇ ਭਾਅ ਨੂੰ ਆਪਣੇ ਅੰਦਾਜ਼ 'ਚ ਵਿਰੋਧ ਜਤਾਇਆ।
"
"The film's remake rights have been bought by Salman's brother-in-law Atul Agnihotri.
","ਫਿਲਮ ਦੇ ਰੀਮੇਕ ਦੇ ਅਧਿਕਾਰ ਸਲਮਾਨ ਦੇ ਜੀਜੇ ਅਤੁਲ ਅਗਨੀਹੋਤਰੀ ਤੋਂ ਖਰੀਦੇ ਹਨ।
"
"The court was hearing a complaint filed by Mr Sharma, founder of the Roads Anti-Corruption Organisation, seeking a direction to the police to file an FIR against Mr Kejriwal, his brother-in-law Surender Bansal, a construction firm proprietor, and a government official for alleged irregularities in granting contracts for roads and sewer lines in Delhi.
","ਰੋਡਜ਼ ਐਂਟੀ ਕੁਰੱਪਸ਼ਨ ਆਰਗੇਨਾਈਜ਼ੇਸ਼ਨ ਦੇ ਸੰਸਥਾਪਕ ਸ੍ਰੀ ਸ਼ਰਮਾ ਨੇ ਦਿੱਲੀ 'ਚ ਸੜਕਾਂ ਅਤੇ ਸੀਵਰ ਲਾਈਨਾਂ ਲਈ ਠੇਕਿਆਂ ਦੀ ਮਨਜੂਰੀ ਵਿੱਚ ਕਥਿਤ ਬੇਨਿਯਮੀਆਂ ਬਾਰੇ ਕੇਜਰੀਵਾਲ, ਉਨ੍ਹਾ ਦੇ ਸਾਂਢੂ ਸੁਰਿੰਦਰ ਬਾਂਸਲ ਅਤੇ ਇੱਕ ਲੋਕ ਸੇਵਕ 'ਤੇ ਐੱਫ ਆਈ ਆਰ ਦਰਜ ਕਰਨ ਦਾ ਹੁਕਮ ਦੇਣ ਲਈ ਅਦਾਲਤ ਵਿੱਚ ਪਟੀਸ਼ਨ ਦਾਇਰ ਕੀਤੀ ਸੀ।
"
"The most likely candidates were two people: the Tsar's brother-in-law Boris Fedorovich Godunov and the cousin of the Tsar Fedor, the eldest son of Nikita Romanovich - Fyodor Nikitich Romanov.
","ਸਭ ਤੋਂ ਵੱਧ ਸੰਭਾਵਿਤ ਉਮੀਦਵਾਰ ਦੋ ਲੋਕ ਸਨ: ਜ਼ਸ਼ਰ ਦੇ ਜੀਜੇ ਬੋਰਿਸ ਫੇਡਰੋਵਿਚ ਗਦਾਊਨੋਵ ਅਤੇ ਨਿਕੇਤ ਰੋਨਾਲੋਵਿਕ ਦੇ ਸਭ ਤੋਂ ਵੱਡੇ ਪੁੱਤਰ, ਜ਼ਸ਼ਰ ਫਾਦਰ ਦੇ ਚਚੇਰੇ ਭਰਾ - ਫਿਓਦਰ ਨਿਕਿਟੀਚ ਰੋਮਨੋਵ.
"
"Actress Parineeti Chopra shared a picture with sister Priyanka Chopra and brother-in-law Nick Jonas.
","ਪ੍ਰਿਅੰਕਾ ਚੋਪੜਾ ਨੇ ਹਾਲ ਹੀ ਵਿਚ ਪਤੀ ਨਿਕ ਜੋਨਸ ਨਾਲ ਅਪਣੀ ਫੋਟੋ ਸ਼ੇਅਰ ਕੀਤੀ ਸੀ।
"
"Hafiz Saeed’s brother-in-law arrested in Pakistan
","ਹਾਫ਼ਿਜ਼ ਸਈਦ ਦੀ ਪਾਕਿਸਤਾਨ ’ਚ ਗ੍ਰਿਫ਼ਤਾਰੀ: ਕੀ ਰਹੀ ਵਜ੍ਹਾ
"
"Anil Kapoor and Saurabh Shukla play brother-in-laws in the movie.
","ਇਸ ਫਿਲਮ ’ਚ ਅਨਿਲ ਕਪੂਰ ਤੇ ਅਨੁਰਾਗ ਕਸ਼ਯਪ ਲੀਡ ਰੋਲ ’ਚ ਹਨ।
"
"Alva is the son of a former JD(S) minister late Jeevaraj Alva and brother-in-law of actor Vivek Oberoi.
","ਆਦਿਤਿਆ ਅਲਵਾ ਵਿਵੇਕ ਓਬਰਾਏ ਦਾ ਜਵਾਈ ਅਤੇ ਸਾਬਕਾ ਮੰਤਰੀ ਜੀਵਰਾਜ ਅਲਵਾ ਦਾ ਬੇਟਾ ਹੈ।
"
"Anti-Corruption Bureau (ACB) officials have arrested Vinay Bansal, son of Delhi Chief Minister Arvind Kejriwal’s brother-in-law, in connection with the PWD scam.
","ਦਿੱਲੀ ਦੇ ਕਥਿਤ ‘ਪੀ.ਡਬਲਯੂ.ਡੀ. ਘੁਟਾਲੇ’ ਮਾਮਲੇ ‘ਚ ਐਂਟੀ ਕਰੱਪਸ਼ਨ ਬਿਊਰੋ (ਏ.ਸੀ.ਬੀ.) ਨੇ ਮੁੱਖ ਮੰਤਰੀ ਅਰਵਿੰਦ ਕੇਜਰੀਵਾਲ ਦੇ ਰਿਸ਼ਤੇਦਾਰ ਨੂੰ ਗ੍ਰਿਫਤਾਰ ਕੀਤਾ ਹੈ।
"
"Hafiz Saeed's brother-in-law Hafiz Abdur Rehman Makki, JuD spokesperson Yahya Mujahid and Zafar Iqbal were handed down the six-month imprisonment each by the Anti-Terrorism Court (ATC) Lahore.
","ਲਾਹੌਰ ਦੀ ਅੱਤਵਾਦੀ ਵਿਰੋਧੀ ਅਦਾਲਤ ਵੱਲੋਂ ਸਈਦ ਦੇ ਰਿਸ਼ਤੇਦਾਰ ਹਾਫਿਜ਼ ਅਬਦੁਰ ਰਹਿਮਾਨ ਮੱਕੀ, ਜਮਾਤ ਉਦ ਦਾਵਾ ਦੇ ਬੁਲਾਰੇ ਯਹੀਆ ਮੁਜਾਹਿਦ ਅਤੇ ਜ਼ਫਰ ਇਕਬਾਲ ਨੂੰ ਛੇ ਮਹੀਨੇ ਦੀ ਕੈਦ ਦੀ ਸਜ਼ਾ ਸੁਣਾਈ ਗਈ ਹੈ।
"
"This included his wife, parents, younger brother, brother-in-law and another relative.
","ਜਿਸ ਵਿਚ ਸੱਸ, ਸਹੁਰਾ, ਦਿਓਰ ਅਤੇ ਹੋਰ ਰਿਸ਼ਤੇਦਾਰ ਵੀ ਸ਼ਾਮਲ ਸਨ।
"
"Majithia is the brother-in-law of deputy chief minister and state home minister Sukhbir Singh Badal.
","ਸੂਬੇ ਦੇ ਗ੍ਰਹਿ ਮੰਤਰੀ ਅਤੇ ਉਪ ਮੁੱਖ ਮੰਤਰੀ ਸੁਖਬੀਰ ਸਿੰਘ ਬਾਦਲ ਖਾਮੋਸ਼ ਹਨ।
"
"Rajinder had provided a large sum of money to his brother-in-law, who has admitted that he, along with his maternal uncle, had invested more than one crore drug money in purchasing properties and vehicles.
","ਰਾਜਿੰਦਰ ਨੇ ਚਿਰਾਗ ਰਾਠੀ ਨੂੰ ਵੱਡੀ ਰਕਮ ਦਿੱਤੀ ਜਿਸਨੇ ਮੰਨਿਆ ਹੈ ਕਿ ਉਸਨੇ ਆਪਣੇ ਮਾਮੇ ਨਾਲ ਮਿਲ ਕੇ ਜਾਇਦਾਦ ਅਤੇ ਵਾਹਨਾਂ ਦੀ ਖਰੀਦ ਵਿੱਚ ਇੱਕ ਕਰੋੜ ਤੋਂ ਵੱਧ ਦਾ ਨਿਵੇਸ਼ ਕੀਤਾ ਸੀ।
"
"And my sister and brother-in-law arrived too.
","ਭੈਣ ਤੇ ਭਣੋਈਆ ਵੀ ਆ ਚੁੱਕੇ ਸਨ।
"
"Man murdered by wife, brother-in-law over property dispute
","ਜ਼ਮੀਨੀ ਝਗੜੇ ਦੇ ਚਲਦਿਆਂ ਪਤੀ-ਪਤਨੀ ਦਾ ਗੋਲੀਆਂ ਮਾਰ ਕੇ ਕਤਲ
"
"Actor and Vidya's brother-in-law, Aditya Roy Kapur was also spotted at the party.
","ਪਾਰਟੀ 'ਚ ਉਨ੍ਹਾਂ ਦੇ ਦਿਓਰ ਆਦਿਤਿਆ ਰਾਏ ਕਪੂਰ ਵੀ ਨਜ਼ਰ ਆਏ।
"
"Bollywood superstar Salman Khan is launching his brother-in-law Aayush Sharma in the Hindi film industry with the film Loveratri that also stars debutante Warina Hussain.
","ਇਸ ਨਾਲ ਸਲਮਾਨ ਦੀ ਭੈਣ ਅਰਪਿਤਾ ਦਾ ਪਤੀ ਆਯੁਸ਼ ਸ਼ਰਮਾ ਬਾਲੀਵੁੱਡ ‘ਚ ਐਂਟਰੀ ਕਰ ਰਿਹਾ ਹੈ ਤੇ ਉਸ ਨਾਲ ਵਰੀਨਾ ਹੁਸੈਨ ਵੀ ਆਪਣਾ ਫ਼ਿਲਮੀ ਕਰੀਅਰ ਸ਼ੁਰੂ ਕਰ ਰਹੀ ਹੈ।
"
"Mr Majithia is the brother-in-law of then Deputy Chief Minister Sukhbir Singh Badal and Union Minister Harsimrat Kaur Badal's younger brother.
","ਮਜੀਠੀਆ ਕੇਂਦਰੀ ਮੰਤਰੀ ਹਰਸਿਮਰਤ ਕੌਰ ਦੇ ਭਰਾ ਹਨ, ਜੋ ਕਿ ਪੰਜਾਬ ਦੇ ਉਪ ਮੁੱਖ ਮੰਤਰੀ ਸੁਖਬੀਰ ਸਿੰਘ ਬਾਦਲ ਦੀ ਪਤਨੀ ਹਨ।
"
"The police have recorded the statement of Siddhartha's mother, sister and brother-in-law.
","ਮੁੰਬਈ ਪੁਲਿਸ ਨੇ ਐਕਟਰ ਸਿਧਾਰਥ ਸ਼ੁਕਲਾ ਦੀ ਮਾਤਾ, ਭੈਣ ਅਤੇ ਜੀਜੇ ਦੇ ਬਿਆਨ ਦਰਜ ਕਰ ਲਏ ਹਨ।
"
"Chandigarh: Retired judge of Punjab and Haryana High Court Justice Ranjit Singh, who headed the one-man commission — set up to probe the infamous Bargari sacrilege case — has complained to chief justice of the High Court against a sitting judge for showing “undue haste” in hearing a complaint against deputy CM of Punjab Sukhbir Singh Badal and his brother-in-law Bikram Singh Majithia.
","ਚੰਡੀਗੜ੍ਹ: ਬੇਅਦਬੀ ਤੇ ਗੋਲ਼ੀਕਾਂਡ ਮਾਮਲਿਆਂ ਦੀ ਜਾਂਚ ਕਰਨ ਵਾਲੇ ਜਸਟਿਸ (ਸੇਵਾਮੁਕਤ) ਰਣਜੀਤ ਸਿੰਘ ਨੇ ਸਾਬਕਾ ਉਪ ਮੁੱਖ ਮੰਤਰੀ ਸੁਖਬੀਰ ਬਾਦਲ ਖ਼ਿਲਾਫ਼ ਅਪਰਾਧਿਕ ਮਾਮਲਾ ਦਰਜ ਕਰਨ ਲਈ ਸ਼ਿਕਾਇਤ ਦਿੱਤੀ ਹੈ।
"
"Late Bollywood actor Sushant Singh Rajput's brother-in-law Vishal Kirti feels we should not be impatient about why the investigating agencies have not yet reached a conclusion in the probe of his death.
","ਮੁੰਬਈ:ਮਰਹੂਮ ਅਦਾਕਾਰ ਸੁਸ਼ਾਂਤ ਸਿੰਘ ਰਾਜਪੂਤ ਦੇ ਜੀਜੇ ਵਿਸ਼ਾਲ ਕੀਰਤੀ ਨੇ ਕਿਹਾ ਹੈ ਕਿ ਜਾਂਚ ਏਜੰਸੀਆਂ ਵੱਲੋਂ ਸੁਸ਼ਾਂਤ ਮਾਮਲੇ ਵਿੱਚ ਕੀਤੀ ਜਾ ਰਹੀ ਪੜਤਾਲ ’ਚ ਹਾਲੇ ਤੱਕ ਕਿਸੇ ਸਿੱਟੇ ’ਤੇ ਨਾ ਪਹੁੰਚਣ ਕਾਰਨ ਸਾਨੂੰ ਨਿਰਾਸ਼ ਨਹੀਂ ਹੋਣਾ ਚਾਹੀਦਾ।
"
"Priyanka Gandhi is his younger sister and Robert Vadra is his brother-in-law.
","ਪ੍ਰਿਯੰਕਾ ਵਾਡਰਾ ਉਸਦੀ ਛੋਟੀ ਭੈਣ ਹੈ ਅਤੇ ਰਾਬਰਟ ਵਾਡਰਾ ਉਸਦੀ ਭਰਜਾਈ ਹੈ।
"
"Singapore High Court has ordered freezing of Rs 44.41 crore bank deposit kept in the country by absconder Nirav Modi’s sister Purvi Modi and brother-in-law Maiank Mehta on the request of the Enforcement Directorate (ED), the agency said.
","ਸਿੰਗਾਪੁਰ ਹਾਈ ਕੋਰਟ ਨੇ ਇੱਕ ਭਾਰਤੀ ਜਾਂਚ ਏਜੰਸੀ ਦੀ ਅਰਜ਼ੀ ‘ਤੇ ਅਰਬਾਂ ਰੁਪਏ ਦੇ ਪੰਜਾਬ ਨੈਸ਼ਨਲ ਬੈਂਕ ਕਰਜ਼ ਧੋਖਾਧੜੀ ਮਾਮਲੇ ਵਿੱਚ ਮੁਲਜ਼ਮ ਨੀਰਵ ਮੋਦੀ ਦੀ ਭੈਣ ਅਤੇ ਬਹਿਨੋਈ ਦੇ ਬੈਂਕ ਵਿੱਚ ਜਮ੍ਹਾਂ 44.41 ਕਰੋੜ ਰੁਪਏ ਜ਼ਬਤ ਕਰਨ ਦੇ ਹੁਕਮ ਦਿੱਤੇ ਹਨ।
"
"Also present were his brothers Sohail Khan and Arbaaz Khan, along with sister Arpita Khan Sharma, brother-in-law and actor Aayush Sharma and nephew Ahil.
","ਉਨ੍ਹਾਂ ਦੇ ਨਾਲ ਉਨ੍ਹਾਂ ਦੀਆਂ ਦੋਨੋਂ ਭੈਣਾਂ ਅਰਪਿਤਾ ਅਤੇ ਅਲਵੀਰਾ ਅਤੇ ਦੋਨੋਂ ਭਰਾ ਸੁਹੇਲ ਖਾਨ ਅਤੇ ਅਰਬਾਜ ਖਾਨ ਵੀ ਮੌਜੂਦ ਸਨ।
"
"According to reports, Salamn Khan would be seen alongside his brother-in-law Aayush Sharma in an upcoming film.
","ਖ਼ਬਰਾਂ ਮੁਤਾਬਕ ਸ਼ਾਹਰੁਖ ਖ਼ਾਨ ਸਲਮਾਨ ਦੀ ਇਸ ਫਿਲਮ 'ਚ ਕੈਮਿਓ ਕਰਦੇ ਨਜ਼ਰ ਆਉਣਗੇ।
"
"Rahul Gandhi was accompanied by mother Sonia Gandhi, sister Priyanka Gandhi Vadra and brother-in-law Robert Vadra to the collectorate to file his nomination papers.
","ਰਾਹੁਲ ਗਾਂਧੀ ਨਾਮਜ਼ਦਗੀ ਦਾਖਲ ਕਰਨ ਆਪਣੀ ਭੈਣ ਪ੍ਰਿਅੰਕਾ ਗਾਂਧੀ ਨਾਲ ਵਾਡਰਾ ਪੁੱਜੇ ਸਨ।
"
"Majithia is the brother-in-law of Punjab Deputy Chief Minister and Akali Dal president Sukhbir Singh Badal, and younger brother of Sukhbir's wife and Union Food Processing Minister Harsimrat Kaur Badal.
","ਜ਼ਿਕਰਯੋਗ ਹੈ ਕਿ ਮਜੀਠੀਆ ਯੂਥ ਅਕਾਲੀ ਦਲ ਦੇ ਪ੍ਰਧਾਨ ਅਤੇ ਪੰਜਾਬ ਦੇ ਡਿਪਟੀ ਮੁੱਖ ਮੰਤਰੀ ਸੁਖਬੀਰ ਸਿੰਘ ਬਾਦਲ ਦੀ ਪਤਨੀ ਅਤੇ ਕੇਂਦਰੀ ਮੰਤਰੀ ਹਰਸਿਮਰਤ ਕੌਰ ਬਾਦਲ ਦੇ ਭਰਾ ਹਨ।
"
"He was the brother-in-law of Odisha Chief Minister Naveen Patnaik.
","ਜਿਸ ਦੇ ਛੋਟੇ ਭਰਾ ਨਵੀਨ ਪਟਨਾਇਕ ਓਡੀਸ਼ਾ ਦੇ ਮੁੱਖ ਮੰਤਰੀ ਹਨ।
"
"He had killed two brothers-in-law.
","ਉਹ ਤਾਂ ਦੋ ਨੈਣਾਂ ਦੀਆਂ ਮਾਰੀਆਂ ਨੇ ।
"
"The two brothers-in-law have always had a tense relationship.
","ਦੋਨੋ ਭੈਣ-ਭਰਾ ਵਿੱਚ ਹਮੇਸ਼ਾ ਇੱਕ ਨੇੜੇ ਦਾ ਰਿਸ਼ਤਾ ਰਿਹਾ ਹੈ।
"
"Besides the immediate family, Captain Amarinder’s brothers-in-law, former Union Minister Kanwar Natwar Singh and Major Kanwaljit Singh Dhillon, were also present at the funeral, along with their sons.
","ਇਸ ਮੌਕੇ ਪਰਵਾਰ ਦੇ ਨੇੜਲੇ ਰਿਸ਼ਤੇਦਾਰਾਂ ਵਿਚ ਕੈਪਟਨ ਅਮਰਿੰਦਰ ਸਿੰਘ ਦੇ ਬਹਿਨੋਈ ਸਾਬਕਾ ਕੇਂਦਰੀ ਮੰਤਰੀ ਕੰਵਰ ਨਟਵਰ ਸਿੰਘ ਅਤੇ ਮੇਜਰ ਕੰਵਲਜੀਤ ਸਿੰਘ ਢਿੱਲੋਂ ਵੀ ਆਪਣੇ ਪੁੱਤਰਾਂ ਦੇ ਨਾਲ ਹਾਜ਼ਰ ਸਨ।
"
"On arriving at Goindwal, Guru Ram Das bathed in the Bawali, and had interviews with his two brothers-in-law, Mohan and Mohri.
","ਗੋਇੰਦਵਾਲ ਪਹੁੰਚ ਕੇ, ਗੁਰੂ ਰਾਮ ਦਾਸ ਜੀ ਨੇ ਬਾਉਲੀ ਵਿਚ ਇਸ਼ਨਾਨ ਕੀਤਾ ਅਤੇ ਆਪਣੇ ਦੋਹਾਂ ਸਾਲਿਆਂ ਮੋਹਨ ਤੇ ਮੋਹਰੀ ਨਾਲ ਮੁਲਾਕਾਤ ਕੀਤੀ।
"
"Amarinder Singh was accompanied by his family, including his brother Malwinder Singh, his sisters and brothers-in-law -- Heminder Kaur, her husband K. Natwar Singh and Roopinder Kaur and her husband Major K.S.
","ਨਟਵਰ ਸਿੰਘ ਅਤੇ ਰੂਪਇੰਦਰ ਕੌਰ, ਉਨਾਂ ਦੇ ਪਤੀ ਮੇਜਰ ਕੇ. ਐਸ. ਢਿੱਲੋਂ (ਆਰਮਰਡ ਕੋਰ) ਤੋਂ ਇਲਾਵਾ ਪਰਿਵਾਰ ਦੇ ਹੋਰਨਾਂ ਮੈਂਬਰਾਂ ਵਿਚ ਕੈਪਟਨ ਅਮਰਿੰਦਰ ਸਿੰਘ ਦੇ ਪੁੱਤਰ ਰਣਇੰਦਰ ਸਿੰਘ, ਉਨਾਂ ਦੀ ਧੀ ਜੈ ਇੰਦਰ ਕੌਰ ਅਤੇ ਦੋਹਤਾ ਨਿਰਵਾਣ ਸਿੰਘ ਹਾਜ਼ਰ ਸਨ।
"
"Besides the immediate family, Captain Amarinder’s brothers-in-law, former Union Minister Kanwar Natwar Singh and Major Kanwaljit Singh Dhillon, were also present at the funeral, along with their sons.
","ਇਸ ਮੌਕੇ ਪਰਿਵਾਰ ਦੇ ਨੇੜਲੇ ਰਿਸ਼ਤੇਦਾਰਾਂ ਵਿਚ ਕੈਪਟਨ ਅਮਰਿੰਦਰ ਸਿੰਘ ਦੇ ਬਹਿਨੋਈ ਸਾਬਕਾ ਕੇਂਦਰੀ ਮੰਤਰੀ ਕੰਵਰ ਨਟਵਰ ਸਿੰਘ ਅਤੇ ਮੇਜਰ ਕੰਵਲਜੀਤ ਸਿੰਘ ਢਿੱਲੋਂ ਵੀ ਆਪਣੇ ਪੁੱਤਰਾਂ ਦੇ ਨਾਲ ਹਾਜ਼ਰ ਸਨ।
"
"Amarinder Singh was accompanied by his family, including his brother Malwinder Singh, his sisters and brothers-in-law -- Heminder Kaur, her husband K. Natwar Singh and Roopinder Kaur and her husband Major K. S. Dhillon from the Armoured Corps.
","ਗੁਰਮੀਤ ਸਿੰਘ ਢੱਡਾ ਦੇ ਪਰਿਵਾਰ ਵੱਲੋਂ ਉਨ੍ਹਾਂ ਦੀ ਸੁਪਤਨੀ ਸੁਰਜੀਤ ਕੌਰ, ਭਰਾ ਨਿਰਮਲ ਸਿੰਘ ਤੇ ਮਹਿੰਦਰ ਸਿੰਘ, ਪੁੱਤਰ ਸੁਖਬੀਰ ਸਿੰਘ ਤੇ ਮਨਜਿੰਦਰ ਸਿੰਘ, ਭਤੀਜੇ ਲਖਬੀਰ ਸਿੰਘ ਢੱਡਾ, ਜਗਜੀਤ ਸਿੰਘ ਤੇ ਹੋਰ ਪਰਿਵਾਰਕ ਮੈਂਬਰ ਹਾਜ਼ਰ ਸਨ।
"
"Besides the immediate family, Captain Amarinder’s brothers-in-law, former Union Minister Kanwar Natwar Singh and Major Kanwaljit Singh Dhillon, were also present at the funeral, along with their sons.
","ਇਸ ਮੌਕੇ ਪਰਿਵਾਰ ਦੇ ਨੇੜਲੇ ਰਿਸ਼ਤੇਦਾਰਾਂ ਵਿਚ ਕੈਪਟਨ ਅਮਰਿੰਦਰ ਸਿੰਘ ਦੇ ਭਣੋਈਆ ਸਾਬਕਾ ਕੇਂਦਰੀ ਮੰਤਰੀ ਕੰਵਰ ਨਟਵਰ ਸਿੰਘ ਅਤੇ ਮੇਜਰ ਕੰਵਲਜੀਤ ਸਿੰਘ ਢਿੱਲੋਂ ਵੀ ਆਪਣੇ ਪੁੱਤਰਾਂ ਦੇ ਨਾਲ ਹਾਜ਼ਰ ਸਨ।
"
"Captain Amarinder was accompanied by his family, including his brother, Malwinder Singh, his sisters and brothers-in-law, Heminder Kaur, her husband, K. Natwar Singh and Roopinder Kaur, her husband, Major KS Dhillon from the Armoured Corps.
","ਇਸ ਦੁੱਖ ਦੀ ਘੜੀ ਵਿੱਚ ਕੈਪਟਨ ਅਮਰਿੰਦਰ ਸਿੰਘ ਤੇ ਪਰਿਵਾਰ ਦੇ ਹੋਰ ਮੈਂਬਰ ਹਾਜ਼ਰ ਸਨ ਜਿਨ੍ਹਾਂ ਵਿੱਚ ਉਨ੍ਹਾਂ ਦੀ ਪਤਨੀ ਪ੍ਰਨੀਤ ਕੌਰ, ਭਰਾ ਮਾਲਵਿੰਦਰ ਸਿੰਘ ਤੇ ਉਨ੍ਹਾਂ ਦੀ ਪਤਨੀ ਹਰਪ੍ਰਿਯਾ ਕੌਰ, ਰਾਜਮਾਤਾ ਦੀਆਂ ਧੀਆਂ ਹੇਮਇੰਦਰ ਕੌਰ, ਜਵਾਈ ਕੰਵਰ ਨਟਵਰ ਸਿੰਘ, ਕੁਮਾਰੀ ਰੁਪਿੰਦਰ ਤੇ ਮੇਜਰ ਕੰਵਲਜੀਤ ਸਿੰਘ ਢਿੱਲੋਂ, ਰਾਜਮਾਤਾ ਦੇ ਭਰਾ ਗੁਰਸ਼ਰਨ ਸਿੰਘ ਜੇਜੀ ਅਤੇ ਇੰਦਰਜੀਤ ਸਿੰਘ ਜੇਜੀ, ਪੋਤੇ ਰਣਇੰਦਰ ਸਿੰਘ, ਪੋਤਰੀਆਂ ਜੈਇੰਦਰ ਕੌਰ, ਪੋਤ ਜਵਾਈ ਗੁਰਪਾਲ ਸਿੰਘ, ਅਮਨਿੰਦਰ ਕੌਰ ਤੇ ਨਿਰਵਾਣ ਸਿੰਘ ਅਤੇ ਰਮਨੀਤਇੰਦਰ ਕੌਰ ਤੇ ਵਿਵਾਨ ਸਿੰਘ ਤੋਂ ਇਲਾਵਾ ਰਾਜਮਾਤਾ ਦੇ ਪੜਪੋਤਰੇ, ਪੜਪੋਤਰੀਆਂ ਅਤੇ ਪੜਦੋਹਤੇ ਅਤੇ ਪੜਦੋਹਤੀਆਂ ਸ਼ਾਮਲ ਸਨ।
"
"Police later arrested her husband and two brothers-in-law in connection with the case.
","ਇਸ ਤੋਂ ਬਾਅਦ ਪੁਲਸ ਨੇ ਪਤਨੀ ਅਤੇ ਉਸ ਦੇ ਦੋ ਸਹਿਯੋਗੀਆਂ ਨੂੰ ਗ੍ਰਿਫਤਾਰ ਕਰ ਲਿਆ।
"
"Amarinder Singh was accompanied by his family, including his brother Malwinder Singh, his sisters and brothers-in-law — Heminder Kaur, her husband K. Natwar Singh and Roopinder Kaur and her husband Major K.S.
","ਨਟਵਰ ਸਿੰਘ ਅਤੇ ਰੂਪਇੰਦਰ ਕੌਰ, ਉਨਾਂ ਦੇ ਪਤੀ ਮੇਜਰ ਕੇ. ਐਸ. ਢਿੱਲੋਂ (ਆਰਮਰਡ ਕੋਰ) ਤੋਂ ਇਲਾਵਾ ਪਰਿਵਾਰ ਦੇ ਹੋਰਨਾਂ ਮੈਂਬਰਾਂ ਵਿਚ ਕੈਪਟਨ ਅਮਰਿੰਦਰ ਸਿੰਘ ਦੇ ਪੁੱਤਰ ਰਣਇੰਦਰ ਸਿੰਘ, ਉਨਾਂ ਦੀ ਧੀ ਜੈ ਇੰਦਰ ਕੌਰ ਅਤੇ ਦੋਹਤਾ ਨਿਰਵਾਣ ਸਿੰਘ ਹਾਜ਼ਰ ਸਨ।
"
"Amarinder Singh was accompanied by his family, including his brother Malwinder Singh, his sisters and brothers-in-law -- Heminder Kaur, her husband K. Natwar Singh and Roopinder Kaur and her husband Major K. S. Dhillon from the Armoured Corps.
","ਇਸ ਦੁੱਖ ਦੀ ਘੜੀ ਵਿੱਚ ਕੈਪਟਨ ਅਮਰਿੰਦਰ ਸਿੰਘ ਤੇ ਪਰਿਵਾਰ ਦੇ ਹੋਰ ਮੈਂਬਰ ਹਾਜ਼ਰ ਸਨ ਜਿਨਾਂ ਵਿੱਚ ਉਨਾਂ ਦੀ ਪਤਨੀ ਪ੍ਰਨੀਤ ਕੌਰ, ਭਰਾ ਮਾਲਵਿੰਦਰ ਸਿੰਘ ਤੇ ਉਨਾਂ ਦੀ ਪਤਨੀ ਹਰਪ੍ਰਿਯਾ ਕੌਰ, ਰਾਜਮਾਤਾ ਦੀਆਂ ਧੀਆਂ ਹੇਮਇੰਦਰ ਕੌਰ, ਜਵਾਈ ਕੰਵਰ ਨਟਵਰ ਸਿੰਘ, ਕੁਮਾਰੀ ਰੁਪਿੰਦਰ ਤੇ ਮੇਜਰ ਕੰਵਲਜੀਤ ਸਿੰਘ ਢਿੱਲੋਂ, ਰਾਜਮਾਤਾ ਦੇ ਭਰਾ ਗੁਰਸ਼ਰਨ ਸਿੰਘ ਜੇਜੀ ਅਤੇ ਇੰਦਰਜੀਤ ਸਿੰਘ ਜੇਜੀ, ਪੋਤੇ ਰਣਇੰਦਰ ਸਿੰਘ, ਪੋਤਰੀਆਂ ਜੈਇੰਦਰ ਕੌਰ, ਪੋਤ ਜਵਾਈ ਗੁਰਪਾਲ ਸਿੰਘ, ਅਮਨਿੰਦਰ ਕੌਰ ਤੇ ਨਿਰਵਾਣ ਸਿੰਘ ਅਤੇ ਰਮਨੀਤਇੰਦਰ ਕੌਰ ਤੇ ਵਿਵਾਨ ਸਿੰਘ ਤੋਂ ਇਲਾਵਾ ਰਾਜਮਾਤਾ ਦੇ ਪੜਪੋਤਰੇ, ਪੜਪੋਤਰੀਆਂ ਅਤੇ ਪੜਦੋਹਤੇ ਅਤੇ ਪੜਦੋਹਤੀਆਂ ਸ਼ਾਮਲ ਸਨ।
"
"Amarinder Singh was accompanied by his family, including his brother Malwinder Singh, his sisters and brothers-in-law -- Heminder Kaur, her husband K. Natwar Singh and Roopinder Kaur and her husband Major K. S. Dhillon from the Armoured Corps.
","ਇਸ ਮੌਕੇ ਕੈਪਟਨ ਅਮਰਿੰਦਰ ਸਿੰਘ ਨਾਲ ਉਨ੍ਹਾਂ ਦੇ ਭਰਾ ਮਾਲਵਿੰਦਰ ਸਿੰਘ, ਉਨ੍ਹਾਂ ਦੀ ਭੈਣ ਹੇਮਿੰਦਰ ਕੌਰ, ਉਨ੍ਹਾਂ ਦੇ ਪਤੀ ਕੇ. ਨਟਵਰ ਸਿੰਘ ਤੇ ਰੂਪਇੰਦਰ ਕੌਰ, ਉਨ੍ਹਾਂ ਦੇ ਪਤੀ ਮੇਜਰ ਕੇ ਐੱਸ ਢਿੱਲੋਂ (ਆਰਮਰਡ ਕੋਰ) ਤੋਂ ਇਲਾਵਾ ਪਰਿਵਾਰ ਦੇ ਹੋਰਨਾਂ ਮੈਂਬਰਾਂ 'ਚ ਕੈਪਟਨ ਅਮਰਿੰਦਰ ਸਿੰਘ ਦੇ ਪੁੱਤਰ ਰਣਇੰਦਰ ਸਿੰਘ, ਉਨ੍ਹਾਂ ਦੀ ਧੀ ਜੈ ਇੰਦਰ ਕੌਰ ਅਤੇ ਦੋਹਤਾ ਨਿਰਵਾਣ ਸਿੰਘ ਹਾਜ਼ਰ ਸਨ।
"
