eng_Latn,hin_Deva
"""""""My grandmother and parents are coming here?""""""
","""""""माँ-बाप याड आ रहा है ?""
"
"""""""My grandmother wants to move back to her hometown.""
","""""""माताजी तो वापस अपने गाँव जाना चाहती हैं ।""
"
"""""""My grandmother was my inspiration and strength.""
","""""""मेरी माँ मेरी ताकत और प्रेरणा है।""
"
"""""""No, no, no. Your grandmother . . .""
","""""""नहीं अम्मा तुम. . .""
"
"""""""She's such a nice girl,"""" his grandmother said again.""
","""""""ऐसे लड़की बहुत अच्छी है """"माँ ने फिर से कहा""
"
"""""""Where does your grandmother live, Little Red Riding Hood?""
","""""""तुझी आजी कोठे राहते, लिटल रेड राइडिंग हूड?""
"
"""""""Where does your grandmother live, Little Red Riding Hood?""""""
","""""""तुझी आजी कोठे राहते, लिटल रेड राइडिंग हूड?""
"
"""""""Where does your grandmother live, Red Riding Hood?""""""
","""""""तुझी आजी कोठे राहते, लिटल रेड राइडिंग हूड?""
"
"""Hence, """"great grandmother"""" is the correct answer.""
","""अतः, """"ग्रैंडफादर"""" सही उत्तर है।""
"
"""One thought on """"Memories of my grandmother""""""
","""One thought on """"बूढ़ी अम्मा की कहानी""""""
"
"(aunt, grandmother and great-grandmother)
","(एक माँ ,बेटी और बहू)
"
"(named after her great grandmothers)
","(बड़ी पुत्री के नाम)
"
"22-year-old killed His grandmother.
","22 वार्षिय शख़्स ने की मां की हत्या।
"
"A 90 year-old grandmother
","90 साल के एक दादाजी
"
"As a busy mother, grandmother, and entrepreneur, what do you do for self-care?
","एक व्यस्त उद्यमी, मॉडल और माँ के रूप में, आप स्व-देखभाल के लिए क्या करती हैं?
"
"Best of British grandmothers 18:36
","इंग्लैंड के बेहतरीन मिल्फ्स 18:36
"
"From grandmother to mother to daughter
","माँ से लेकर बेटी तक
"
"Has your grandmother played an important role in your life?
","आपकी जिंदगी में आपकी मां की अहम भूमिका रही है?
"
"He now lives with his 70-year-old grandmother.
","वे अपने 70 वर्षीय मां के साथ यहां रहते है.
"
"Her grandmother was a social worker and women's rights activist.
","उनकी स्वर्गीय मां सामाजिक कार्यकर्ता और महिला अधिकारों की प्रबल हिमायती थीं.
"
"Her grandmother was not with her anymore.
","उसकी बहू अब उसके साथ नहीं थी।
"
"Her grandmother's mother owns a famous school in Hyderabad and is the founder of the publishing house, Orient Blackswan.
","उनके नाना हैदराबाद के एक प्रसिद्ध स्कूल के मालिक हैं, और पब्लिशिंग हाउस के संस्थापक ओरिएंट ब्लैक्सवान हैं ।
"
"Her parents separated from her birth and she grew up with grandmother.
","उनके पिता माता अलग हो गए थे और वो अपने माँ के साथ बड़ा हुआ है ।
"
"I could be the GREAT grandmother!
","हो सकता है बड़ी माँ!
"
"I drank milk of my grandmother while I was a child.
","मैंने बचपन में मां का दूध पिया है।
"
"I remember my grandmother was just like that.
","याद आता है मेरी अम्मी ऐसी ही थी
"
"I will see my grandmother again.
","मेरी अम्मा फिर से मिलूँगी।
"
"In my grandmother's village
","मेरी अम्मा के गाँव में
"
"In the village of my grandmother
","मेरी अम्मा के गाँव में
"
"London, Meet the world's oldest grandmother - 24-year old Poppy who loves to eat chickens, kebabs, fish and chips.
","दुनिया की सबसे बूढ़ी बिल्ली पोप्पी (24) से मिलें, जिसे मुर्गियां, कबाब, मछलियां और चिप्स खाना पसंद है.
"
"Meet the world's oldest grandmother - 24-year old Poppy who loves to eat chickens, kebabs, fish and chips.
","दुनिया की सबसे बूढ़ी बिल्ली पोप्पी (24) से मिलें, जिसे मुर्गियां, कबाब, मछलियां और चिप्स खाना पसंद है.
"
"My grandmother also in my family.
","मेरे दादाजी भी मेरे परिवार में शामिल है.
"
"My grandmother came over in 1920.
","1920 में मेरा दादा का निधन हुआ था।
"
"My grandmother encouraged it.
","मेरी मां ने इसे प्रोत्साहित किया।
"
"My grandmother has many talents.
","मेरे दादा कई प्रतिभा है।
"
"My grandmother showed me...
","अम्मा मुझे दिखाती -
"
"My grandmother told me the moon
","चाँद को मेरा मामा बताती थी माँ
"
"My grandmother used tell me stories....
","मेरी माँ मुझे कहानियाँ सुनाया करती थी _
"
"My grandmother used to work for the Port Authority.
","मेरे नाना पोर्ट अथॉरिटी में काम करते थे।
"
"My grandmother was born in Ukraine!
","- मेरा जन्म यूक्रेन में हुआ था!
"
"My grandmother was born into Jewish family in Czechoslovakia.
","चेकोस्लोवाकिया में एक यहूदी परिवार में पैदा हुए।
"
"My grandmother was perhaps...
","माँ थी शायद. .
"
"My grandmother's house: October 2012
","मेरी माँ की कृतियाँः अक्तूबर 2012
"
"My grandmother, who is 94 years old,
","मेरे दादाजी, जो अभी 94 साल के हैं
"
"My great grandfather's brother married my great grandmother's sister.
","मेरे चचेरे भाई ने मेरी पत्नी की बड़ी बहन से शादी की थी.
"
"Olivia Newton-John to become a grandmother
","ओलिविया न्यूटन-जॉन की बेटी क्लो लट्टानीजी एक माँ बनने के लिए
"
"One day the grandmother was home...
","एक दिन बड़ी बहू ने घर...
"
"She lives with her grandmother of over 80, and his handicaped father.
","वह अपनी मां के साथ रहती है, जो 80 साल की है और उसे दिल की बीमारी है।
"
"She was not a doting grandmother.
","वह एक अनाथ माता का प्रलाप नहीं था।
"
"That's how my grandmother met her first husband
","इस तरह हुई थी पति से पहली मुलाकात
"
"The girl eventually told her grandmother.
","आखिरकार लड़की ने यह बात अपनी मां को बताई।
"
"They've spent up to the maximum amount excluding gift tax over the past two years, giving money to me, my husband, and both of my children (along with all the other grandmothers in the family).
","उन्होंने मुझे, मेरे पति और मेरे दोनों बच्चों (परिवार के अन्य सभी पोते-पोतियों के साथ समान) को पैसे देकर, पिछले दो वर्षों से उपहार-कर बहिष्करण राशि को अधिकतम कर दिया है।
"
"What is the German word for grandmother in English?
","अंग्रेज़ी में grandmother को क्या कहते हैं?
"
"Your grandmother's story is so interesting.
","आपके दादाजी की कथा काफी रोचक है ।
"
"at my grandmother's village
","मेरी अम्मा के गाँव में
"
"in the grandmother's bedroom,
","दादाजी के कमरे में,
"
"my grandfather, grandmother, and so many more
","मां, बहू, और भी कई
"
"my grandmother Giuseppina
","मेरी माँ ग्यूसेपिना
"
"my grandmother had 8 brothers and sisters
","मेरे परदादा के थे 8 भाई-बहन
"
"the old grandmother and the little children in the
","बूढ़ी मां और छोटे-छोटे बच्चों को ठेले पर
"
"He took her to her grandmother's house, where he raped her.
","वह उसके बहला फुसलाकर एक मकान में ले गया था, जहां उसने उसके साथ दुष्कर्म किया।
"
"A woman is first a daughter, a sister, a mother and a grandmother.
","एक महिला किसी की मां, बहन, बेटी और पत्नी होती है।
"
"Police have arrested the boy's parents and grandmother on suspicion of murder and child abuse in the boy's death.
","पुलिस हत्या के संदेह में लड़की के पिता और परिजनों से थाने में पूछताछ कर रही है।
"
"Where was your grandmother?
","बहू स्त्री कहाँ थी ?
"
""" Mark Twain said: ""India is the cradle of the human race, the birthplace of human speech, the mother of history, the grandmother of legend, and the great grandmother of tradition.
","मार्क ट्वेन ने कहा था- “भारतभूमि मानव जाति की उद्‌गम स्थली है, मनुष्य की वाणी की जन्मस्थली है, इतिहास की जननी है और गाथाओं की महाजननी है और परम्पराओं की अधिष्ठात्री है।
"
"The police said the girl was sleeping with her mother and grandmother in the same room.
","पुलिस ने बताया है कि मां-बेटे दोनों एक ही कमरे में सो रहे थे।
"
"His mother and grandmother were wounded.
","जिससे मां व पिता घायल हो गए।
"
"The child’s brother, sister-in-law, grandmother, and the auto rickshaw driver were also injured in the accident.
","हादसे में बाइक सवार ससुर, बहू और बच्ची घायल हो गए।
"
"The grandmother informed the girl’s mother.
","बालिका ने आपबीती मां को सुनाई।
"
"She was her mother, my grandmother.
","वह मातृभू म मेरी, वह पित्भूमि मेरो ॥
"
"Their father and grandmother work in the plantation.
","उनके पिताजी और बड़े भाई खेती-बाड़ी का काम सँभालंते हैं।
"
"Rhea's paternal grandmother, Nirmal Kapoor, arrived at Anil's residence to bless the couple.
","पोती रिया कपूर को आशीर्वाद देने पहुंचीं अनिल कपूर की मां निर्मल कपूर।
"
"All of this went on in my grandmother's house.
","ये सब मेरे मामा के घर मे हुआ है।
"
"The baby’s mother and grandmother are kept under quarantine in the hospital.
","बच्चा और मां को अस्पताल में एक सुरक्षित स्थान पर रखा गया है।
"
"After a while, the boy’s grandmother arrived.
","कुछ देर बाद किशोरी की मां पहुंची।
"
"After that, her father and grandmother brought her up.
","जिसके बाद पालन-पोषण उनकी माता और बड़े भाई ने किया.
"
"Police said they were questioning the mother and grandmother.
","मां व भाई से पुलिस ने की पूछताछ
"
"Afterward, I spoke with his grandmother.
","इसके बाद बहू से बातचीत की ।
"
"At present they are staying in their grandmother's house.
","फिलहाल वह अपने मामा के घर रहता है।
"
"His grandmother looked after him.
","उसकी बुआ ने उसका पालन-पोषण किया था।
"
"After the death of her father, she has lived with her grandmother.
","सपन की मां के देहांत के बाद वह अपने पिता के साथ रहता था।
"
"The victim returned home and informed her grandmother.
","पीड़िता ने घर आकर अपनी मां को आपबीती बताई.
"
"His grandmother, then prime minister Indira Gandhi, and his father, former prime minister Rajiv Gandhi, were both assassinated.
","गौरतलब है कि सोनिया गांधी के पति एवं पूर्व प्रधानमंत्री राजीव गांधी और उनकी सास एवं पूर्व प्रधानमंत्री इंदिरा गांधी दोनों की हत्या की गयी थी.
"
"Where is my grandmother?
","मेरे विता जी कहाँ हैं ?
"
"The child lives with his grandmother.
","बच्ची अपने बाबा के साथ रह रही है।
"
"The mother and grandmother have been arrested.
","सास और ससुर को गिरफ्तार किया जा चुका है।
"
"He had come to the grandmother’s home.
","वह अपने मामा के घर गई थी।
"
"His grandmother is undergoing treatment at the hospital.
","भाभी अस्पताल में उपचाराधीन है।
"
"The girl's grandmother and brother were present at the house during the time of the incident.
","घटना के समय किशोरी और उसकी सौतेली मां ही घर पर थे।
"
"Both her mother and grandmother are killed.
","इनके माता और पिता दोनों की मृत्यु हो गई।
"
"The grandmother informed the girl’s mother.
","इसकी सूचना बच्ची की मां को दी गई।
"
"My mother and my grandmother.
","मेरे मामू और मेरी मां।
"
"Among the dead were an 8-month-old baby and her father and grandmother.
","मृतकों में मां और बेटा के अलावा एक 8 वर्षीय बच्चा शामिल है।
"
"You are my mother, my father, my grandmother, my entire life.
","तुम्हीं मेरी माता, पिता भी तुम्हीं हो, तुम्हीं मेरे भ्राता, सखा भी तुम्हीं हो।
"
"But, above all she was a devoted and loving grandmother.
","लेकिन सबसे बढ़कर, वह एक दयालु और प्यार करने वाला इंसान थे.
"
"A mother of one daughter and a grandmother of three grandchildren.
","एक तीन दूल्हों की मां और उसकी तीन बहुएं।
"
"The grandmother informed the girl’s mother.
","इसकी सूचना लड़की की मामी ने उसे पिता को दी।
"
"The grandmother informed the girl’s mother.
","बच्ची ने मां को जानकारी दी।
"
"A beloved daughter, wife, mother, grandmother, sister, and friend.
","नारी यानी एक मां, बहन, पत्नी, बेटी और एक अच्छी दोस्त।
"
"But after his grandmother died, his father remarried.
","लेकिन पिता के देहांत के बाद शादी टल गई।
"
"The child lived with his grandmother in the village.
","गांव में चाचा के साथ रह रहा था।
"
"Her grandmother Sharmila Tagore is a famous veteran actress.
","उनकी मां का नाम शर्मिला टैगोर है जो कि अपने समय की चर्चित अभिनेत्री रही हैं।
"
"The picture features her mother and grandmother
","तस्वीर में मम्मी और बहन के साथ मुस्कुराते हुए आईं नजर
"
"Because my grandmother was there.
","क्योंकि मेरी मामी जी वहां पर आ गई थी।
"
"Among these people were my mother and two grandmothers.
","इनमें उनकी मां और दो बहनें भी थीं.
"
"Her family consisted of parents, a grandmother and a younger sister.
","परिवार में माता-पिता, एक बहन और दादाजी हैं.
"
"Her grandmother Sharmila Tagore is a famous veteran actress.
","उनकी पत्नी शर्मिला टैगोर अपने जमाने की मशहूर फिल्म अदाकारा रही हैं।
"
"A young teenager who’s mother has died and he goes to live live with his grandmother.
","एक जवान लड़की की माँ मर चुकी है, वो अपने पिता के साथ रहती है.
"
"Kunal Kemmu's and Soha Ali Khan's daughter Inaaya looks adorable as she takes Yoga lessons from her grandmother on International Yoga Day
","'विश्व योग दिवस' की तैयारी में कुणाल खेमू और सोहा अली खान की बेटी इनाया
"
"Her son lived with his grandmother.
","उसका बच्चा सास ससुर के पास रह रहा था।
"
"The child lived with his grandmother in the village.
","लड़की अपने मां के साथ गांव मे रहती थी.
"
"New Delhi: Congress chief Rahul Gandhi paid tributes to his grandmother and the late PM Indira Gandhi on her death anniversary.
","नयी दिल्ली : कांग्रेस उपाध्यक्ष राहुल गांधी ने पूर्व प्रधानमंत्री इंदिरा गांधी के जन्मदिन के अवसर पर यूथ कांग्रेस के कार्यक्रम को संबोधित किया.
"
"Taking to his official Instagram handle, Arjun Kapoor shared pictures featuring Birthday Boy Harshvardhan Kapoor, Shanaya Kapoor, sister Anshula Kapoor and their grandmother.
","""अर्जुन कपूर की बहन अनशुला कपूर ने रक्षाबंधन की फोटो शेयर की है जहां उनका पूरा परिवार एक साथ नजर आ रहा हैं, इस मौके पर जाह्नवी कपूर, खुशी कपूर, अर्जुन कपूर और हर्षवर्धन कपूर भी नजर आ रहे हैं सभी भाई बहन इस मौके पर एक साथ इकट्ठा होकर रक्षाबंधन का त्योहार मना रहे हैं.
"
"My grandmother was extremely religious and fiercely liberal.
","मेरी मां बहुत धर्मपरायण एवं संस्कारी थीं।
"
"After that we went to my grandmothers home.
","इसके बाद मैं अपने मामा के घर चली गई।
"
"The Congress had also referred to the assassination of former prime ministers Rajiv Gandhi and Indira Gandhi -- Rahul's father and grandmother respectively -- in the letter.
","कांग्रेस ने अपने पत्र में पूर्व प्रधानमंत्री राजीव गांधी और इंदिरा गांधी की हत्या का भी जिक्र किया है.
"
"Police have arrested the boy's parents and grandmother on suspicion of murder and child abuse in the boy's death.
","पुलिस ने किशोरी की बेरहमी से हत्या करने वाले पिता पुत्र को गिरफ्तार कर जेल भेज दिया है।
"
"His younger sister went to their maternal grandmother’s house.
","उनकी मां अपने भाई के घर गई हुई थी।
"
"New Delhi: Congress chief Rahul Gandhi paid tributes to his grandmother and the late PM Indira Gandhi on her death anniversary.
","नई दिल्ली: कांग्रेस प्रेसिडेंट राहुल गांधी, प्रियंका गांधी ने अपने पिता को श्रद्धांजलि दी.
"
"“There is brotherhood among the Dalits and the Muslims in this village (Unrod), there is no animosity,” said the victim’s grandmother.
","पीड़िता की नान ने कहा, “इस गांव (उनरोड़ गांव) में दलितों और मुस्लिमों में भाईचारा है, कोई शत्रुता नहीं है।
"
"The girl's grandmother and brother were present at the house during the time of the incident.
","घटना के वक्त उसकी बड़ी बहन और बहनोई भी घर में मौजूद थे।
"
"Both of my grandmothers also worked.
","मेरे मॉम-डैड दोनों ही जॉब करते थे।
"
"He said she lived near his grandmother’s house.
","उसने बताया कि वह अपनी बुआ के घर में रहता है।
"
"The child lived with his grandmother in the village.
","महिला अपनी सास के साथ गांव में रहती थी।
"
"“Both the mother and child are ok. I’ve become a grandmother.
","उन्होंने कहा, ‘मां और बच्चा दोनों पूरी तरह ठीक हैं।
"
"They named her Lilibet ‘Lili’ Diana Mountbatten-Windsor, a nod to Harry's grandmother, Queen Elizabeth II and mother, Princess Diana.
","इस नए मेहमान का नाम महारानी एजिलाबेथ द्वितीय और हैरी की मां डायना के नाम पर लिलिबेट 'लिली' डायना माउंटबेटन-विंडसर रखा गया है।
"
"According to the police, after the death of the victim’s father, she and her mother were staying at her grandmother’s house.
","उसने पुलिस को बताया कि उसकी मां की मौत के बाद वो और उसकी बड़ी बहन अपने पिता के साथ रहती थी।
"
"He calls his grandmother ‘mumma’.
","वह मौसी को ही मां कहती है।
"
"His parents died when he was small and his grandmother had raised him.
","बचपन में ही उनके माता-पिता का निधन हो दया था, जिसके बाद उनकी बड़ी बहन ने उन्हें पाला-पोसा।
"
"New Delhi: Congress chief Rahul Gandhi paid tributes to his grandmother and the late PM Indira Gandhi on her death anniversary.
","Indira Gandhi Birth Anniversary: सोनिया गांधी और कांग्रेस अध्यक्ष राहुल गांधी ने शक्तिस्थल जाकर उन्हें श्रद्धांजलि अर्पित की।
"
"She was a loving mother and grandmother.
","वह मृदृभाषी और स्नेहमयी माता थी.
"
"Subsequently, the grandmother of the girl lodged a complaint with the police.
","इसके बाद युवती ने मौसेरे भाई के खिलाफ पुलिस में प्रकरण दर्ज कराया है।
"
"His mother and grandmother were wounded.
","मां और ममेरी बहन को चोट आ गई।
"
"His grandmother Vijayraje Scindia was a BJP icon and his aunts Vasundhara Raje and Yashodhara Raje are also in the party.
","उनकी बड़ी बुआ वसुंधरा राजे पहले ही भाजपा में हैं और छोटी बुआ यशोधरा राजे भी भाजपा की सदस्य हैं।
"
"He was being taken care of by his parents and grandmother.
","पालन-पोषण उनकी माँ और इनके नाना एमाडुल्मुल्कने किया।
"
"The grandmother informed the girl’s mother.
","बेटी ने मां को आपबीती सुना दी।
"
"His grandmother Vijaya Raje was among founder members of BJP.
","जबकि उनकी मां राजमाता विजयाराजे सिंधिया तो बीजेपी की संस्थापक सदस्यों में शामिल थीं।
"
"The victim had been living at her grandmother’s home after the demise of her parents.
","पीड़िता अपनी मां की मौत के बाद नाना के घर रहती थी.
"
"Amanda is mother to three children and grandmother to two baby boys.
","वह दो बच्चों के पिता और तीन बच्चों के दादा हैं.
"
"My family, mom, dad, grandmother all live there.
","मेरे घर में मेरी मां, मेरी बहन, मेरी पत्नी और मेरी बेटी सब साथ में रहते हैं।
"
"Her grandmother Sharmila Tagore is a famous veteran actress.
","उनकी मां शर्मिला टैगोर अपने जमाने की दिग्गज अभिनेत्री थीं।
"
"His mother and grandmother were wounded.
","सास और साली घायल हो गई।
"
"Raima and Riya Sen, granddaughters of Suchitra Sen, had previously mentioned about making a film on their grandmother.
","सुचित्रा सेन की नातिनों रायमा और रिया सेन ने काफी पहले इस बारे में बात की थी कि
"
"“Where's her grandmother? ” we asked.
","उससे पूछा, “तुम्हारी बड़ी बहू-माँ कहाँ हैं ?
"
"At the time of incident, victim’s grandmother and sister were at home while mother and two brothers were in New Delhi.
","घटना के समय घर पर छात्रा की मां और दो छोटे भाई-बहन मौजूद थे।
"
"He lived with his mother and grandmother.
","अपनी मां और पिता के साथ ही रहा।
"
"After the death of their parents, they moved here with their grandmother.
","माता-पिता का देहांत होने के बाद ये मामा के पास रहने चला गया था।
"
"A mother, grandmother or aunty?
","अम्मू, नाना या मेरी माँ?
"
"He had nobody in the world, except his old grandmother.
","एक बूढ़ी माता को छोड़ संसार में उसके और कोई न था ।
"
"The police said the parents left the child with her grandmother and went to work.
","पुलिस ने बताया कि लड़की के मां-बाप काम पर चले जाते थे और लड़की को उसके दादा के पास छोड़ जाते थे।
"
"He had come to the grandmother’s home.
","वह अपने दादाजी के घर घूमने आया हुआ था।
"
"And then my grandmother passed.
","फिर मेरी सासु-माँ भी गुजर गईं।
"
"Being a grandmother is one of God’s greatest gifts.
","माँ बनना ईश्वर का अनमोल अनुदान है।
"
"Her grandfather, says she, was a Muslim and grandmother a Hindu.
","उनका कहना है कि उनके पिता दलित और मां मुस्लिम थीं।
"
"And I thank my mother and grandmother for it.
","मैं उनका और अपनी मां का आभारी हूं।
"
"The victim’s maternal grandmother filed a case with Jhenigathi Police Station in this connection.
","इस मामले को लेकर पीड़िता की मां ने खूंटी महिला थाने में मामला दर्ज कराया था।
"
"She had gone to visit her grandmother.
","वह अपने मामा के यहाँ घूमने गया था ।
"
"A grandmother, mother, and two kids live there.
","मां, बाप और उनके दो बच्चे हैं.
"
"Her grandfather, says she, was a Muslim and grandmother a Hindu.
","महिला के मुताबिक उसकी मां ईसाई थी, जबकि पिता मुस्लिम थे.
"
"My grandmother is very ill.
","मेरा पोता बहुत बीमार है।
"
"A victim’s grandmother has also been arrested in this case.
","इस मामले में मृतक के भतीजे को भी गिरफ्तार किया गया है।
"
"At that time, we were living in my grandmother’s house.
","फिलहाल हम अपने दादाजी के घर में रहते हैं।
"
"The girl lives with her parents, grandmother and two younger siblings.
","युवती अपने पिता और दो भाईयों के साथ घर पर रहती थी।
"
"Rahul Gandhi said that his grandmother and his family were Shiva devotees.
","राहुल ने कहा कि वह और उनके परिवार के लोग शिवभक्त हैं।
"
"Akhil’s family includes his grandmother, mother, brother, sister-in-law, their baby and his wife, all of whom live in the same house.
","इनके परिवार में पत्नी, एक बच्चा, माता-पिता और बड़े भाई समेत पूरा परिवार एक साथ रहता है.
"
"I’ve become a grandmother.
","में परवाबा बन चुका हूं ।
"
"After his parents' divorce, he moved to Los Angeles to live with his grandmother.
","माता पिता के तलाक के बाद वे अपने पिता के सा​थ लॉस एंजिल्स में रहने लगे।
"
"The child lived with his grandmother in the village.
","युवती अपनी मां के साथ गांव में रहती थी।
"
"As for his grandmother, the mother of his father `Abdullah, she was Fatimah daughter of `Amr ibn `A'idh ibn `Imran ibn Makhzum.
","हज़रत पैगम्बर के पिता का नाम अब्दुल्लाह था जो .हज़रत अबदुल मुत्तलिब के पुत्र थे। तथा पैगम्बर (स) की माता का नाम आमिना था, जो हज़रत वहाब की पुत्री थीं।
"
"As her grandmother did.
","जैसाकि उस की दीदी ने किया था.
"
"Neelima Azeem's mother and Shahid Kapoor and Ishaan Khattar's maternal grandmother has passed away.
","नीलिमा अजीम शाहिद कपूर और इशान खट्टर की मां हैं।
"
"My grandmother was also a teacher.
","मेरे ताता (दादाजी) भी एक शिक्षक थे.
"
"He was being taken care of by his parents and grandmother.
","उनका पालन पोषण माता और मामा की देखरेख में हुआ।
"
"Her parents are Saif Ali Khan and Amrita Singh, her grandmother is Sharmila Tagore and her aunt is Soha Ali Khan.
","सैफ की मां शर्मिला टैगोर और पिता मंसूर अली खान पटौदी थे।
"
"Police have detained the grandmother, grandfather and father of the child for questioning in connection with the matter.
","पुलिस ने इस मामले में त्वरित कार्रवाई करते हुए लड़की, लड़की के पिता और भाई को गिरफ्तार कर लिया है।
"
"At that time her grandmother also helped her very much.
","उस समय उसके भांजे ने उनकी काफी मदद की थी।
"
"After that, her father and grandmother brought her up.
","उसके बाद उसके पिता और दादा ने उसे पाला।
"
"As a kid, I spent a lot of time at my grandmother’s house.
","बचपन में काफी समय मैंने मामा जी के घर में गुज़ारा है।
"
"The boy's mother, grandmother and brother also sustained injuries in the incident.
","पीड़ित के चाचा, मां और चाची को भी गंभीर चोटें आई हैं।
"
"A few days later, the grandmother dies.
","कुछ दिन बाद माता जी का देहावसान हो गया।
"
"My family, mom, dad, grandmother all live there.
","मेरे परिवार के पास, मेरे माता-पिता, मेरे भाई-बहन, सब वहीं हैं।
"
"The child lived with his grandmother in the village.
","वृद्धा मझले बेटे के साथ ही गांव में रहती थी।
"
"She played the role of Ayushmann's grandmother in the film.
","इस फिल्म में उन्होंने आयुष्मान खुराना की मां किरदार निभाया था।
"
"“My grandmother passed away, my father was in the hospital.
","“पिता जेल में हैं, माता मर गई हें।
"
"Their parents had died and the sisters were being looked after by their grandmother.
","माँ-बाप मर चुके थे और उनका पालन-पोषण उनके चाचा-चाची की देख-रेख में हो रहा था।
"
"The film, that stars Tapsee Pannu and Bhumi Pednekar, is based on the life of Chandro Tomar and Prakashi Tomar, grandmothers from Baghpat.
","सांड की आंख फिल्म यूपी के बागपत की रहने वाली चंद्रू तोमर और प्रकाशी तोमर की जिंदगी पर बनी है जिसमें तापसी पन्नू और भूमि पेडनेकर उनकी भूमिका अदा कर रही है.
"
"Both my mother and grandmother had been teachers.
","मां और पिता दोनों शिक्षाविद्व थे.
"
"Rahul also paid floral tribute to his grandmother, Indira Gandhi on her martyrdom day.
","उधर इंदिरा गांधी की पुण्य तिथि पर कांग्रेस नेता राहुल गांधी ने भी उन्हें श्रद्धांजलि दी।
"
"Both my mother and grandmother are great cooks.
","मेरी मां और मौसी बहुत अच्छा खाना बनाती हैं।
"
"Bollywood actress Priyanka Chopra is bereaved by the sudden death of her paternal grandmother.
","प्रियंका चोपड़ा के पिता का निधन : ट्विटर पर बॉलिवुड एक्‍ट्रेस ने जताया अपना दुख
"
"Bollywood actress Priyanka Chopra is bereaved by the sudden death of her paternal grandmother.
","प्रियंका चोपड़ा के पिता का निधन
"
"Both are daughters, wives, mothers and grandmothers.
","वो माँ भी हैं, बहन भी, बेटी भी और बीबी भी.
"
"He said while party president Rahul Gandhi resembled his father Rajiv Gandhi, Priyanka resembled her grandmother Indira Gandhi.
","प्रियंका ने कहा कि जो सोच उनके पिता यानी कि राजीव गांधी की थी ठीक वैसी ही सोच राहुल गांधी की भी है।
"
"And then I was there with my mother and grandmother.
","तब मैंने वहीं जाकर मां और अपने सौतेले पिता से मुलाकात की।
"
"He had come to the grandmother’s home.
","वह अपने नाना के घर रहने आया था।
"
"At the time of this incident, my grandfather, grandmother and a cook were present in the house.
","घटना के समय सास, ससुर व ननद घर पर मौजूद थी।
"
"He had come to the grandmother’s home.
","वह अपने नाना के घर गयी थी।
"
"My family, mom, dad, grandmother all live there.
","मेरे परिवार के कई अन्य सदस्य, पिताजी, माँ और मैं, सब वहीं थे.
"
"The accused allegedly killed his parents, sister and grandmother, said the police.
","आरोपियों ने कहा है कि मृतका को उसकी मां और भाई ने ही मारा है.
"
"And she’s also a grandmother.
","वह एक माँ भी है।
"
"The victim’s grandmother and sisters were also injured in the attack.
","हमले में सौतेली मां और रिश्तेदार घायल हो गए थे।
"
"His younger sister went to their maternal grandmother’s house.
","उसकी माता बहन के घर गई थी।
"
"A victim’s grandmother has also been arrested in this case.
","वहीं इसी मामले में पीड़िता के मामा को भी गिरफ्तार किया गया है।
"
"Balasore: In a highly shocking incident, two youths of Khaira area in Odisha’s Balasore district have been accused of raping their 70-year-old grandmother.
","चाईबासा : पांड्राशाली ओपी क्षेत्र के होरलोर गांव में एक 70 वर्षीय बुजुर्ग द्वारा रिश्ते में पोती लगनेवाली आठ वर्षीया बच्ची के साथ दुष्कर्म किये जाने का मामला सामने आया है.
"
"Congress President Rahul Gandhi has dismissed comparisons between his grandmother and former Prime Minister, Indira Gandhi, and the current Prime Minister, Narendra Modi.
","कर्नाटक कांग्रेस के बड़े नेता और पूर्व केंद्रीय मंत्री एमवी राजशेखरन ने प्रधानमंत्री नरेंद्र मोदी की तारीफ करते हुए उनकी तुलना पूर्व प्रधानमंत्री इंदिरा गांधी से कर डाली है।
"
"His parents died when he was small and his grandmother had raised him.
","उस के मातापिता बचपन में मर गए थे और मामामामी ने उसे पाला था.
"
"A few days later my grandmother died.
","कुछ दिन बाद माता जी का देहावसान हो गया।
"
"Neetu Kapoor shared a family picture along with Ranbir’s grandmother Krishna Kapoor and other family members on Instagram.
","नीतू कपूर ने करीना और बाकी घरवालों के साथ एक तस्वीर इंस्टाग्राम स्टोरी पर शेयर की।
"
"The victim’s grandmother had informed about the incident to the villagers.
","इस घटना के बारे में पीड़ित ने गांव के लोगों को बताया।
"
"A friend of mine’s grandmother passed away at the age of 88.
","मेरे पिता का 88 बरस की उम्र में निधन हो गया।
"
"Also read: Bihar polls: First-time voter, grandmother cast votes in Patna
","यह भी पढ़ें: बिहार पंचायत चुनाव के पहले चरण के लिए चुनाव प्रचार थमा
"
"Photos of the grandmother have gone viral on social media.
","आये दिन मामा-भांजे की तस्वीरें सोशल मीडिया पर वायरल होती रहती हैं.
"
"She has been likened to her grandmother and former prime minister Indira Gandhi.
","उन पर उनकी सास व पूर्व प्रधानमंत्री इंदिरा गांधी का काफी प्रभाव है.
"
"Harry and Meghan’s second child is named after the Queen and her late grandmother, Princess Diana.
","प्रिंस हैरी और मेगन ने अपनी बेटी का नाम क्वीन एलिजाबेथ और दिवंगत प्रिंसेस डायना के नाम पर रखा है.
"
"His grandmother came out of the house.
","बड़ी बहू घर से. बाहर निकल गयी ।
"
"After some time, Anita’s grandmother passed away.
","कुछ पहले ही अनीता के ससुर की मृत्यु हो गयी थी।
"
"Rahul Gandhi also paid tribute to his grandmother and the former prime minister.
","राहुल गांधी ने पूर्व पीएम और अपने पिता को श्रद्धांजलि दी
"
"My mother, father and my grandmother were with me.
","पिताजी ने बड़ी बहन, माताजी और मुझे साथ लिया।
"
"He lives with his grandmother and elder brother.
","वे अपने बड़े भाई तथा भाभीके साथ रहते हैं।
"
"Based on the mothers suspicions, the police have detained the babys father and paternal grandmother.
","शक के आधार पर पुलिस ने बच्ची के माता-पिता और मामा को हिरासत में ले लिया।
"
"After leaving, I went to my grandmother’s house.
","इसके बाद मैं अपने मामा के घर चली गई।
"
"Congress leader Rahul Gandhi has admitted that the Emergency imposed on the country during his grandmother Indira Gandhi’s government was a mistake.
","कांग्रेस नेता राहुल गांधी ने इंदिरा गांधी के शासनकाल में लगाए गए आपातकाल को गलत बताया है।
"
"New Delhi: Karan Johar recently on Instagram shared a childhood picture including his grandmother and mother, Hiroo Johar.
","हाल ही में मदर्स डे पर करण देओल ने इंस्टाग्राम पर मां पूजा देओल और भाई राजवीर के साथ अपनी बचपन की एक फोटो शेयर की है।
"
"His mother and grandmother were wounded.
","अपनी सास और साली को भी घायल कर दिया.
"
"Also, Ranveer ‘s paternal grandfather and Sonam Kapoor’s maternal grandmother were siblings.
","यानि कि सोनम कपूर के नाना और रणवीर सिंह के दादाजी, भाई - बहन थे।
"
"The child lived with his grandmother in the village.
","गांव में चाचा के साथ रह रही थी।
"
"She wasn't just my grandmother, she was my parent, my teacher...
","वह केवल मेरी माँ ही न थी, अध्यापिका भी थी ।
"
"Neetu Kapoor shared a family picture along with Ranbir’s grandmother Krishna Kapoor and other family members on Instagram.
","नीतू कपूर ने इंस्‍टाग्राम पर पोस्‍ट किए गए एक फैमिली फोटो से कटरीना कैफ को हटा दिया था।
"
"Nakul Kaushik (Ayushmann Khurrana) lives with his parents (Gajraj Rao and Neena Gupta), grandmother (Surekha Sikri) and a younger brother Ghullan (Shardul Rana).
","इनके परिवार में इनकी पत्नी (नीना गुप्ता), बड़ा बेटा नकुल (आयुष्मान खुराना) मां (सुरेखा सीकरी) और छोटा बेटा गूलर होते है.
"
"When the girl did not reach grandmother's house even after a long time, the family started searching for her.
","काफी देर बाद भी घर नहीं लौटने पर परिजन किशोरी को खोजने निकले।
"
"The child lives with his grandmother.
","बच्ची अपनी फूफी के पास रहती है।
"
"The accused fled when the girl’s grandmother came.
","युवती की बहन के पहुंचने पर आरोपी वहां से भागा।
"
"His grandmother and grandfather live there.
","उसके चाचा व भाई वहीं रहते हैं।
"
"Her grandfather, says she, was a Muslim and grandmother a Hindu.
","उसकी मां हिन्दू बतायी जा रही है और पिता मुस्लिम।
"
"The girl's mother had died and she lived with her grandmother, police said.
","पुलिस का कहना है कि मां के निधन के बाद वह बच्ची अपनी चाची के साथ रहती है।
"
"They named her Lilibet ‘Lili’ Diana Mountbatten-Windsor, a nod to Harry's grandmother, Queen Elizabeth II and mother, Princess Diana.
","प्रिंस हैरी और मेगन मर्केल की दूसरी संतान का नाम महारानी एजिलाबेथ द्वितीय और हैरी की मां डायना के नाम पर लिलिबेट 'लिली' डायना माउंटबेटन-विंडसर रखा गया है।
"
"Both his mother and his grandmother were very supportive.
","इनफैक्ट मां और पापा दोनों ने भी काफी साथ दिया।
"
"At the age of 12 his grandmother died.
","12 बरस की उम्र में पिता का निधन हो गया था
"
"Her grandmother was Hindu, her grandfather British and father Armenian Christian.
","उनके पिता हिंदू सिंधी और मां ब्रिटिश क्रिश्चन थी।
"
"Subsequently, the grandmother of the girl lodged a complaint with the police.
","इसके बाद पुलिस थाने में चाचा-भतीजे के खिलाफ शिकायत दर्ज कराई।
"
"The child lived with his grandmother in the village.
","मृतका गांव में अपने बाबा के साथ रहती थी।
"
"His wife and grandmother were then arrested.
","इसके बाद उनके पति और सास को गिरफ़्तार कर लिया गया।
"
"His grandmother Vijaya Raje was among founder members of BJP.
","उनकी मां विजय राजे की गिनती भाजपा के प्रमुख नेताओं में होती थी.
"
"Both my grandmothers died when I was a child.
","मेरे माता-पिता दोनों का ही देहांत हो गया था ,जब मैं छोटा सा था।
"
"At my grandmother's house.
","मेरी मामा के ससुराल में.
"
"The grandmother informed the girl’s mother.
","सहेली ने इस बात की सूचना लड़की की मां को दी।
"
"Subsequently, the grandmother of the girl lodged a complaint with the police.
","इसके बाद बहन ने महिला थाना पुलिस को शिकायत दी।
"
"His parents died when he was small and his grandmother had raised him.
","कम उम्र में ही उनके माता-पिता का निधन हो गया, जिसके बाद बड़ी बहन ने उन्हें पाला।
"
"The child lives with his grandmother.
","एक बेटी बुआ के साथ रहती है।
"
"When the girl did not reach grandmother's house even after a long time, the family started searching for her.
","काफी समय बाद भी जब बच्ची घर नहीं लौटी तो स्वजन उसकी तलाश करने लगे।
"
"The accused fled when the girl’s grandmother came.
","किशोरी के चाचा के पहुंचने पर आरोपी भाग निकले।
"
"Car crashes into tree killing infant : Father sustains serious injuries; mother, grandmother also hospitalised
","खाई में गिरी कार, पिता की मौत, मां-बेटा घायल
"
"After the boy&s death, his grandmother lodged a complaint with the city police alleging his mother had killed him.
","बेटी की मौत के बाद मां ने पड़ोसी युवक पर बेटी को जान से मारने का आरोप लगाते हुए पुलिस को तहरीर दी है.
"
"After the death of her grandmother, she came from maternal uncle's house.
","मां की मौत के बाद आया था मौसी के घर
"
"This was my grandmother.
","ये मेरे चचेरे मामा थे।
"
"Karisma Kapoor shared a picture with her grandmother, Krishna Raj Kapoor, on her Instagram account.
","करिश्मा कपूर ने अपने इंस्टाग्राम की स्टोरी में राज कपूर और कृष्णा राज कपूर की तस्वीर शेयर की।
"
"Congratulations on becoming a grandmother!
","बधाई भाभीजी मां बनने वाली हैं!
"
"The victim’s grandmother and sisters were also injured in the attack.
","इस हमले में किसान के भाई भाभी तथा पौत्र भी घायल हो गया।
"
"""Amada was my grandmother's name.
","“वह नाम तो अम्मी ने रखा था।
"
"“My mother, grandmother and brother are my pillars of strength.
","– ‘मैं, मेरी मां और छोटा भाई पिता के ही सहारे हैं।
"
"“I heard the story from my grandmother when I was a child.
","""बचपन में एक कहानी सुनी थी।
"
"They are someone's grandmother, grandfather, dad, mom, sister or brother.
","भाई या रिश्तेदार के भाई हैं, चाचा, मामा, फूफा, ससुर, जीजा या कोई ससुराली संबंधी हैं।
"
"Both her grandmother and mother were teachers.
","इनके माता और पिता दोनों अध्यापक थे।
"
"The Congress had also referred to the assassination of former prime ministers Rajiv Gandhi and Indira Gandhi -- Rahul's father and grandmother respectively -- in the letter.
","चिट्ठी में पूर्व पीएम राजीव गांधी और इंदिरा गांधी की हत्या का भी जिक्र है।
"
"The boy's mother, grandmother and brother also sustained injuries in the incident.
","इसमें लड़की की मां, पिता, भाई आदि घायल हो गए।
"
"After losing her parents at a tender age, she is brought up by her grandmother.
","छोटी सी उम्र में ही अपने माता-पिता को खो दिया इसके बाद उनके मामा ने लालन-पालन किया।
"
"86-year-old grandmother raped in Delhi
","दिल्ली में 86 वर्षीय महिला के साथ रेप
"
"Right from her childhood, she has been residing in the house of her maternal grandmother.
","बचपन से वह अपने मामा-मामी के घर रह रही थी।
"
"Ananya Panday along with parents Chunky Panday & Bhavana Pandey pays her last respects at grandmother Snehlata's prayer meet
","चंकी पांडे ने पत्नी भावना पांडे और बेटी अनन्या पांडे के साथ अपनी मां स्नेहलता को दी प्रेयर मीट में दी अंतिम श्रद्धांजलि
"
"The girl arrived at a polling booth in Patna with her grandmother on a bicycle to cast her vote.
","पटना के एक बूथ पर एक लड़की साइकिल से अपने मतदान केंद्र पर पहुंची.
"
"The girl's grandmother and brother were present at the house during the time of the incident.
","घटना के वक्त लड़की का भाई और जीजा मौजूद था।
"
"The Congress had also referred to the assassination of former prime ministers Rajiv Gandhi and Indira Gandhi -- Rahul's father and grandmother respectively -- in the letter.
","कांग्रेस ने चिट्ठी में पूर्व प्रधानमंत्री इंदिरा गांधी और राजीव गाधी का भी जिक्र किया है।
"
"“No,” his grandmother replied.
","“नहीं बेटी | पिताजी ने उत्तर दिया ।
"
"His grandmother Vijaya Raje was among founder members of BJP.
","भाजपा उपाध्यक्ष वसुंधरा राजे की मां विजयाराजे भाजपा की संस्थापक सदस्य थीं.
"
"My grandmother was a great storyteller.
","मेरे नाना बहुत बड़े कथाबाचक थे ।
"
"Mumbai: Bollywood actress Sara Ali Khan shared an adorable throwback photograph and thanked her grandmother for creating her mother Amrita Singh.
","मुंबई: बॉलीवुड एक्ट्रेस सारा अली खान ने अपनी मां व अभिनेत्री अमृता सिंह के लिए भावुक कविता पोस्ट की है।
"
"He calls his grandmother ‘mumma’.
","” वह अपनी मां को “अम्मी ही कहती है ।
"
"Ashok Kumar, Kishore Kumar and Anup Kumar who are the three great personalities of Indian films are the sons of her grandmother Satirani Devi.
","इनकी माता सतीदेवी थीं, जो हिन्दी फ़िल्मों के मशहूर अभिनेता अशोक कुमार और किशोर कुमार की बहन थीं।
"
"But his grandmother escaped.
","लेकिन उसके अब्बा ने उसे भगा दिया।
"
"The grandmother informed the girl’s mother.
","युवती ने मां को बताया।
"
"But grandmother didn't know her.
","लेकिन माँ को मालूम नहीं था.
"
"A dearly loved wife, mother and grandmother.
","प्यार करने वाले माता-पिता, पत्नी और बेटी।
"
"""We knew my grandmother and father were going to die,"" says Rahul Gandhi
","राहुल गांधी ने कहा कि हमें पता था कि हमारे पिता मरने जा रहे हैं।
"
"Their father and grandmother work in the plantation.
","उसके पिता व बड़े भाई ढाबे पर काम करते हैं।
"
"The accused fled when the girl’s grandmother came.
","युवती की भाभी के आने पर आरोपी भाग गए।
"
"“Forgive me this once, grandmother; I will never do so again.
","“सोरी आंटी प्लीज़ आप मुझे माफ़ कर दो आंटी, मैंने आगे से ऐसा कभी भी नहीं करूँगा.
"
"The FIR has been lodged on the complaint of the student’s grandmother.
","छात्रा की मां के बयान पर एफआईआर दर्ज की गई है।
"
"His grandmother and grandfather live there.
","यहां उनके सास और ससुर रहते हैं.
"
"He lived with his mother and grandmother.
","वो अपनी मां के साथ अपने दादा के पास रहता था.
"
"Her grandmother was the much acclaimed and popular screen icon Nutan, while her great-grandmother Shobhana Samarth was an equally popular actress of her time.
","नूतन की मां शोभना समर्थ अपने समय की मशहूर अभिनेत्री थीं और बहन तनूजा भी अपने समय की मशहूर अभिनेत्री रहीं है.
"
"The minor told her grandmother of what had happened, after which the girl and her family lodged a complaint with the police.
","किशोर की हरकतें बढ़ने पर युवती ने परिजनों इसके बारे में बताया तथा महिला थाना पुलिस को शिकायत दी।
"
"He lives with his grandmother and elder brother.
","वृद्धा भाई और भाभी के साथ रहती है।
"
"The girl lived with her father and her grandmother.
","लड़कियां अपनी माँ और दादा के साथ रहती थीं.
"
"Neena Gupta, who recently played a grandmother in Netflix film Sardar Ka Grandson, will soon release her autobiography Sach Kahun Toh.
","जल्द ही नेटफ्लिक्स की फिल्म सरदार का ग्रैंडसन में नजर आने वालीं सीनियर एक्ट्रेस नीना गुप्ता जल्द ही अपनी ऑटोबायोग्राफी लॉन्च करने जा रही हैं।
"
"BJP worker shoots grandmother, wife. commits suicide
","भाजपा की महिला कार्यकर्ता और उसकी बहन पर चापड़ से हमला,बहन की मौत
"
"4 There were six of us in the family home: me, my mum and dad, my two brothers and my grandmother.
","मेरी फेमली में 4 लोग हे; मैं, मेरी माँ, पिताजी, और मेरा भाई.
"
"After a while my grandmother entered the room.
","कुछ देर बाद मां कमरे के अंदर चली गई।
"
"He had come to the grandmother’s home.
","वह बुआ के घर से लौट रही थी।
"
"The victim’s grandmother and sisters were also injured in the attack.
","इस हमले में मृतक के भाई और भाभी को भी गंभीर चोट आई हैं।
"
"Her family consisted of parents, a grandmother and a younger sister.
","उसके परिवार में मम्मी-पापा, एक छोटी बहन थी।
"
"The girl was residing with her grandmother while her parents stay in Mumbai.
","युवती अपने माता-पिता के साथ बांद्रा मुंबई में रहती थी।
"
"Survivors include two children, her father, three siblings, and her grandmother.
","जेल गए लोगों में पिता, उसके तीन बेटे और दो भतीजे शामिल हैं.
"
"Sharmila's maternal grandmother Latika Tagore was the granddaughter of Rabindranath Tagore's brother Dwijendranath.
","शर्मिला टैगोर की मम्मी रविंद्रनाथ टैग के भाई द्विजेंद्रनाथ की पोती थीं।
"
"Randhir is survived by his grandmother, parents, wife and three children.
","उनके परिवार में पिता राजेंद्र, मां मीना, पत्नी रंजना और तीन बेटियां हैं।
"
"The woman’s grandmother was present in the house at the time of the incident.
","घटना के वक्त घर में बुजुर्ग मां थी।
"
"The girl's grandmother and brother were present at the house during the time of the incident.
","घटना के दौरान पीड़ित बच्ची और उसका छोटा भाई ही घर पर मौजूद था।
"
"""My grandmother asked, 'Why are you crying?
","दाई ने पूछा- “रोती क्यों हो बहन !
"
"Content creator Ankit Jangid shared the video of him dancing with his grandmother.
","वीडियो उनके पोते और कंटेंट क्रिएटर अंकित जांगिड़ ने शेयर किया है.
"
"Her maternal grandmother was Burmese.
","उनकी मां बर्मा की थीं।
"
"As Mark Twain rightly said, “India is the cradle of the human race, the birthplace of human speech, the mother of history, the grandmother of legend, and the great-grandmother of tradition.
","मार्क ट्वेन ने कहा था- “भारतभूमि मानव जाति की उद्‌गम स्थली है, मनुष्य की वाणी की जन्मस्थली है, इतिहास की जननी है और गाथाओं की महाजननी है और परम्पराओं की अधिष्ठात्री है।
"
"Babur belongs to the lineage of Timur (a Timurid) from his father's side and Chengiz Khan the Mongol from his grandmother's side.
","बाबर पिता पक्ष से तैमूर का वंशज है और मातृ पक्ष से चंगेज खान का।
"
"She’s the grandmother of the house.
","वह मकान मालकिन का भतीजा है।
"
"You can make promise to your, husband, wife, son, daughter as well as grandfather, grandmother, uncle, aunt, friends and anyone.
","आप अपने पुत्र, पुत्री, पति, पत्नी, माता, पिता, भाई, बहन, चाचा, चाची अथवा किसी भी दूसरे संबंधी या फिर अपने किसी मित्र को नॉमिनी बना सकते है.
"
"His grandmother also drowned while trying to save him.
","उसे बचाने के प्रयास में बुआ भी डूब गई।
"
"Asian Mums Network and Cyber-Safe Zone have just launched a campaign to teach Ladies, mums and grandmothers digital media skills and internet safety training and it’s free!
","""""""साइबर-सुरक्षा क्षेत्र अलहमबरा वूमेंस और एशियाई मम्स नेटवर्क ने महिलाओं, माताओं और दादिमाओं के लिए डिजिटल माध्यम कुशलता और इंटरनेट सुरक्षा प्रशिक्षण को पढ़ाने के लिए अभी एक अभियान शुरू किया है !""
"
"The child lives with his grandmother.
","बच्ची अपने मामा के घर रहती है।
"
"Actress Ananya Pandey posted a picture of her maternal and paternal grandmothers.
","अभिनेत्री अनन्या पांडे ने शेयर की दिलकश तस्वीरें
"
"My mother, father and my grandmother were with me.
","मेरे मामा और ताऊजी भी पापा के साथ गए थे.
"
"They killed my grandmother and my father.
","उन्‍होंने मेरे पिता और भाई को पीटा।
"
"During investigation, the police also questioned the girl's grandmother.
","मामले की जांच करते हुए पुलिस ने नाबालिग की मां से भी पूछताछ की है।
"
"Rishi Kapoor and Neetu Kapoor’s daughter Ridhima also posted a tribute to her grandmother.
","नीतू और ऋषि कपूर की बेटी रिद्धिमा ने भी सिमर के लिए बावुक पोस्ट लिखा।
"
"Subsequently, the grandmother of the girl lodged a complaint with the police.
","जिसके बाद बड़ी बेटी ने छोटी बहन के साथ मिल पुलिस में शिकायत की।
"
"Beloved wife, mother and grandmother.
","प्यार करने वाले माता-पिता, पत्नी और बेटी।
"
"The victim’s grandmother had informed about the incident to the villagers.
","ग्रामीणों ने घटना की सूचना मृतका के मायके वालों को दी।
"
"The child lived with his grandmother in the village.
","किशोरी माँ-बाप के साथ गाँव में रहती थी।
"
"After that, her father and grandmother brought her up.
","इसके बाद उनकी परवरिश उनकी मां और भाई ने की है.
"
"The girl was then residing with her grandmother.
","तब से लड़की वहीं अपने दादा के साथ रहा करती थी।
"
"Both of my grandmothers worked.
","मेरे मॉम-डैड दोनों ही जॉब करते थे।
"
"""She has a 'natural charisma' which has often prompted many to make comparisons with her grandmother and former party president, the late Indira Gandhi.
","उनके पास एक “प्राकृतिक करिश्मा” है, जो अक्सर कई लोगों को पूर्व प्रधानमंत्री दिवंगत इंदिरा गांधी के साथ तुलना करने के लिए प्रेरित करता है.
"
"I’ve become a grandmother.
","में मातृद्रोही हो गया हूँ।
"
"Subsequently, the grandmother of the girl lodged a complaint with the police.
","उसके बाद लड़की के अंकल ने भी पुलिस में शिकायत दर्ज करवा दी।
"
"Her family consisted of parents, a grandmother and a younger sister.
","इनमें उनका परिवार, उनकी मां और छोटे भाई का परिवार शामिल था.
"
"The boy's mother, grandmother and brother also sustained injuries in the incident.
","घटना में मां, पुत्र और उसकी बहू गंभीर रूप से घायल हो गए।
"
"The girl lived with her father and her grandmother.
","युवती अपने माता-पिता और बहन के साथ रहती थी।
"
"The boys are currently living with their paternal grandmother.
","फिलहाल वे बच्चे अपने सगे चाचा के साथ रहते हैं।
"
"Ranbir Kapoor's mom Neetu Singh recently posted this picture on Instagram wherein, cool Ranbir is seen spending fun moment with his gorgeous grandmother, Krishna Raj and both having a drink together.
","हाल ही में रणबीर की माँ नीतू ने अपने इंस्टाग्राम पर एक फोटो पोस्ट की जिसमे रणबीर की भांजी सारा नजर आ रही है.
"
"Both her mother and grandmother are teachers.
","मम्मी पापा दोनों ही टीचर है।
"
"After returning home, the girl narrated the incident to her grandmother, who told her parents about it.
","घर लौटकर लड़की ने मां-पिता को घटना की जानकारी दी।
"
"Her mother and grandmother were inside the house.
","मां और भाभी थीं घर में.
"
"The grandmother informed the girl’s mother.
","इस बात की जानकारी बच्ची ने मां को दी।
"
"I am going to be a grandmother.
","मैं बेगम बनने जातो हूँ ।
"
"“Narendra Modi talks of hatred, insults my father (late Prime Minister Rajiv Gandhi), speaks about my grandmother (late Prime Minister Indira Gandhi), my great-grandfather (former Prime Minister Jawaharlal Nehru) but I will, all my life, will never speak about his family or his parents.
","राहुल गांधी ने कहा है कि नरेंद्र मोदी उनके पिता व परिवार का अपमान करते हैं, लेकिन वे प्रधानमंंत्री के परिवार के बारे में कुछ नहीं बोलेंगे
"
"They named her Lilibet ‘Lili’ Diana Mountbatten-Windsor, a nod to Harry's grandmother, Queen Elizabeth II and mother, Princess Diana.
","बच्ची का नाम लिलिबेट ‘लिली’ डायना माउंटबेटेन-विंज़र रखा गया है जो हैरी की माँ प्रिसेंज़ डायना और महारानी एलिज़ाबेथ के नाम का संयुक्त रूप है.
"
"The girl's grandmother and brother were present at the house during the time of the incident.
","घटना के दौरान युवती की बहन और जीजा घर पर ही थे।
"
"He said she lived near his grandmother’s house.
","उन्होंने बताया कि वे अपने नाती के पास रहते हैं।
"
"A child’s love for his grandmother is a good example of affection.
","शुद्ध प्रेम का उदाहरण है मां का अपने बच्चे के प्रति प्रेम.
"
"The boy's mother, grandmother and brother also sustained injuries in the incident.
","हादसे में मां-बेटा और नाती तीनों घायल हो गए।
"
"My mother, father and my grandmother were with me.
","पिताजी, माँ, मेरी छोटी बहन और में, चारों एकसाथ गये ।
"
"But he lived with his grandmother.
","पर वह अपने मातापिता के साथ ही रहती थी.
"
"A woman is a daughter, sister, niece, wife, mother, aunt, stepmother, and grandmother.
","स्त्री, बेटी, मां, बहन, प्रेयसी होती है।
"
"Police have arrested the boy's parents and grandmother on suspicion of murder and child abuse in the boy's death.
","पुलिस ने इस मामले में बच्ची के मां, चाची और पिता को हत्या और अंधविश्वास की धाराओं में केस दर्ज कर गिरफ्तार कर लिया है।
"
"The grandmother informed the girl’s mother.
","महिला ने किशोरी की मां को इस बारे में जानकारी दी.
"
"I was eight when my grandmother died.
","मैं जब आठ-नौ बरस का था, मेरी मां की मृत्यु हो गई।
"
"Her other family members including her grandmother and parents have also been admitted.
","इसमें उसकी मां, चाचा सहित अन्य परिजनों को भी नामजद किया गया है।
"
"The child lives with his grandmother.
","छोटा बेटा पिता के साथ रहता है।
"
"Indira Gandhi is Rahul Gandhi’s grandmother.
","लौह महिला इंदिरा गांधी की पोती हैं।
"
"The grandmother informed the girl’s mother.
","किशोरी ने आपबीती माँ को बता दी.
"
"""My great grandmother’s name was Kamala.
","“मेरी| माँ का नाम केसर था।
"
"Her grandfather, says she, was a Muslim and grandmother a Hindu.
","वानखेड़े ने कहा है कि उनके पिता हिंदू हैं और मां मुस्लिम थीं।
"
"A couple and their child live in the larger home, while the smaller home is occupied by the child’s grandmother.
","दंपती की बड़ी बेटी एक रिश्तेदार के घर में रहती है, जबकि छोटी बेटी उनके साथ रहती है।
"
"After which he was raised by his mother and paternal grandmother.
","जिसके बाद पालन-पोषण उनकी माता और बड़े भाई ने किया.
"
"Sharmila's maternal grandmother Latika Tagore was the granddaughter of Rabindranath Tagore's brother Dwijendranath.
","शर्मिला की मां लतिका बरुआ रवींद्रनाथ के भाई द्विजेंद्रनाथ की पोती थीं।
"
"""My mother, father and grandmother are doctors.
","पिता, मां और बहन तीनों डाक्टर हैं।
"
"The grandmother was wounded.
","ताई-बुआ घायल हो गईं।
"
"Ranbir Kapoor's mom Neetu Singh recently posted this picture on Instagram wherein, cool Ranbir is seen spending fun moment with his gorgeous grandmother, Krishna Raj and both having a drink together.
","हाल ही में रणबीर की मां नीतू सिंह ने इंस्टाग्राम पर रणबीर की भांजी समारा का एक वीडियो शेयर किया है, जिसमें वो रणबीर कपूर के फेमस सॉन्ग 'गलती से मिस्टेक' पर डांस करती नजर आ रही हैं।
"
"As a young girl, I lived with my mother and grandmother.
","जब मैं छोटा था तो अपनी मां और बहन के साथ रहता था.
"
"My grandmother was there.
","ससुर-सास वहीं थे।
"
"I’ve become a grandmother.
","मैं मातुद्रोही हो गया हूँ।
"
"Car crashes into tree killing infant : Father sustains serious injuries; mother, grandmother also hospitalised
","तेज रफ्तार कार पेड़ से टकराई, मां और बेटा घायल
"
"Neetu Kapoor shared a family picture along with Ranbir’s grandmother Krishna Kapoor and other family members on Instagram.
","बॉलीवुड एक्ट्रेस नीतू कपूर (Neetu Kapoor) ने अपने इंस्टाग्राम पर परिवार के साथ करवा चौथ की तस्वीर शेयर की है.
"
"The woman’s grandmother was present in the house at the time of the incident.
","इस घटना के समय युवक की सौतेली मां घर में ही मौजूद थी।
"
"Eventually Meghan wore a platinum and diamond tiara that was originally designed for Queen Mary, the Queen's grandmother.
","अंत में मेगन मार्कल ने अपनी शादी में प्लेटिनम और डायमंड से बना टियारा पहना था, जो क्वीन एलिजाबेथ की ग्रेंडमदर यानी क्वीन मैरी के लिए डिजाइन किया गया था.
"
"She was a loving wife, mother, grandmother and sister.
","वह सचमुच एक ममतामयी माँ, स्रेही बहन, पति परायण नारी थीं।
"
"“My grandmother had four children — my dad and three of my aunts.
","“पन्‍ना के चार बच्चे थे--तीन बेटे और एक बेटी ।
"
"He had come to the grandmother’s home.
","उसका बुआ के घर आना जाना था।
"
"The child lives with his grandmother.
","बच्ची अपनी बुआ के पास रहती है।
"
"The girl lived with her father and her grandmother.
","युवक अपनी बीबी और मां के साथ रहता था।
"
"He lived with his mother and grandmother.
","वह पिता व सौतेली मां के साथ ही रह रही थी।
"
"The girl lives with her parents, grandmother and two younger siblings.
","किशोरी अपने दादा व दो छोटी बहनों के साथ घर पर रहती है।
"
"After that, I went to live with my grandmother.
","मैं उसके बाद अपनी सौतेली मां के साथ रहने लगी.
"
"He has a grandmother, wife and three children back home.
","घर पर वृद्ध माता-पिता, पत्नी और तीन बच्चे हैं।
"
"The deceased had been living with his grandmother.
","मृतक अपनी भाभी के साथ रहता था।
"
"Priyanka Gandhi bears an uncanny resemblance to her grandmother and former Prime Minister Indira Gandhi.
","प्रियंका गांधी में पूर्व प्रधानमंत्री इंदिरा गांधी की झलक देखी जाती है.
"
"The victim’s grandmother had informed about the incident to the villagers.
","घटना की सूचना मोहल्ले वासियों ने वृद्धा के स्वजन को दे दी है।
"
"The accused allegedly killed his parents, sister and grandmother, said the police.
","पुलिस ने बताया कि मृतक अपनी ही मां, बहन और भाई की पत्‍नी (भाभी) से रेप करता था।
"
"Rahul Gandhi in his childhood sitting on the lap of his grandmother Indira Gandhi with sister Priyanka.
","राजीव गांधी की श्रद्धांजलि सभा के दौरान राहुल गांधी अपनी बहन प्रियंका गांधी के बच्चों के साथ.
"
"Last week, her grandmother died.
","पिछले हफ्ते उनकी मां का निधन हो गया था।
"
"The mother and grandmother have been arrested.
","सौतेली मां और पिता को हिरासत में ले लिया है।
"
"They are someone's grandmother, grandfather, dad, mom, sister or brother.
","वो किसी के पिता, किसी की मां, किसी के भाई या बहन हैं.
"
"But his grandmother pushed him.
","लेकिन उसके अब्बा ने उसे भगा दिया।
"
"My grandmother would take me to the church every day.
","मेरी मां मुझे रोज मंदिर ले जाती थी.
"
"Her son lived with his grandmother.
","पुत्र अपनी बहन के साथ रहता है।
"
"Arjun Kapoor shared on Instagram an adorable video with his grandmother Nirmal Kapoor.
","परिणीति ने इंस्टाग्राम पर एक वीडियो शेयर किया है जिसमे वह अर्जुन कपूर के साथ नजर आ रही हैं।
"
"Her family consisted of parents, a grandmother and a younger sister.
","उनके परिवार में पिता, माता और बड़े भाई थे।
"
"The grandmother informed the girl’s mother.
","बच्ची ने मां को बता दिया।
"
"He was staying along with his two brothers at his grandmother’s house here.
","यहां वह अपनी दो बहनों के साथ रहती थी.
"
"She could be your grandmother.
","वह आपकी मां-बहन भी हो सकती है।
"
"The boy's mother, grandmother and brother also sustained injuries in the incident.
","हादसे में पिता-पुत्र और चाचा-भतीजा घायल हुए है।
"
"“What does a grandmother do?
","“बहू क्या किया करती है ?
"
"Beloved mother, grandmother and great-grandmother.
","गुडबाय मां, पापा और दीदी.
"
"The child lives with his grandmother.
","बेटी पूनम मां के साथ रहती है।
"
"My grandmother is very ill.
","मेरी सौसीं बहुत बीमार है।
"
"During investigation, the police also questioned the girl’s grandmother.
","इस बीच पुलिस ने लड़की की छोटी बहन से पूछताछ की।
"
"The mother and grandmother have been arrested.
","इनमें से सास और ससुर को गिरफ्तार कर लिया गया है।
"
"He was being taken care of by his parents and grandmother.
","उनकी देखभाल पिता व बड़े भाई-बहन कर रहे थे।
"
"My family, mom, dad, grandmother all live there.
","मैं, मेरे पिता, मां सब यहीं के रहनेवाले हैं.
"
"“My grandmother is not your ordinary woman.
","“बहू कोई साधारण औरत नहीं है।
"
"Gandhi's father Rajiv Gandhi and grandmother Indira Gandhi were both Prime Ministers of the country.
","देश की पूर्व प्रधानमंत्री इंदिरा गांधी के दो बेटे थे, जिसमें राजीव गांधी बड़े और संजय गांधी छोटे थे।
"
"His mother, former Congress president Sonia Gandhi, earlier contested from the Bellary Lok Sabha seat in Karnataka while his grandmother, former Prime Minister Indira Gandhi, had contested from Chikamangalur in Karnataka.
","उसकी दलील है कि राहुल गांधी की मां और पूर्व कांग्रेस अध्यक्ष सोनिया गांधी भी कर्नाटक के बेल्लारी से लोकसभा चुनाव लड़ी थीं.
"
"“Today is the anniversary of my grandmother’s martyrdom.
","""ये मेरे मित्र की मति का शहादत दिवस है।
"
"He had come to the grandmother’s home.
","वह बहन के घर आया हुआ था।
"
"He has two elder brother and a grandmother.
","उनमें से दो बाप-बेट और दो भाई हैं।
"
"When the girl did not reach grandmother's house even after a long time, the family started searching for her.
","काफी देर तक बेटी के घर नहीं पहुंचने पर परिजन उसे तलाशने गए।
"
"A woman who is a daughter, sister, wife, mother, grandmother, and friend.
","स्त्री, बेटी, मां, बहन, प्रेयसी होती है।
"
"Police registered a case based on the complaint lodged by the girl’s grandmother.
","पुलिस ने बुजुर्ग की बेटी की शिकायत पर मुकदमा दर्ज किया है।
"
"Her grandson, Tape Ram, alleged that when funeral procession reached the public crematorium of the village, some upper castes men forbade them to cremate his grandmother there.
","महिला के पोते टेप राम ने आरोप लगाया कि गांव के श्मशान गृह पर शव लेकर पहुंचने के बाद ऊंची जाति के कुछ लोगों ने वहां उन्हें प्रवेश नहीं करने दिया।
"
"The girl lived with her father and her grandmother.
","लड़की अपने भाई और माता-पिता के साथ रह रही थी।
"
"She plays a caring grandmother who loves her family and can go to any extent to protect her granddaughters.
","उन्होंने केयरिंग ग्रैंडमदर का किरदार निभाया है जो अपने परिवार को प्यार करती है और अपने पोते-पोतियों की रक्षा के लिए किसी भी हद तक जा सकती है.
"
"Beloved mother, grandmother and great -grandmother.
","गुडबाय मां, पापा और दीदी.
"
"The grandmother informed the girl’s mother.
","लड़की ने आपबीती मां को बतलाई।
"
"His grandmother, then prime minister Indira Gandhi, and his father, former prime minister Rajiv Gandhi, were both assassinated.
","गौरतलब है कि सोनिया गांधी के पति एवं पूर्व प्रधानमंत्री राजीव गांधी और उनकी सास एवं पूर्व प्रधानमंत्री इंदिरा गांधी दोनों की हत्या की गई थी।
"
"The victim’s grandmother had informed about the incident to the villagers.
","घटना की सूचना ग्रामीणों ने पीड़िता के मायकेवालों को दी।
"
"Bhageerathi Amma, a great grandmother, had always yearned to study and gain knowledge.
","भागीरथी अम्मा, हमेशा से अध्ययन करने और ज्ञान प्राप्त करने के लिए तरसती रहीं थीं।
"
"Police have arrested the boy's parents and grandmother on suspicion of murder and child abuse in the boy's death.
","पुलिस ने इस हत्या के आरोप में लडक़ी के माता-पिता और चाचा को गिरफ्तार कर कोर्ट में पेश किया।
"
"The child lived with his grandmother in the village.
","नाबालिग अपने दादा के साथ गांव में रहती थी।
"
"At my grandmother’s house.
","मेरी मामा के ससुराल में.
"
"The victim returned home and informed her grandmother.
","पीड़िता मायके पहुंची और स्वजन को जानकारी दी।
"
"Both mother and grandmother live with them.
","मां और भैया-भाभी साथ रहते हैं।
"
"The accused allegedly killed his parents, sister and grandmother, said the police.
","युवती ने बताया कि उसके जीजा, पिता और भाई को आरोपियों ने बेरहमी से पीटा.
"
"The deceased had been living with his grandmother.
","मृतक अपनी सौतेली मां के साथ रहते थे।
"
"Boney Kapoor, Sanjay Kapoor, Arjun Kapoor, Anil Kapoor, Shanaya Kapoor, Anshula Kapoor, Maheep Kapoor, Jahan Kapoor, Janhvi Kapoor, her grandmother and Sunita Kapoor posed for the adorable family photo.
","अर्जुन के द्वारा शेयर की गई फैमिली फोटो में अनिल कपूर, सुनीता कपूर, बोनी कपूर, महीप कपूर, संजय कपूर, जाह्नवी कपूर, खुशी कपूर, मोहित मारवाह, शनाया कपूर, जहान कपूर और अर्जुन कपूर नजर आ रहे हैं।
"
"New Delhi: Congress chief Rahul Gandhi paid tributes to his grandmother and the late PM Indira Gandhi on her death anniversary.
","पूर्व प्रधानमंत्री इंदिरा गांधी की जयंती आज: पीएम मोदी और राहुल गांधी सहित कई नेताओं ने श्रद्धांजलि दी
"
"My mother, father and my grandmother were with me.
","हमारे साथ मम्मी-पापा, भाभी-भैया भी रहे।
"
"Adored wife, mother and grandmother.
","प्यार करने वाले माता-पिता, पत्नी और बेटी।
"
"Congress leader Rahul Gandhi pays floral tribute to former Prime Minister and his grandmother Indira Gandhi at Shakti Sthala in Delhi, on her 103rd birth anniversary.
","कांग्रेस नेता राहुल गांधी ने गुरुवार को पूर्व प्रधानमंत्री इंदिरा गांधी को शक्ति स्थल पर उनकी 103वीं जयंती पर पुष्पांजलि अर्पित की
"
"Priyanka Gandhi bears an uncanny resemblance to her grandmother and former Prime Minister Indira Gandhi.
","प्रियंका के अंदाज भी पूर्व प्रधानमंत्री इंदिरा गांधी की तरह मिलता है.
"
"Recently, my friend’s grandmother passed away.
","पिछले दिनों एक मित्र की मां की मृत्यु हो गई।
"
"Rahul Gandhi said that his grandmother and his family were Shiva devotees.
","राहुल ने कहा कि मैं और मेरा परिवार शिवभक्त हैं।
"
"My family, mom, dad, grandmother all live there.
","मेरे पति , माता पिता, सास ससुर , दोस्त सब वहीं हैं.
"
"According to reports, Dharmendra and Jaya Bachchan will be seen as Alia’s grandparents and Shabana will be seen as Ranveer’s grandmother in the film.
","एक सूत्र ने बताया कि फिल्म में धर्मेंद्र और शबाना आजमी को आलिया भट्ट के ग्रैंडपैरंट्स का किरदार दिया गया है जबकि जया बच्चन रणवीर सिंह की ग्रैंडमदर की भूमिका में नजर आएंगी।
"
"Both my mom and grandmother are wonderful cooks.
","मेरी मां और मौसी बहुत अच्छा खाना बनाती हैं।
"
"Lata Mangeshkar was born in Indore at her maternal grandmother’s home.
","लता मंगेशकर का जन्म मध्यप्रदेश के इंदौर में हुआ था।
"
"He lived with his mother and grandmother.
","उसकी मां, चाचा के साथ रहती थी।
"
"Both my grandmother and grandfather were teachers.
","मेरे दादा जी व पिता जी शिक्षक रहे हैं।
"
"A wonderful wife, mother and grandmother.
","वह एक अद्भुत पत्नी और मां और सास हैं।
"
"The victim returned home and informed her grandmother.
","पीड़िता ने घर आकर पिता को जानकारी दी।
"
"The boy's mother, grandmother and brother also sustained injuries in the incident.
","इस घटना में पिता के साथ-साथ पुत्र और बहू भी घायल हो गए।
"
"This was her mother’s and grandmother’s home.
","यह उनकी मां का पुश्तैनी मकान है।
"
"Posting a picture with her mother and grandmother, she penned a heartfelt thank you note and wrote, “Thankyou to all of you for your immediate help , support, for wishing and praying speedy recovery of my mother.
","उन्होंने अपनी मां संग फोटो शेयर करते हुए कैप्शन में लिखा, 'आप सभी के सपोर्ट, तुरंत मदद देने और मेरी मां की सेहत के लिए प्रार्थना करने पर आप सभी का शुक्रिया।
"
"""Kareena's grandmother Mrs Krishna Raj Kapoor and my grandfather actor Premnath are siblings.
","""कोमेडीयन राजेन्द्र नाथ श्रीमती कृष्णा राज कपूर के सगे ,छोटे भाई हैँ और उनसे बडे भाई हैँ प्रेम नाथ जो बीना राय के पति देव हैँ
"
"The grandmother informed the girl’s mother.
","मां ने बच्चे के पिता को जानकारी दी।
"
"Apart from parents I have a younger sister and a grandmother, who lives with us.
","मम्मी पापा के अलावा मेरा एक छोटा भाई है और एक छोटी बहन है, हम सब साथ ही रहते हैं।
"
"His grandmother Vijaya Raje was among founder members of BJP.
","उनकी मां राजमाता विजयराजे सिंधिया बीजेपी के संस्थापकों में से एक थीं।
"
"After his parents' divorce, he moved to Los Angeles, California to live with his grandmother.
","माता पिता के तलाक के बाद वे अपने पिता के सा​थ लॉस एंजिल्स में रहने लगे।
"
"A loving wife, wonderful mother, and grandmother.
","वो एक मां, एक प्यार करने वाली पत्नी और एक अद्भुत दोस्त हैं।
"
"His grandmother was born in St Kitts.
","उनका जन्म सेंट किट्स में हुआ था।
"
"His mother and grandmother were wounded.
","मृतक की मां और पिता घायल हो गये।
"
"Her grandmother died from the disease.
","दैवयोग से उनकी वृद्धा माता बीमार पड़ गई।
"
"Are you a mom or a grandmother?
","तुम एक मां हो या नहीं?
"
"The boy's mother, grandmother and brother also sustained injuries in the incident.
","हमले में लड़की के पिता, भाई और बहन घायल हो गए।
"
"The accused asked his grandmother to gift him a cellphone.
","उनकी भाभी ने आरोपित से अपना मोबाइल फोन दिलवाने की बात कही।
"
"Their parents had died and the sisters were being looked after by their grandmother.
","माँ बाप मर छुके थे और उनका पालन-पोषण उनकी चाचा-चाची की देख-रेख में हो रहा था।
"
"All he had known was his mom and grandmother.
","वो सिर्फ अपनी मामी और उनकी नौकरानी को जानते थे.
"
"There’s also a picture with her grandmother and her sister.
","तस्वीर में उनकी मां और उनकी बहन भी हैं।
"
"They killed my grandmother and my father.
","ने मेरे बाबा और चाचा दोनों को मारा था।
"
"As Mark Twain said truly, “India is the cradle of the human race, the birthplace of human speech, the mother of history, the grandmother of legend, and the great grandmother of tradition.
","मार्क ट्वेन ने कहा था- “भारतभूमि मानव जाति की उद्‌गम स्थली है, मनुष्य की वाणी की जन्मस्थली है, इतिहास की जननी है और गाथाओं की महाजननी है और परम्पराओं की अधिष्ठात्री है।
"
"After his mother’s death, his grandmother became his guardian.
","मां की मृत्यु के बाद इनकी मौसी ने इनका लालन-पालन किया।
"
"Survivors include two children, her father, three siblings, and her grandmother.
","मृतकों में पिता-पुत्र, तीन परिवार के दो-दो सगे भाई शामिल हैं।
"
"He said while party president Rahul Gandhi resembled his father Rajiv Gandhi, Priyanka resembled her grandmother Indira Gandhi.
","प्रियंका ने कहा कि राहुल अपने पिता राजीव गांधी की तरह है।
"
"""I love my grandmother a lot.
","उन्होंने कहा, “मैं अपने मामा-मामी से बहुत प्यार करता हूं।
"
"Their father and grandmother work in the plantation.
","उनके पापा और दादा फैक्टरी में काम करते थे।
"
"The youngest of all, Taimur Ali Khan was photographed visiting his grandmother, Babita with mommy Kareena Kapoor Khan.
","सबसे पहले इनाया को बधाई देने पहुंचे उनके कजिन तैमूर अली खान जो कि अपनी मम्मी करीना कपूर खान के साथ स्पॉट हुए.
"
"“Where's her grandmother? ” we asked.
","“कहां है बहू वह” मां ने दुलार से पूछा ।
"
"After his mother died, he went to live with his grandmother.
","माता-पिता का देहांत होने के बाद ये मामा के पास रहने चला गया था।
"
"And my grandmother also.
","और मेरी सास भी.
"
"""What are you, grandmother!
","“क्या बात है दाद भाई !
"
"“Being a grandmother is an awesome joy,” she said.
","' उन्होंने कहा, 'मां बनना बेहद शानदार अनुभव होता है।
"
"Also her grandmother had 14 kids, yet only 7 survived.
","उसके 14 बच्चों में से 7 ही जिंदा बचे थे।
"
"The child lived with his grandmother in the village.
","उनकी गोद ली बच्ची अपने मामू के साथ कठुआ में उस गांव में रह रही थी.
"
"Both my grandfather and grandmother are dead.
","ससुर और बहू दोनों की मौत हो गई है.
"
"While Sandeep had received grievous injuries, his mother, sister, grandmother and driver died on the spot and his father died of injuries in the hospital.
","घटना में संदीप को काफी चोटें आई थी, वहीं मां, बहन औ ड्राइवर की मौत घटना स्थल पर ही हो गई थी।
"
"He has a grandmother, wife and three children back home.
","मुमताज के घर में वृद्ध माता-पिता, पत्नी और तीन बच्चे हैं.
"
"The child then called her grandmother to inform her of the incident.
","तड़के बच्ची ने फोन कर अपने नाना को वारदात की जानकारी दी।
"
"But before this her father and grandmother were both dead.
","लेकिन इससे पहले ही प्रतीक और उसकी मां ने दम तोड़ दिया।
"
"His mother and grandmother were wounded.
","उसकी मां और भाई घायल हो गए।
"
"The distance from his grandmother’s house was just over a mile.
","दाई का घर कोई मील- भर दूर था।
"
"“After my parents died, I stayed with my grandmother and uncle.
","माता-पिता की मौत के बाद उनके बुआ और फूफा के साथ रह रहे थे।
"
"Ask your grandfather or grandmother.
","आप अम्मां या बुआजी से पूछ लें।
"
"I was eight when my grandmother died.
","मैं जब आठ-नौ बरस का था, मेरी मां का मृत्यु हो गई ।
"
"Like your mother and your grandmother.
","अपने नाना और मां की तरह ही।
"
"His grandmother is undergoing treatment at the hospital.
","उसके मामा का अस्पताल में उपचार किया जा रहा है।
"
"His parents died when he was small and his grandmother had raised him.
","बचपन में ही इनके माता-पिता का निधन हो गया था जिसके बाद चाचा-चाची ने इन्हें पाल-पोसकर बड़ा किया।
"
"He had come to the grandmother’s home.
","वह बुआ के घर चली गई।
"
"Police have detained the grandmother, grandfather and father of the child for questioning in connection with the matter.
","घटना को लेकर पुलिस मृतका के सास-ससुर, देवर व ननद को हिरासत में लेकर पूछताछ कर रही है।
"
"The victim lived with her uncle and grandmother.
","पीड़‍िता अपने माता-पिता और भाई के साथ रहती थी।
"
"This film is based on the life story of Prakashi Tomar and Chandro Tomar, grandmothers of Baghpat.
","फिल्म की बात करें तो इसकी कहानी यूपी के बागपत की चंद्रो तोमर और प्रकाशी तोमर के जीवन पर आधारित है।
"
"The children were under the care of their grandmother.
","सास ससुर की देखरेख में बच्चों का पालन पोषण हुआ।
"
"He had come to the grandmother’s home.
","वह अपनी बुआ के पास आया हुआ था।
"
"Her grandmother Sharmila Tagore is a famous veteran actress.
","उनकी मां शर्मिला टैगोर अपने जमाने की जानी-मानी अभिनेत्री रही हैं।
"
"Police have detained the grandmother, grandfather and father of the child for questioning in connection with the matter.
","इसके बाद पुलिस ने लड़की के बड़े भाई व सास को पूछताछ के लिए हिरासत में लिया है।
"
"Sonam Kapoor's maternal grandmother and Ranveer Singh's paternal grandfathers are siblings.
","क्या आप जानते है सोनम कपूर की माँ और रणवीर सिंह की माँ दोनों कजिन बहने है , जिस हिसाब से सोनम कपूर और रणवीर सिंह बहन भाई हुए ।
"
"Karan Johar recently on Instagram shared a childhood picture including his grandmother and mother, Hiroo Johar.
","हुआ ये कि करण जौहर ने कुछ समय पहले अपनी मां और दोनों जुड़वां बच्चों के साथ वाली एक तस्वीर इंस्टा पर पोस्ट की.
"
"He lived there with his mother, grandmother, aunt and two sisters.
","उसके घर में वो उसके मम्मी, पापा उसका भाई, भाभी और उनकी दो छोटी लड़कियां रहती थी।
"
"I am quite looking forward to being a grandmother again.
","मैं दोबारा नाना बनने के लिए बहुत खुश हूं।
"
"And your mother and grandmother said nothing?
","और माँ-बाबूजी भी कुछ नहीं कह रहे?
"
"When the maternal grandmother of the victim learned about the incident, she approached the police and filed a complaint.
","मां के आने पर जब किशोरी ने वारदात की जानकारी दी तो पीडि़ता को लेकर मां थाने पहुंची और शिकायत की।
"
"After her grandmother’s death, the home was sold.
","माता-पिता की मौत के बाद उसने अपना मकान बेच दिया।
"
"Police have detained the grandmother, grandfather and father of the child for questioning in connection with the matter.
","पुलिस ने इस मामले में बेटे और पिता को गिरफ्तार कर लिया है और उनसे पूछताछ जारी है।
"
"A loving daughter, sister, wife, mother, grandmother and friend.
","नारी यानी एक मां, बहन, पत्नी, बेटी और एक अच्छी दोस्त।
"
"The grandmother informed the girl’s mother.
","महिला ने बच्चे के पिताअजय को जानकारी दी।
"
"His grandmother is undergoing treatment at the hospital.
","भतीजे का अस्पताल में इलाज चल रहा है।
"
"The victim then informed her mother and grandmother, who informed the police.
","महिला ने अपने पिता और भाई को आपबीती सुनाई और फिर पुलिस को सूचना दी गई।
"
"Police have arrested the boy's parents and grandmother on suspicion of murder and child abuse in the boy's death.
","पुलिस ने बेटी और बेटे को कब्जे में लेकर नशेड़ी बाप को बच्चो की हत्या के प्रयास की धाराओं के तहत गिरफ्तार कर लिया है।
"
"The boy's mother, grandmother and brother also sustained injuries in the incident.
","इस हादसे में नकुल के पिता, मां और बहन भी जख्मी हो गए।
"
"Congress Vice President Rahul Gandhi paid floral tribute to his grandmother and former Indian Prime Minister Indira Gandhi on her Birth centenary.
","कांग्रेस के पूर्व अध्यक्ष राहुल गांधी ने पूर्व प्रधानमंत्री इंदिरा गांधी की पुण्यतिथि पर उन्हें श्रद्धांजलि अर्पित की।
"
"My mother, father and my grandmother were with me.
","मेरे साथ मैं, मेरी मां और मेरा भाई था।
"
"Arjun Kapoor shared on Instagram an adorable video with his grandmother Nirmal Kapoor.
","अर्जुन कपूर ने अपनी इंस्टाग्राम स्टोरी पर अनिल कपूर के साथ फोटो शेयर की।
"
"The boy's mother, grandmother and brother also sustained injuries in the incident.
","वहीं मृतका का भाई, मां और बेटा घायल हो गए।
"
"Congress president Rahul Gandhi said Prime Minister Narendra Modi insulted his father and grandmother during the ongoing election campaign but he will never speak ill of the latter’s parents.
","मध्य प्रदेश के नीमच, उज्जैन और खंडवा में चुनावी सभाओं को संबोधित करते हुए राहुल गांधी ने कहा कि मोदी ने चुनाव प्रचार के दौरान उनके परिवार का अपमान किया, लेकिन वह प्रधानमंत्री के माता-पिता के बारे में कभी गलत नहीं बोलेंगे.
"
"Congress president Rahul Gandhi said Prime Minister Narendra Modi insulted his father and grandmother during the ongoing election campaign but he will never speak ill of the latter’s parents.
","उज्‍जैन: कांग्रेस पार्टी के राष्ट्रीय अध्‍यक्ष राहुल गांधी ने चुनवाई रैली में कहा कि पीएम मोदी ने मेरे पिता का अनादर किया है, किन्तु मैं उनके माता-पिता का कभी तिरस्कार नहीं करूंगा.
"
"Police have detained the grandmother, grandfather and father of the child for questioning in connection with the matter.
","पुलिस ने पूरा मामला जानकर लड़की के पिता और चाचा को हिरासत में ले लिया है।
"
"She is survived by two children and her mother and her grandmother.
","उसकी दो बेटियां हैं और वह अपने मामा व मौसी के पास रहती हैं।
"
"His grandmother and grandfather live there.
","उसी में उनकी मां और भाई रहते हैं।
"
"This film is based on the life story of Prakashi Tomar and Chandro Tomar, grandmothers of Baghpat.
","फिल्म 'सांड की आंख' की कहानी यूपी के बागपत की चंद्रो तोमर और प्रकाशी तोमर के जीवन पर आधारित है.
"
"“Like my grandmother!
","“जुम्मी भैया की तरह !
"
"When the maternal grandmother of the victim learned about the incident, she approached the police and filed a complaint.
","जब मासूम की मां को इस बात की जानकारी हुई तो उन्होंने थाने में जाकर मामला दर्ज कराया।
"
"His parents died when he was small and his grandmother had raised him.
","इनके माता पिता की मृत्यु इनके बचपन में ही हो गयी थी और इन्हे इनके चाचा ने पाला था।
"
"But I wouldn’t tell your grandmother about it.
","लेकिन ये बात मैंने आंटी को नहीं बताई।
"
"The boy's mother, grandmother and brother also sustained injuries in the incident.
","वहीं बच्ची की बुआ, फुफेरा व चचेरा भाई घायल हो गए।
"
"When the maternal grandmother of the victim learned about the incident, she approached the police and filed a complaint.
","मामले का पता चलते ही पीडि़ता को लेकर उसकी मां थाने पहुंची और मामले की शिकायत की।
"
"A grandmother, great Grandmother, Sister, aunt and friend.
","अंकल, बड़ा भाई, छोटी बहन, दोस्त और पड़ोसी भी.
"
"Subsequently, the grandmother of the girl lodged a complaint with the police.
","इसके बाद बड़ी नाबालिग बेटी ने इस संबंध में थाना पुलिस को शिकायत दी।
"
"Actor Sara Ali Khan has said that in her opinion, her grandmother Sharmila Tagore is ‘the first star’.
","सारा अली खान ने आगे कहा है, 'मुझे लगता है कि वो पहली स्टार हैं।
"
"Among the dead were my grandmother’s father, two brothers, and two sisters.
","मृतकों में चाचा, भतीजा और दो चचेरे भाई शामिल हैं।
"
"His mother and grandmother were wounded.
","युवक और उसकी मां जख्मी हो गई।
"
"But I’m a grandmother.
","लेकिन मैं जाटव हूं।
"
"The mother and grandmother have been arrested.
","मां और भाई को हिरासत में लिया गया है।
"
"Recently, her grandmother also died.
","पिछले दिनों उनके बहनोईका भी देहान्त हो गया है।
"
"Her grandmother had accompanied her mother too.
","सौतेली मां ने भी पिता का साथ दिया।
"
"Police have detained the grandmother, grandfather and father of the child for questioning in connection with the matter.
","मामले को लेकर पहुंची पुलिस (Police) ने सगी मां और सौतेले पिता (step father) को हिरासत में ले लिया है।
"
"My mother, father and my grandmother were with me.
","मैं और मेरा बड़ा भाई और मां भी उन्हीं के साथ रहते थे.
"
"She had become a grandmother by then.
","इससे पहले वो मदर बन गईं थी.
"
"Both her mother and grandmother were photographers.
","उनके माँं बाप दोनो फोटोग्राफर है।
"
"The woman’s grandmother was present in the house at the time of the incident.
","वारदात के दौरान महिला का देवर घर में ही मौजूद था।
"
"But my parents and grandmother didn’t give up.
","लेकिन मेरे पापा और मां ने तानों को तवज्जो नहीं दी।
"
"As a mother and a grandmother, children’s health is a priority.
","माताओं और बच्चों का स्वास्थ्य हमारी सवोर्च्च प्राथमिकता है।
"
"A very happy birthday to your grandmother!
","आपको जन्मदिन की बहुत-बहुत शुभकामनाएं !
"
"The victim’s grandmother had informed about the incident to the villagers.
","पीडि़ता की मां ने सुबह गांव के लोगों को घटना की जानकारी दी।
"
"Police have detained the grandmother, grandfather and father of the child for questioning in connection with the matter.
","वहीं पुलिस ने इस सनसनीखेज घटना में लड़की के पिता ,चाचा और ममेरे भाई को गिरफ्तार कर लिया गया है और पूछताछ की जा रही है.
"
"""Pointing out to a lady, a girl said """" she is the daughter-in- law of the grandmother of my father's only son.""""""
","""एक महिला की ओर इशारा करते हुए, एक लड़की कहती है, """"उसकी बहू का विवाह मेरे पति की सास के एकमात्र बेटे से हुआ है.
"
"Both her sisters were artists, as were her mother and grandmother.
","इनकी मम्मी और चाची दोनों ही जूनियर आर्टिस्ट थीं।
"
"The girl lived with her father and her grandmother.
","युवती सौतेले पिता और मां के साथ रहती थी।
"
"Her son lived with his grandmother.
","उनका बचपन अपने मामा के साथ बीता।
"
"The boy's mother, grandmother and brother also sustained injuries in the incident.
","हमले में बीच बचाव करने पर युवक के पिता, भाई व बहन भी घायल हो गए हैं।
"
"She was a lovely wife, great mother and incredible grandmother.
","उसकी माता बड़ी चुद्धिमती, सुन्दरी, तथा सुशीला पत्नी थी।
"
"He is the sixth in the Gandhi-Nehru family to head the party after his great great grandfather Motilal Nehru, great grandfather Jawaharlal Nehru, grandmother Indira Gandhi and father Rajiv Gandhi.
","जवाहरलाल नेहरू, इंदिरा गाँधी और राजीव गाँधी के बाद वह विश्व के सबसे बड़े लोकतंत्र की नेता बनने वाली नेहरू-गाँधी परिवार की चौथी सदस्य होंगी.
"
"Her grandfather, says she, was a Muslim and grandmother a Hindu.
","इससे पहले उन्होंने कहा था कि उनकी मां मुस्लिम हैं, जबकि पिता हिन्दू हैं।
"
"According to the police, the grandmother has confessed to killing the baby.
","पुलिस के मुताबिक मां ने बेटे की हत्या की बात स्वीकार कर ली है।
"
"A couple of days later, her grandmother died.
","कुछ दिन बाद उसके ससुर की मौत हो गई।
"
"Both his mother and grandmother were teachers; his grandfather was a principal.
","इनके दादा और पिता दोनों ही शिक्षक थे, जबकि इनकी माता ग्रहणी रही हैं।
"
"And how is your grandmother?
","और भाभी कैसी है?
"
"The victim returned home and informed her grandmother.
","पीड़िता ने घर आकर अपने सास ससुर से आपबीती बताई।
"
"After a few days, my grandmother passed away.
","कुछ दिन बाद माता जी का देहावसान हो गया।
"
"The victim’s grandmother had informed about the incident to the villagers.
","पीड़िता ने गांव के बुजुर्गों को घटनाक्रम से अवगत कराया।
"
"When the maternal grandmother of the victim learned about the incident, she approached the police and filed a complaint.
","घटना का पता जब पीड़िता की मां को चला तो वह थाने पहुंची और मामले की शिकायत की।
"
"A son, daughter, brother, sister, mother or father, grandmother or grandfather dies.
","किसी के पिता की, किसी की माता की या भाई की या बहिन की या पुत्र-पुत्री की मृत्यु हो चुकी थी।
"
"At some point, Pakistani boys decided to visit their grandmothers in India.
","एक बार पाकिस्तानी लड़कों ने भारत पहुंचकर अपनी दादियों से मिलने का फैसला किया.
"
"The girl lived with her father and her grandmother.
","लड़की अपने माँ-बाप और एक भाई के साथ घर में रहती थी।
"
"The show will kick-off with a very special guest in its first episode - Kusum Kaneriya, who is an 85-year-old Chelsea FC supporting grandmother from Pune.
","शो के पहले एपिसोड में एक चेल्सी फैन पुणे की रहने वाली 85 वर्षीय महिला कुसुम कनेरिया शामिल होंगी।
"
"The accused also attacked the grandmother as she tried to save the girl.
","बेटी ने मां को बचाने का प्रयास किया तो आरोपित ने उस पर भी हमला कर दिया।
"
"His father, Rajiv Gandhi and grandmother, Indira Gandhi were prime ministers.
","राजीव गांधी के पिता का नाम फिरोज गांधी और माता का नाम इंदिरा गांधी था।
"
"And what is your grandmother doing?
","और तुम्हारे पिताजी क्या करते है ?
"
"Please relay my respects to your grandmother and my regards to your mother.
","कृपया अपनी माताजी को मेरा प्रणाम कहना और बहन को शुमकामनाएँ देना ।
"
"The girl arrived at a polling booth in Patna with her grandmother on a bicycle to cast her vote.
","पटना के एक बूथ पर एक लड़की साइकिल से अपने मतदान केंद्र पर पहुंची
"
"The victim’s grandmother had informed about the incident to the villagers.
","ग्रामीणों ने आनन-फानन में मृतक की मां को घटना की जानकारी दी।
"
"The child lives with his grandmother.
","बच्चा अपने दादा झगुरुराम के साथ रहता है।
"
"After the death of her grandmother, she came from maternal uncle\'s house.
","मां की मौत के बाद आया था मौसी के घर
"
"The boy's mother, grandmother and brother also sustained injuries in the incident.
","हादसे में दादा, पोता व पोती घायल हो गए।
"
"He was being taken care of by his parents and grandmother.
","उनका लालन – पालन उनकी माँ और सौतेले पिता ने किया।
"
"My grandmother was holding my hands.
","मेरी नाती ने मेरा हाथ पकड़ रखा था।
"
"My grandmother died due to starvation.
","भूख से भतीजी की मौत हो गई।
"
"Her grandmother’s eyes filled with tears.
","सास की आँखें भ्रॉंसुओं से भरी थीं।
"
"The child lives with his grandmother.
","बच्ची अपने नाना के घर रहती है।
"
"His grandmother Vijaya Raje was among founder members of BJP.
","वसुंधरा राजे की मां विजयाराजे बीजेपी की संस्थापक सदस्यों में रही हैं.
"
"Calling Rahul Gandhi the ""next Prime Minister of India"", the Congress legislature party leader recalled his grandmother Indira Gandhi and mother Sonia Gandhi contesting the Lok Sabha polls from Karnataka in the past.
","सिद्दारमैया ने किया इंदिरा-सोनिया का जिक्रः सिद्दारमैया ने राहुल को देश का अगला प्रधानमंत्री बताते हुए इंदिरा गांधी और सोनिया गांधी के कर्नाटक से लोकसभा चुनाव लड़ने के दिनों को याद किया।
"
"There’s also a picture with her grandmother and her sister.
","इसमें उनके और उनकी बहन के अलावा उनके भाई की भी एक तस्वीर है.
"
"Both his mother and grandmother coached him.
","दोनों दीदी व मां ने ही उसे गाइडेंस दी।
"
"You are my mother, my father, my grandmother, my entire life.
","तू ही मेरी माता, पिता, पुत्र, रिश्तेदार सब कुछ तू ही है।
"
"Last week, her grandmother died.
","पिछले सप्ताह उनकी मां का निधन हो गया था।
"
"This was my grandmother.
","यह बहिन मेरी माता थी।
"
"His grandmother, then prime minister Indira Gandhi, and his father, former prime minister Rajiv Gandhi, were both assassinated.
","गौरतलब है कि सोनिया गांधी के पति एवं पूर्व प्रधानमंत्री राजीव गांधी और उनकी सास एवं पूर्व प्रधानमंत्री इंदिरा गांधी दोनों की हत्या की गयी थी।
"
"London: India-born author Jasbinder Bilan has bagged a coveted UK children's book award for her debut novel set in the Himalayan territory of her Indian roots and inspired by the special childhood bond with her grandmother.
","भारतीय मूल की लेखिका जसबिंदर बिलन को हिमालय की पृष्ठभूमि पर आधारित उनके पहले उपन्यास के लिए ब्रिटेन का प्रसिद्ध बाल साहित्य पुरस्कार प्रदान किया गया है.
"
"Betsy is a wife, mother of two grown daughters and a grandmother.
","भाटे के परिवार में पत्नी, बूढ़ी मां और दो बच्चे हैं।
"
"My maternal grandmother was a very religious person.
","इनकी माता बहुत ही धार्मिक महिला थीं।
"
"B> Mark Twain said: India is the cradle of the human race,the birthplace of human speech,the mother of history,the grandmother of legend, and the great grand mother of tradition.
","मार्क ट्वेन ने कहा था- “भारतभूमि मानव जाति की उद्‌गम स्थली है, मनुष्य की वाणी की जन्मस्थली है, इतिहास की जननी है और गाथाओं की महाजननी है और परम्पराओं की अधिष्ठात्री है।
"
"Karisma Kapoor shared a picture with her grandmother, Krishna Raj Kapoor, on her Instagram account.
","प्रियंका चोपड़ा ने इंस्टाग्राम अकाउंट पर कमला हैरिस की तस्वीर शेयर की है.
"
"The grandmother informed the girl’s mother.
","सहेली ने किशोरी की मां को इसकी जानकारी दी।
"
"The girl lives with her parents, grandmother and two younger siblings.
","युवती अपने दो भाई और बहन सहित मां के साथ घर पर रहती है।
"
"She was staying with her two children and grandmother.
","वह अपनी दो बेटियों के साथ बुजुर्ग ससुर के साथ ही रहीं.
"
"Blue was my other grandmother's favorite color.
","ब्लू मेरी मां का फेवरेट कलर था.
"
"The film, that stars Tapsee Pannu and Bhumi Pednekar, is based on the life of Chandro Tomar and Prakashi Tomar, grandmothers from Baghpat.
","आपकी जानकारी के लिए बता दे कि सांड की आंख फिल्म यूपी के बागपत की रहने वाली चंद्रू तोमर और प्रकाशी तोमर की जिंदगी पर बनी है जिसमें तापसी पन्नू और भूमि पेडनेकर उनकी भूमिका अदा कर रही है.
"
"At home, I live with my grandmother and aunt.
","घर पर मैं और मां भाई के साथ रहती हूं.
"
"The woman’s grandmother was present in the house at the time of the incident.
","घटना के वक्त मृतका की सास घर में ही थी।
"
"Her grandmother Sharmila Tagore is a famous veteran actress.
","उनकी मां शर्मिला टैगोर जानी-मानी बॉलीवुड अभिनेत्री हैं।
"
"The girl was residing with her grandmother while her parents stay in Mumbai.
","किशोरी मां-बाप के साथ मुंबई में रहती थी।
"
"Her grandmother Sharmila Tagore is a famous veteran actress.
","उनकी मां का नाम शर्मीला टैगोर है, जो बेहद मशहूर एक्ट्रेस हैं.
"
"""They're a father, they're a mother, they're a grandmother.
","“वे शरणागतवत्सल हैं, पिता और माता है।
"
"Their upbringing involved mom and grandmother.
","इनका पालन-पोषण इनकी माता और मामा ने किया ।
"
"When the girl did not reach grandmother's house even after a long time, the family started searching for her.
","काफी देर तक बेटी के घर नहीं पहुंचने पर परिजन उसे तलाशने गए.
"
"Congress Vice President Rahul Gandhi paid floral tribute to his grandmother and former Indian Prime Minister Indira Gandhi on her Birth centenary.
","कांग्रेस ने भारत के प्रथम उप प्रधानमंत्री लौह पुरुष सरदार वल्लभ भाई पटेल की जयंती और पूर्व प्रधानमंत्री इंदिरा गांधी की पुण्यतिथि पर उन्हें याद किया।
"
"The child lived with his grandmother in the village.
","किशोरी अपने पिता के साथ गांव में रहती थी।
"
"The child lives with his grandmother.
","बच्ची अपनी बुआ के पास रहती है.
"
"Shammi essayed the role of Karisma Kapoor’s grandmother in the film.
","फिल्म में करीश्मा कपूर की मां का रोल रीमा ने ही किया था.
"
"The girl’s mother had died and she lived with her grandmother, police said.
","पीड़ित लड़की की मां की मौत हो गई और वह अपने पिता के साथ रह रही थी.
"
"My maternal grandmother had four daughters.
","मेरे चाचा/मामा की चार बेटिया थीं.
"
"After her grandmother’s death, she had no family to care for her.
","उसकी मां की मौत के बाद घर में कोई देखभाल करने वाला नहीं था।
"
"Becoming a grandmother isn’t always as easy.
","मां बनना बिल्‍कुल भी आसान काम नहीं है।
"
"The grandmother informed the girl’s mother.
","किशोरी ने मां को जानकारी दी।
"
"His mother and grandmother were wounded.
","मामा और भांजी दोनों घायल हो गए।
"
"When the girl did not reach grandmother's house even after a long time, the family started searching for her.
","काफी देर तक बच्ची के घर न पहुंचने पर परिजन उसकी तलाश में जुट गई।
"
"He had come to the grandmother’s home.
","वह बुआ के यहां गई थीं।
"
"She played the role of Ayushmann's grandmother in the film.
","इस फिल्म में वे आयुष्मान खुराना की मां के किरदार में नजर आईं थीं.
"
"When the maternal grandmother of the victim learned about the incident, she approached the police and filed a complaint.
","जब पीड़िता की मां को इस बात की जानकारी हुई तो वह थाने आई. और इस घटना की शिकायत दर्ज कराई.
"
"His mother and grandmother were wounded.
","महिला व उसके पिता घायल हो गए।
"
"Her son lived with his grandmother.
","बेटे के साथ ही बहू रहती थी।
"
"""They are asking for our mother''s and grandmother''s birthday.
","उन्होंने कहा, ""वे हमारी माताओं, नानियों-दादियों के जन्मदिन का विवरण मांग रहे हैं।
"
"A mother, a grandmother, a sister, a daughter, a friend or even just a colleague…every woman is special because is she.
","एक मां, एक बेटी, एक बहन, एक बहू, एक सास, एक सखी, एक साथी और इसके इतर सबसे अहम एक नारी. . . न जाने कितने ही किरदार निभाने पड़ते हैं एक नारी को अपनी जिंदगी…
"
"He lived there with his mother, grandmother, aunt and two sisters.
","वह यहां अपनी मां, दो बड़ी बहनों और भाई के साथ रहती थी।
"
"Not many are aware that Salman shares a good bond with Armaan as Salman's mother and Armaan's grandmother Krishna Raj Kapoor are fast friends.
","गौरतलब है कि सलमान खान की मां सलमा खान और कृष्णा राज कपूर बहुत अच्छे दोस्त रहे हैं ।
"
"And my mother's and grandmothers!
","मेरी माताओ और सज्जनो!
"
"The child lives with his grandmother.
","बच्चा अपनी दिव्यांग मां के साथ रहता है.
"
"While Sandeep had received grievous injuries, his mother, sister, grandmother and driver died on the spot and his father died of injuries in the hospital.
","हादसे में कार सवार मामा व भांजे की घटनास्थल पर ही मौत हो गई, जबकि बहन, बेटा और चालक बुरी तरह घायल हो गए।
"
"He lives with his grandmother and elder brother.
","वह अपने बूढ़े दादा के साथ रहती है।
"
"And then my grandmother died.
","फिर बहनोई की मौत हो गई।
"
"Basically in the family mother, father, grandfather, grandmother, uncle, aunty, brother, sister, daughter and son are the members of the family.
","पारिवारिक सदस्यों में मां, पिता, भाई, बहन, बेटा, बेटी, पति और पत्नी।
"
"Manasa credits her mother, grandmother and sister for her success.
","मानसी अपनी सफलता का श्रेय माता-पिता, शिक्षक और अपनी दीदी को देती है।
"
"Neelima Azeem's mother and Shahid Kapoor and Ishaan Khattar's maternal grandmother has passed away.
","शाहिद कपूर और ईशान खट्टर की मां नीलिमा अजीम एक अच्छी मां होने के साथ- साथ अच्छी सास भी है.
"
"The victim returned home and informed her grandmother.
","पीड़िता ने घर आकर आपबीती अपनी माँ को बतायी।
"
"There are 5 members in our family-Me,father,mother,my brother and my grandmother.
","मेरे घर मे 5 लोग रहते है माँ, पापा, दीदी, मेरा छोटा भाई और में।
"
"Anne’s grandmother passed away not long after.
","काफी समय के बाद एना की मां का निधन हो गया.
"
"He was being taken care of by his parents and grandmother.
","पिता व बुआ ने इनका पालन-पोषण किया।
"
"Rahul Gandhi said that his grandmother and his family were Shiva devotees.
","राहुल गांधी ने कहा कि वह और उनके परिवार के लोग शिवभक्त हैं।
"
"And perhaps all grandmothers are like that.
","शायद सारे इंकलाबियों की मांएं ऐसी ही होती होंगी.
"
"Shweta's maternal grandmother Indira Bhaduri along with her aunts Nita Ross and Rita Verma can also be seen in the picture.
","फोटो में जया बच्चन अपनी मां इंदिरा भादुड़ी और अपनी बहनें रीता वर्मा और नीता रॉस के साथ दिखाई दे रही हैं.
"
"But I also love my grandmother.
","लेकिन मैं अपने कलीग से भी प्यार करती हूँ।
"
"A loving mother, father and grandmother.
","गुडबाय मां, पापा और दीदी.
"
"They killed my grandmother and my father.
","मु॒ग़छों ने मेरे भाई और बाप को मार डाला ।
"
"They caught Mahendran and said only after your brother surrenders will you be released and they took him from his grandmother’s place.
","उन्होंने महेंद्रन को पकड़ लिया और कहा कि तुम्हारे भाई आत्मसमर्पण करने के बाद ही तुम्हें रिहा करेंगे और वे उसे अपने साथ से ले गए।
"
"And that’s my grandmother.
","और यह मेरी माता हैं।
"
"The boy's mother, grandmother and brother also sustained injuries in the incident.
","इस घटना में मृतक के माता-पिता, भाई व एक अन्य बच्चा घायल हो गया।
"
"The girl lives with her parents, grandmother and two younger siblings.
","युवती मां व दो भाइयों के साथ रहती है।
"
"But I had talked it over with my grandmother.
","लेकिन फिर मैंने अपनी मम्मी से इस बारे में बात की।
"
"Her grandson, Tape Ram, alleged that when funeral procession reached the public crematorium of the village, some upper castes men forbade them to cremate his grandmother there.
","महिला के पोते टेप राम ने आरोप लगाया कि गांव के श्मशान गृह पर शव लेकर पहुंचने के बाद ऊंची जाति के कुछ लोगों ने वहां उन्हें प्रवेश नहीं करने दिया.
"
