eng_Latn,guj_Gujr
"""""""Albert J. Parkhouse was a born tinkerer and inventor,"""" his brother-in-law, Emmett Sargent, used to tell me when I was young.""
","""""""આલ્બર્ટ જે. પાર્કહાઉસ એક જન્મનો તિંકરર અને શોધક હતો,"""" તેમના ભાભીને, એમેટેટ સાર્જન્ટ, હું જ્યારે નાનો હતો ત્યારે મને કહેતા હતા.""
"
"""""""For me, for my brother, for my brother-in-law, who lost his wife and five daughters, it was hard for everyone.""""""
","""""""મારા માટે, મારા ભાઈ માટે, મારા ભાભી માટે, જેમણે તેની પત્ની અને પાંચ પુત્રી ગુમાવી દીધી, તે દરેક માટે મુશ્કેલ હતું.""
"
"""""""Shilpa Shetty said that it was London-based wanted accused and Raj Kundra's brother-in-law Pradeep Bakshi who was involved with the app and its functioning.""
","શિલ્પા શેટ્ટીએ આગળ કહ્યુ કે આ લંડન સ્થિત આરોપી અને રાજ કુંદ્રાના બહેનોઇ પ્રદીપ બખ્શી હતા જે એપ અને તેના કામકાજ સાથે જોડાયેલા હતા.
"
"""""""So my dear brother-in-law, why you are envious to your sister?""
","""""""તો મારા વ્હાલા સાળા, તમે તમારી બહેનથી કેમ ઈર્ષાળુ છો?""
"
"""""""When I made the first Juke 8s, a brother-in-law suggested I take out a patent.""
","""""""જ્યારે હું પહેલો જ્યુક 8 સી કરીશ ત્યારે એક ભાભીએ સૂચવ્યું કે હું પેટન્ટ લઇશ.""
"
"""""""Why didn't brother-in-law call you today?""""""
","""""""ભાઈ કેમ આજે ટિફિન નથી લાયો?""
"
"""A police official informed, """"We have enough evidence that he (Raj Kundra) was dealing with everything, his brother-in-law was made the owner of the London-based company just for namesake.""""""
","""""""અમારી પાસે પૂરતા પુરાવા છે કે તે (રાજ કુંદ્રા) દરેક વસ્તુ સાથે વ્યવહાર કરતો હતો, તેના ભાભિયાને ફક્ત નામના માટે લંડન સ્થિત કંપનીનો માલિક બનાવવામાં આવ્યો હતો.""
"
"""But when its owners denied having paid cash, Arvind Nandagopal claimed that it was his unaccounted money kept in the bedroom of his brother-in-law Vishnu Prasad and that he was ready to pay tax,"""" an Income Tax department source told india today.""
","પરંતુ કંપનીના માલિકોએ પોતે રોકડ રકમ ચૂકવી હોવાનો ઇન્કાર કર્યા બાદ અરવિંદ નંદગોપાલે એવો દાવો કર્યો હતો કે આ બિનહિસાબી નાણાં મારા છે, જે મારા સાળા વિષ્ણુ પ્રસાદના બેડરૃમમાં રખાયા હતા અને હું એનો ટેક્સ ચુકવવા તૈયાર છું,' એમ આઇટી ડિપાર્ટમેન્ટના એક વિશ્વસનીય સ્ત્રોતે જણાવ્યું હતું.
"
"""Elizabeth Lohner, a Traunstein resident whose brother-in-law was sent to Dachau as a conscientious objector, has been quoted as saying, """"It was possible to resist, and those people set an example for others.""
","""એલિઝાબેથ લોહનેર, એક ટ્રુનસ્, નિવાસી, જેના ભાઇને ડાચાઉને એક પ્રમાણિક વારસદાર તરીકે મોકલવામાં આવ્યો હતો, તે કહેતા ટાંકવામાં આવ્યા છે, """"પ્રતિકાર કરવાનું શક્ય હતું, અને તે લોકો અન્ય લોકો માટે ઉદાહરણરૂપ છે.""
"
"""For me, for my brother, for my brother-in-law, who lost his wife and five daughters, it was hard for everyone.""""""
","""""""મારા માટે, મારા ભાઈ માટે, મારા ભાભી માટે, જેમણે તેની પત્ની અને પાંચ પુત્રી ગુમાવી દીધી, તે દરેક માટે મુશ્કેલ હતું.""
"
"""He said he thought the number belonged to his brother-in-law and did not remember how he had the complainant's number,"""" investigating officer Maruti Shelke told TOI.""
","""તેણે કહ્યું કે તેણે વિચાર્યું છે કે આ નંબર તેના ભાઇના સાથીનો છે અને તેને યાદ નથી કે તેની ફરિયાદ કરનારની સંખ્યા કેટલી છે, """"એમ તપાસ અધિકારી મારુતિ શેલ્કે ટીઆઈને જણાવ્યું હતું.""
"
"""However, the police quoted as saying, """"We have enough evidence that he (Raj Kundra) was dealing with everything, his brother-in-law was made the owner of the London-based company just for namesake.""""""
","""""""અમારી પાસે પૂરતા પુરાવા છે કે તે (રાજ કુંદ્રા) દરેક વસ્તુ સાથે વ્યવહાર કરતો હતો, તેના ભાભિયાને ફક્ત નામના માટે લંડન સ્થિત કંપનીનો માલિક બનાવવામાં આવ્યો હતો.""
"
"""It further developed as the company decided to make them kayfabe (a stage event portrayed as """"true"""") brother-in-laws.""
","""કંપનીએ તેમને કાયફબે બનાવવાનો નિર્ણય કર્યો તે પછી તે વધુ વિકસિત થઈ (એક મંચની ઘટના જે """"સાચા"""" તરીકે દર્શાવવામાં આવે છે) ભાઈ-ભાભી છે.""
"
"""On the right foot, the brother-in-law wears a moccasin-style """"halitzah shoe"""" made of two pieces of fabric made from the skin of a kosher animal sown together with leather.""
","""જમણા પગ પર ભાભી એક મોક્કેસિન-શૈલી """" હલ્લીઝાહ જૂતા"""" પહેરે છે, જે બે ટુકડાથી બનાવવામાં આવે છે, જે ચામડાની સાથે વાવેલો કોશર પ્રાણીની ચામડીમાંથી બને છે.""
"
"(For the purposes of full disclosure, my brother-in-law worked for Health Affairs' parent company, Project Hope, several years ago.)
","(સંપૂર્ણ જાહેરાતના ઉદ્દેશ્યો માટે, મારા ભાભીને કાયદો હેલ્થ અફેર્સની પિતૃ કંપની, પ્રોજેક્ટ હોપ, ઘણા વર્ષો અગાઉ કામ કરે છે.
"
"(My brother-in-law is a smart man.
",") (મારા ભાઇ એક બુદ્ધિશાળી છે.
"
"18 year old teen fucks her brother-in-law
","18 વર્ષીય વેશ્યા તેના સાવકી ભાઈ દ્વારા fucked
"
"A purchasing agent hires his brother-in-law to provide vending services to the company lunch areas.
","એક ખરીદ એજન્ટ કંપનીના લંચનાં વિસ્તારોમાં વેન્ડીંગ સેવાઓ પૂરી પાડવા માટે પોતાના ભાભીને નિયુક્ત કરે છે.
"
"About five months later, in December, 1964, Theo's brother-in-law Oscar paid us a visit from Calcutta.
","લગભગ પાંચ મહિના બાદ, ડિસેમ્બર, 1 9 64 માં, થિયોના ભાભી ઓસ્કારે અમને કલકત્તાથી એક મુલાકાત લીધી.
"
"According to reports, his cousin said that after receiving the message, Major's wife and his brother-in-law tried to get in touch with him but there was no response.
","રિપોર્ટ્સ અનુસાર મેજરના કઝિને જણાવ્યું કે આ ફોટા પછી તેમના પત્ની અને સાળાએ તેમનો સંપર્ક કરવાની કોશિશ કરી હતી પરંતુ સામેથી કોઈ જવાબ આવ્યો નહતો.
"
"After Maxentius' defeat, Constantine and his brother-in-law, Licinius, split the empire between them.
","મેક્સેન્ટિયસની હાર બાદ, કોન્સ્ટેન્ટાઇન અને તેમના સાસુ લિસિનિયસે તેમની વચ્ચે સામ્રાજ્યને વિભાજિત કર્યું.
"
"After recording the complaint, the police registered a case against the woman's brother-in-law and three of his friends.
","ફરિયાદ નોંધ્યા બાદ પોલીસે મહિલાના ભાભી અને તેના ત્રણ મિત્રો વિરુદ્ધ ગુનો નોંધ્યો હતો.
"
"After the defeat of Maxentius, Constantine and his brother-in-law Licinius split the empire between them.
","મેક્સેન્ટિયસની હાર બાદ, કોન્સ્ટેન્ટાઇન અને તેમના સાસુ લિસિનિયસે તેમની વચ્ચે સામ્રાજ્યને વિભાજિત કર્યું.
"
"After the short reign of Abu Bakr, there were two morecaliph, traditionally called righteous, until in 661 the ruler of the entire Islamic world was finally elected Ali ibn Abu Talib, cousin and brother-in-law of the Prophet Muhammad himself, father of the future Imam Hussein.
","અબુ બક્ર ટૂંકા શાસનકાળ પછી ખલીફા, જે પરંપરાગત રીતે પ્રામાણિક ઓળખવામાં આવે છે બે વધુ હતો, જ્યારે 661 માં ઇસ્લામિક વિશ્વના શાસક, છેવટે ચૂંટાયા હતા અલિ ઈબ્ન અબિ તાલિબ, પિતરાઇ અને પ્રોફેટ મુહમ્મદ, ઇમામ હુસૈન ભાવિ પિતા જમાઈ.
"
"After this, Tej Pratap's sister Misa Bharti and his brother-in-law also tried to convince him, but Tej Pratap remained adamant on his stubbornness.
","આ પછી, તેજ પ્રતાપની બહેન મીસા ભારતી અને તેના જીજાએ પણ તેમને સમજાવવાનો પ્રયાસ કર્યો, પરંતુ તેજ પ્રતાપ તેમની જીદ પર અડગ રહ્યા.
"
"Agamemnon: Leader of the Achaean (Greek) forces and the brother-in-law of the beautiful Helen, formerly of Sparta, now of Troy.
","અગેમેનોન - એચિયન (ગ્રીક) દળના નેતા અને સુંદર હેલેનનો ભાભી, અગાઉ સ્પ્રાર્ટાના, હવે ટ્રોયની.
"
"Although he might be the human version of Bob the Builder and incredibly well-versed in just about any task he sets his mind to, my brother-in-law is no chef or ice cream maker.
","તેમ છતાં તે બોબ ધ બિલ્ડરનું માનવીય સંસ્કરણ હોઈ શકે છે અને તે જે કંઇ પણ કાર્ય કરે છે તે ધ્યાનમાં લઈને આશ્ચર્યજનક રીતે સારી રીતે જાણે છે, મારા ભાઇ કોઈ રસોઇયા અથવા આઈસ્ક્રીમ નિર્માતા નથી.
"
"And he implicated David Greenglass, the brother-in-law of Julius Rosenberg.
","અને તેણે ડેવિડ ગ્રીનગ્લાસને ફસાવ્યો, જે જુલિયસ રોસેનબર્ગના ભાભી હતા.
"
"And his espionage activity continued with his recruitment of his brother-in-law, David Greenglass.
","અને તેમના જાસૂસી પ્રવૃત્તિ તેમના ભાભું, ડેવિડ ગ્રીનગ્લાસની ભરતી સાથે ચાલુ રહી.
"
"And if we assume that Marya, Ivan's wife, has a married sister of her own, she will be considered a sister-in-law for Ivan, and her husband, respectively, as a brother-in-law.
","અને જો આપણે એમ માની લઈએ કે મેરી, ઇવાન પત્ની પરિણીત બહેન છે, તે ઇવાન sister- ઈન કાયદો, અને તેના પતિ, અનુક્રમે સંબંધિત માટે ધ્યાનમાં લેવામાં આવશે.
"
"And this is my FAVORITE brother-in-law!
","અને આ મારો પ્રિય શેર!
"
"At about 3.30 am on Thursday, Mahendra got a call from his brother-in-law who informed him that Solanki had killed Payal.
","પરોઢીયે 3.30 વાગ્યે ગુરુવારે પલકરને તેના સાળાનો ફોન આવ્યો અને જાણ કરી કે સોલંકીએ પાયલનું મર્ડર કરી નાખ્યું છે.
"
"Based on the complaint, police officials booked her husband, father-in-law, brother-in-law and sister-in-law on Wednesday, March 13, 2019.
","ફરિયાદના આધારે પોલીસ અધિકારીઓએ બુધવારે, 13 માર્ચ, 2019 ના રોજ તેના પતિ, સસરા, ભાભી અને ભાભી સામે કેસ કર્યો હતો.
"
"Betto, Donati's estranged brother-in-law, mentions a rumor that upsets the family.
","બેટો, ડોનાટીના વિમુખ ભાભી, એક અફવાનો ઉલ્લેખ કરે છે જે કુટુંબને બગાડે છે.
"
"Charles A. Reed (Reed & Stem of Minnesota), the brother-in-law of rail executive William Wilgus, and
","ચાર્લ્સ એ. રીડ (રીડ એન્ડ સ્ટેમ ઓફ મિનેસોટા), રેલ એક્ઝિક્યુટિવ વિલિયમ વિલગસના ભાભી અને
"
"Cinematographer Robert Hoffmeyer was working on a project in Botswana with his brother-in-law when he encountered a scene that would shock any of us.
","સિનેમેટોગ્રાફર રોબર્ટ હોફ્મિયર બોટસ્વાનામાં તેના ભાભિયા સાથે એક પ્રોજેક્ટમાં કામ કરી રહ્યો હતો, જ્યારે તેને કોઈ એવું દૃશ્ય જોવા મળ્યું કે જે આપણ ને કોઈપણને આઘાત પહોંચાડે.
"
"Cuñadismo - This word, coming from cuñado, the word for brother-in-law, has traditionally referred to nepotism.
","ક્યુનાડાસ્મો - આ શબ્દ, કુનાડોથી આવતા, ભાઇ સાળીઃ માટેના શબ્દ, પરંપરાગત રીતે અર્ધજાપવાદનો ઉલ્લેખ કરે છે.
"
"David Greenglass, who had testified against his sister and brother-in-law, was sentenced to federal prison and was eventually paroled in 1960.
","ડેવિડ ગ્રીનગ્લાસે, જે તેની બહેન અને ભાભી વિરુદ્ધ જુબાની આપી હતી, તેને ફેડરલ જેલની સજા ફટકારવામાં આવી હતી અને છેવટે 1960 માં પેરોલ કરવામાં આવી.
"
"Dean Bernardini, the Loefflers' brother-in-law, took over on bass, and the band released 2007's Vena Sera.
","લોઅફલર્સના ભાઇ-ઇન-લૉ ડીન બર્નાર્ડિનીએ બાસ પર કામ કર્યું અને બેન્ડે 2007 ની વેના સેરાને રિલીઝ કર્યું.
"
"Don't just blindly hire a contractor for a job because your neighbor suggested this person or it's the brother-in-law of that woman who works in human resources.
","ફક્ત અકારણ નોકરી માટે ઠેકેદાર ભાડે નહી કરો કારણ કે તમારા પાડોશીએ આ વ્યક્તિને સૂચવ્યું છે અથવા તે તે સ્ત્રીનું ભાભું છે જે માનવ સંસાધનોમાં કામ કરે છે.
"
"Elizabeth Bowes-Lyon, who did not know when she married that her brother-in-law would be pressured to abdicate and that she would become queen, was widowed when George VI died in 1952.
","એલિઝાબેથ બોવ્સ-લિયોન , જેને જ્યારે ખબર પડી નહોતી કે તેણે તેના ભાભીને ત્યાગ કરવા માટે દબાણ કર્યું અને તે રાણી બનશે ત્યારે જ્યોર્જ VI ની 1952 માં મૃત્યુ પામી ત્યારે તે વિધુર હતી.
"
"Following the death of his owner, Douglass was given to Lucretia Auld who sent him to live with her brother-in-law, Hugh Auld in Baltimore.
","તેના માલિકની મૃત્યુ બાદ, ડૌગ્લાસને લુક્રેટીયા ઔલડને આપવામાં આવ્યો હતો, જેણે તેને તેમના ભાભી, બાલ્ટીમોરમાં હ્યુ ઔલડ સાથે રહેવા માટે મોકલ્યો હતો.
"
"For example, if you are taking up the game just so you can play twice a year with your brother-in-law, there's no need to spend much time, effort or money on picking out clubs.
","દાખલા તરીકે, જો તમે આ ગેમનો ઉપયોગ કરી રહ્યા હોવ તો તમે વર્ષમાં બે વાર તમારા ભાભી સાથે રમી શકો છો, ક્લબોને બહાર કાઢવા માટે ખૂબ જ સમય, મહેનત અથવા પૈસા ખર્ચવાની જરૂર નથી.
"
"For example, if you get the game just so you can play twice a year with your brother-in-law, there is not need much time, effort and money collecting clubs.
","દાખલા તરીકે, જો તમે આ ગેમનો ઉપયોગ કરી રહ્યા હોવ તો તમે વર્ષમાં બે વાર તમારા ભાભી સાથે રમી શકો છો, ક્લબોને બહાર કાઢવા માટે ખૂબ જ સમય, મહેનત અથવા પૈસા ખર્ચવાની જરૂર નથી.
"
"For example, your brother-in-law might be able to do your business taxes using a tax preparation software, but paid tax preparers must register with the IRS and receive a PTIN (paid taxpayer ID).
","ઉદાહરણ તરીકે, તમારા ભાભીને ટેક્સ પ્રેફરન્સ સૉફ્ટવેરનો ઉપયોગ કરીને તમારો વ્યવસાય કર કરી શકે છે, પરંતુ પે કર કરનારાઓએ આઇઆરએસ સાથે નોંધણી કરાવવી જોઈએ અને પીટીઆઈએન (પેઇડ કરદાતા આઈડી) મેળવવો જોઈએ.
"
"For instance, Joel Matip's grandfather and his brother-in-law Martin are also doctors.
","દાખલા તરીકે, જોએલ મટિપના દાદા અને તેના ભાભી માર્ટિન પણ ડોક્ટર છે.
"
"Gertrude's incestuous relationship with her brother-in-law plagues Hamlet more than his father's death.
","તેમના ભાઇ સાળીઃ સાથે ગર્ટ્રુડના વ્યભિચારી સંબંધ હેમ્લેટને તેના પિતાના મૃત્યુ કરતાં વધુ તકલીફો આપે છે.
"
"Goel's brother-in-law, Vikas Mittal, was booked and arrested in connection with a case involving the rape, drugging, and threatening of a woman at the Dwarka South police station in August 2020.
","આરોપી ગોયલના સાઢુ વિકાસ મિત્તલ પર ઓગસ્ટ 2020 માં દ્વારકા સાઉથ પોલીસ સ્ટેશનમાં બળાત્કાર, ડ્રગ અને ધમકી આપવા બદલ ગુનો નોંધાયો હતો અને ધરપકડ કરવામાં આવી હતી.
"
"Greg Valentine: son of Johnny Valentine, brother-in-law of Brian Knobs
","ગ્રેગ વેલેન્ટાઇનઃ જ્હોની વેલેન્ટાઇનના પુત્ર, બ્રાયન નોબ્સના ભાઇ-ઇન-કાયદો
"
"Happy birthday to the man who is less of a brother-in-law more like a brother by blood.
","માણસ છે, જે એક ભાઇ ઈન કાયદો વધુ એક ભાઇ દ્વારા રક્ત જેવા ઓછી છે ખુશ જન્મદિવસ.
"
"He further added that his sister and her husband later moved to India but he realised that Kavita was still talking to his brother-in-law.
","તેણે કહ્યું કે તેની બહેન અને તેના પતિ પછીથી ભારત ગયા હતા પરંતુ પાછળથી સમજાયું કે કવિતા હજી પણ તેના ભાભી સાથે વાત કરી રહી છે.
"
"He had to act fast as he knew his sister and brother-in-law would return soon.
","તેની બહેન અને ભાભી જલ્દી પાછા ફરશે તેવું જાણતા હોવાથી તેણે ઝડપી અભિનય કરવો પડ્યો.
"
"He said that his sister and her husband later moved to India but later realised that Kavita was still speaking to his brother-in-law.
","તેણે કહ્યું કે તેની બહેન અને તેના પતિ પછીથી ભારત ગયા હતા પરંતુ પાછળથી સમજાયું કે કવિતા હજી પણ તેના ભાભી સાથે વાત કરી રહી છે.
"
"He started doing yoga as a teenager in an effort to improve his health after contracting tuberculosis, studying with his brother-in-law, Krishnamacharya, in Mysore, India.
","તેમણે કિશોર વયે તંદુરસ્તી બાદ તંદુરસ્તીમાં સુધારો કરવા માટે યોગની શરૂઆત કરી હતી, મૈસુરમાં તેમના ભાભું, કૃષ્ણમાચાર્ય સાથે અભ્યાસ કરતા.
"
"He was Antonio Lopez de Santa Anna's brother-in-law and therefore well connected, but he was also a skilled, fairly humane officer.
","તે એન્ટોનિયો લોપેઝ દ સાન્ટા અન્નાના ભાભી હતા અને તેથી સારી રીતે જોડાયેલા હતા, પણ તે એક કુશળ, વાજબી માનવીય અધિકારી હતા.
"
"Help will come from brothers and brother-in-law.
","ભાઇ-બહેન પાસેથી મદદ મળશે.
"
"Henry VI was her brother-in-law through her marriage to Edmund Tudor.
","હેનરી છઠ્ઠો એડમન્ડ ટ્યુડર સાથેના તેમના લગ્ન દ્વારા તેમના સાસુ હતા.
"
"Her father was Godwin, an English earl, and mother was Ulf, a sister of Cnut's brother-in-law
","તેણીના પિતા ગોડવિન હતા, ઇંગ્લીશ અર્લ, અને માતા ઉનફ હતા, જે સનટના ભાભીની બહેન હતી
"
"Her husband and brother-in-law were at home sleeping when the incident happened.
","ઘરમાં પિતા અને તેમના પત્ની ઊંઘી રહ્યા હતા ,તે દરમિયાન આ ઘટના બની હતી.
"
"Her husband and brother-in-law, both of whom are head constables in Delhi Police, were suspended on December 28, 2018, for a criminal case involving a colony dispute dating back to 2012 that had been mutually resolved.
","મહિલાના પતિ અને પતિના ભાઈને 28 ડિસેમ્બર 2018એ વર્ષ 2012માં થયેલ એક કોલોનીના ઝઘડા માટે દાખલ કરવામાં આવેલ કેસ ચાલતો હોવાથી સસ્પેન્ડ કરવામાં આવ્યા હતા.
"
"Here I am at my brother-in-law's wedding with my son.
","અહીંતો મારા સાળાના દીકરાના લગ્ન માં આવ્યો છું.
"
"His brother-in-law Thomas told him that he wanted to and that all Jack would have to do is leave the back door of the restaurant unlocked the following night and he would give him 30 percent of the stolen money.
","તેમના ભાભીને થોમસએ તેમને કહ્યું હતું કે તેઓ ઇચ્છતા હતા અને તે તમામ જેકને આવવાનું હતું તે છોડી દેવામાં આવે છે, રેસ્ટોરન્ટના પાછળનો દરવાજો નીચેની રાત્રે અનલૉક કરે છે અને તે તેમને 30 ટકા ચોરાયેલી મની આપે છે.
"
"His brother-in-law ran the London Marathon and raised over £10,000 in his name.
","તેમના ભાઇ લંડન મેરેથોન દોડ્યા અને તેમના નામમાં 10,000 ડૉલર ઊભા કર્યા.
"
"His collaborations with the great Latin musicians, including his brother-in-law Machito, as well as the top bebop musicians such as Dizzy Gillespie, lit the fuse for an explosion of Latin jazz in the 1940s and '50s.
","મહાન લેટિન સંગીતકારો સાથે તેમનો સહયોગ, જેમાં તેમના ભાભી મકિટો સહિત, તેમજ ડીઝી ગીલેસ્પી જેવા ટોચના બિબોપ સંગીતકારોએ 1940 અને 50 ના દાયકામાં લેટિન જાઝના વિસ્ફોટ માટે ફ્યુઝ પ્રગટ કર્યું.
"
"His collaborations with the great Latin musicians, including his brother-in-law Machito, as well as the top bebop musicians such as Dizzy Gillespie, lit the fuse for an explosion of Latin jazz in the s and '50s.
","મહાન લેટિન સંગીતકારો સાથે તેમનો સહયોગ, જેમાં તેમના ભાભી મકિટો સહિત, તેમજ ડીઝી ગીલેસ્પી જેવા ટોચના બિબોપ સંગીતકારોએ 1940 અને 50 ના દાયકામાં લેટિન જાઝના વિસ્ફોટ માટે ફ્યુઝ પ્રગટ કર્યું.
"
"His part consisted of 30 soldiers from the Royal Africa Corps garrisoned at Goree (they were offered extra pay and the promise of a discharge on return), plus officers including his brother-in-law Alexander Anderson, who agreed to join the trip, and four boat builders from Portsmouth who would construct a forty-foot boat when they reached the river.
","તેમના ભાગમાં રોયલ આફ્રિકા કોર્પ્સના 30 સૈનિકોનો સમાવેશ થાય છે, જે ગોરીમાં ઘેરાયેલા છે (તેઓ ઝીણું વળતર ચૂકવવાના વચન અને વળતરની વચન આપે છે), વત્તા તેના સાથી સાથી એલેક્ઝાન્ડર એન્ડરસનનો સમાવેશ થાય છે, જેઓ ટ્રિપમાં જોડાવા માટે સંમત થયા હતા) અને પોર્ટસમાઉથના ચાર બોટ બિલ્ડર્સ, જે નદી પર ચઢતા હતા જ્યારે તેઓ એક હોડી ચલાવતા હતા.
"
"His part consisted of 30 soldiers from the Royal Africa Corps garrisoned at Goree (they were offered extra pay and the promise of a discharge on return), plus officers, including his brother-in-law Alexander Anderson, who agreed to join the trip) and four boat builders from Portsmouth who would construct a 40-foot boat when they reached the river.
","તેમના ભાગમાં રોયલ આફ્રિકા કોર્પ્સના 30 સૈનિકોનો સમાવેશ થાય છે, જે ગોરીમાં ઘેરાયેલા છે (તેઓ ઝીણું વળતર ચૂકવવાના વચન અને વળતરની વચન આપે છે), વત્તા તેના સાથી સાથી એલેક્ઝાન્ડર એન્ડરસનનો સમાવેશ થાય છે, જેઓ ટ્રિપમાં જોડાવા માટે સંમત થયા હતા) અને પોર્ટસમાઉથના ચાર બોટ બિલ્ડર્સ, જે નદી પર ચઢતા હતા જ્યારે તેઓ એક હોડી ચલાવતા હતા.
"
"His widow married Jasper Tudor, Margaret Beaufort's brother-in-law.
","તેના વિધવાએ જાજર ટેડર સાથે લગ્ન કર્યાં, માર્ગારેટ બ્યુફોર્ટનો ભાઇ-બહેન.
"
"Hutchinson still saw John Cotton as a supporter, as well as her brother-in-law John Wheelwright, but had few others among the clergy.
","હચિસન હજી પણ જોહ્ન કોટનને ટેકેદાર તરીકે જોતા હતા, તેમ જ તેમના ભાભીને જોન વ્હીલરાઇટ પણ પાદરીઓ વચ્ચેના કેટલાક અન્ય હતા.
"
"I couldn't understand how my sister or brother-in-law could have come into my room and then returned to their own bed and crawled under the covers in the few seconds it took me to reach the hallway but I figured it had to be one of them since Toby always barks and growls at everybody and everything he doesn't immediately recognize.
","હું સમજી શકતો નથી કે મારી બહેન કે ભાભીને મારા રૂમમાં ક્યાંક આવી શક્યા હોત અને પછી પોતાના પલંગમાં પાછો ફર્યો અને થોડા સેકંડમાં આવરણ હેઠળ આવવાથી મને પરસાળ થવાની તક મળી, પણ મેં જોયું કે તે તેમાંથી એક બનો, કારણ કે ટોબી હંમેશાં બધાને ઉછાળે છે અને તે બધું તરત જ ઓળખી શકતું નથી.
"
"I couldn't understand how my sister or brother-in-law could have come into my room and then returned to their own bed and crawled under the covers in the few seconds it took me to reach the hallway, but I figured it had to be one of them, since Toby always barks and growls at everybody and everything he doesn't immediately recognize.
","હું સમજી શકતો નથી કે મારી બહેન કે ભાભીને મારા રૂમમાં ક્યાંક આવી શક્યા હોત અને પછી પોતાના પલંગમાં પાછો ફર્યો અને થોડા સેકંડમાં આવરણ હેઠળ આવવાથી મને પરસાળ થવાની તક મળી, પણ મેં જોયું કે તે તેમાંથી એક બનો, કારણ કે ટોબી હંમેશાં બધાને ઉછાળે છે અને તે બધું તરત જ ઓળખી શકતું નથી.
"
"I secretly hoped that you become my brother-in-law.
","હું ગુપ્ત આશા હતી કે તમે મારા ભાઇ ઈન કાયદો બની ગયો .
"
"I served an early Christmas dinner for family and friends, and everybody departed by 5 p.m., except my sister and brother-in-law who live with me.
","મેં પરિવાર અને મિત્રો માટે પ્રારંભિક નાતાલની રાત્રિભોજનની સેવા આપી હતી, અને દરેકને મારી સાથે રહેતી મારી બહેન અને ભાભીને સિવાય 5 વાગ્યે વિદાય થાય છે.
"
"I think we should be fighting to eradicate the term brother-in-law from all the world's languages so that it stays just 'brother'.
","મને લાગે છે કે અમે આમ કે તે માત્ર 'ભાઈ ' તરીકે રહે છે શબ્દ ભાઇ ઈન કાયદો વિશ્વના તમામ ભાષાઓ માંથી દૂર ઝુંબેશ જોઈએ.
"
"I think we should campaign to have the word brother-in-law removed from all the languages of the world so that it remains as just 'brother.'
","મને લાગે છે કે અમે આમ કે તે માત્ર 'ભાઈ ' તરીકે રહે છે શબ્દ ભાઇ ઈન કાયદો વિશ્વના તમામ ભાષાઓ માંથી દૂર ઝુંબેશ જોઈએ.
"
"I waited several seconds for my sister or brother-in-law to ask me whatever they came to say, but there was no other sound.
","મેં મારી બહેન અથવા ભાભી માટે કેટલાંક સેકન્ડની રાહ જોવી, તેઓ જે કહેતા હતા તે મને પૂછો, પરંતુ અન્ય કોઈ અવાજ ન હતો.
"
"I was secretly hoping you would become my brother-in-law.
","હું ગુપ્ત આશા હતી કે તમે મારા ભાઇ ઈન કાયદો બની ગયો .
"
"If she is in a marriage, then her husband is your brother-in-law, for all men married to sisters have this name.
","જો તે લગ્ન કરે છે, તો પછી તેનો પતિ તમારા સાસુ છે, કારણ કે બહેનો સાથે જોડાયેલા તમામ પુરુષો પાસે આ નામ છે.
"
"If someone - like your boastful brother-in-law who fancies himself the Mr. Jones with whom everyone is trying to keep up - tells you he is building a genuine Olympic-size pool in his huge backyard, he is either:
","જો કોઈ વ્યક્તિ જેમ કે તમારા ઉત્સાહી ભાઇ સાહેબ જે પોતે જ શ્રી જોન્સને ચાહતા હોય છે, જેની સાથે દરેકને અપર કરવાનો પ્રયાસ કરવામાં આવે છે - તમને કહે છે કે તેઓ તેમના વિશાળ બેકયાર્ડમાં એક વાસ્તવિક ઓલિમ્પિક-કદનું પૂલ બનાવી રહ્યા છે, તે ક્યાં છેઃ
"
"In 1570, Nobunaga attacked his brother-in-law's castle, Odani.
","1570 માં, નોબુનાગાએ પોતાના ભાભીના કિલ્લો ઓડાની પર હુમલો કર્યો.
"
"In 1616, Pocahontas set sail for England with her husband and several Indians: a brother-in-law and some young women, on what was a trip to promote the Virginia Company and its success in the New World and to recruit new settlers.
","1616 માં, પોકાહોન્ટાસ તેના પતિ અને કેટલાક ભારતીયો સાથે ઈંગ્લેન્ડ માટે સઢવાળી હતીઃ વર્જિનિયા કંપનીને પ્રમોટ કરવા અને ન્યૂ વર્લ્ડમાં તેની સફળતા અને નવા વસાહતીઓની ભરતી માટે જે સફર હતી તે અંગેનો એક ભાઇ સાહેબ અને કેટલીક યુવાન સ્ત્રીઓ.
"
"In 1616, pocahontas set sail for england with her husband and several indians: a brother-in-law and some young women, on what was a trip to promote the virginia company and its success in the new world and to recruit new settlers.
","1616 માં, પોકાહોન્ટાસ તેના પતિ અને કેટલાક ભારતીયો સાથે ઈંગ્લેન્ડ માટે સઢવાળી હતીઃ વર્જિનિયા કંપનીને પ્રમોટ કરવા અને ન્યૂ વર્લ્ડમાં તેની સફળતા અને નવા વસાહતીઓની ભરતી માટે જે સફર હતી તે અંગેનો એક ભાઇ સાહેબ અને કેટલીક યુવાન સ્ત્રીઓ.
"
"In 1995, when Gonzales died in Las Vegas, Agassi paid for his former brother-in-law's funeral.
","1995માં, જ્યારે ગોન્ઝાલેઝ લાસ વેગાસમાં મૃત્યુ પામ્યો ત્યારે અગાસીએ અંતિમ વિધીના નાણાં ચૂકવ્યા.
"
"In the video you can see the groom standing up after completing the wedding ceremony, but then suddenly some of the in-laws approached his brother-in-law and instead of stealing shoes from him, the in-laws took a bet to pull the shoes off their feet.
","વીડિયોમાં તમે જોઈ શકો છો કે લગ્ન સમારોહ પૂરો કર્યા પછી વરરાજા ઊભો છે, પરંતુ પછી અચાનક કેટલીક સાળીઓ તેમના જીજા પાસે પહોંચી જાય છે અને તેની પાસેથી પગરખાં ચોરવાને બદલે તેમના પગમાંથી જ જૂતા ખેંચી લેવા માટે સાળીઓમાં હોડ લાગી હતી.
"
"In this movie, Salman is launching his brother-in-law Aayush Sharma.
","આ ફિલ્મ દ્વારા સલમાન પોતાની બહેન અર્પિતાના પતિ આયુષ શર્માને લોન્ચ કરી રહ્યો છે.
"
"Indian police also think that a fake company set up by Kundra and his brother-in-law was registered in the UK to avoid India's tough cyber-laws.
","ભારતીય પોલીસ એ પણ વિચારે છે કે ભારતના કડક સાયબર-કાયદાઓથી બચવા માટે કુંદ્રા અને તેના સાળા દ્વારા સ્થાપવામાં આવેલી નકલી કંપની યુકેમાં નોંધાયેલી હતી.
"
"Indian police believe that a fake company set up byRaj Kundra and his brother-in-law was registered in the UK to avoid India's tough cyber-laws.
","ભારતીય પોલીસ એ પણ વિચારે છે કે ભારતના કડક સાયબર-કાયદાઓથી બચવા માટે કુંદ્રા અને તેના સાળા દ્વારા સ્થાપવામાં આવેલી નકલી કંપની યુકેમાં નોંધાયેલી હતી.
"
"Instead, two additional girls began to show some afflictions: Ann Putnam Jr., connected to Mary Sibley through her husband's brother-in-law, and Elizabeth Hubbard.
","તેના બદલે, બે વધારાના છોકરીઓએ કેટલીક તકલીફો બતાવવાનું શરૂ કર્યુંઃ એન પુટનેમ જુનિયર, મેરી સિબલી સાથે તેમના પતિના ભાભી અને એલિઝાબેથ હૂબાર્ડ દ્વારા જોડાયેલા.
"
"It is translated by English refugees and published by John Calvin 's brother-in-law, William Whittingham.
","તે ઇંગલિશ શરણાર્થીઓ દ્વારા અનુવાદિત છે અને જ્હોન કેલ્વિનના ભાભી, વિલિયમ વ્હીટિંગહામ દ્વારા પ્રકાશિત.
"
"It is translated by English refugees and published by John Calvin's brother-in-law, William Whittingham.
","તે ઇંગલિશ શરણાર્થીઓ દ્વારા અનુવાદિત છે અને જ્હોન કેલ્વિનના ભાભી, વિલિયમ વ્હીટિંગહામ દ્વારા પ્રકાશિત.
"
"It would not be wrong to say that this brother-in-law couple is the most famous in Bollywood.
","આ કહેવું ખોટું નહી થાય કે આ ભાઈ-બહેન ની જોડી બોલીવુડ માં સૌથી વધારે ક્યુટ છે.
"
"Joseph Lange - Vienna actor and painter; Mozart's brother-in-law
","જોસેફ લેંગ - વિયેના અભિનેતા અને ચિત્રકાર; મોઝાર્ટનું ભાભું
"
"Larry Zbyszko: not related to Stanislaus Zbyszko, married to Kathleen Gagne, son-in-law of Verne and brother-in-law of Greg Gagne
","લેરી ઝબિસ્ઝોઃ સ્ટેનિસ્લોસ ઝબિસ્ઝ્કો સાથે સંબંધિત નથી, કેથલીન ગેગ્ને સાથે લગ્ન કર્યા છે, વર્નેના જમાઈ અને ગ્રેગ ગગનના ભાભી
"
"Meanwhile, a special PMLA court on Tuesday took cognisance of the ED chargesheet and issued non-bailable warrants against Modi, his brother, father, sister and brother-in-law, among others.
","આ વચ્ચે એક સ્પેશિયલ પીએમએલએ કોર્ટે મંગળવારે ઈડીની ચાર્જસીટ પરથી ધડો લઈને નીરવ મોદી, તેના ભાઈ, પિતા, બહેન અને જીજા સહિત અન્યની વિરુદ્ધ વોરન્ટ જારી કર્યું છે.
"
"Meanwhile, he also came to know that six members of the family - parents, wife, brother, sister-in-law and brother-in-law of the deceased had come in contact with him.
","તે દરમિયાન તેને એ પણ ખબર પડી હતી કે મૃતકના પરિવારના છ સભ્યો - માતા-પિતા, પત્ની, ભાઈ, ભાભી અને ભાભી તેના સંપર્કમાં આવ્યા છે.
"
"Moving on to his extended family, we know of Jan Gunnar Eide who poses as Haaland's brother-in-law (married to Gabrielle).
","તેમના વિસ્તૃત પરિવારમાં આગળ વધતાં, આપણે જાન ગન્નર arઇડને જાણીએ છીએ જેણે હાલાન્ડના ભાભી (ગેબ્રીએલી સાથે લગ્ન) તરીકેની રજૂઆત કરી હતી.
"
"My brother-in-law is here !
","મારો મહેબૂબ અહીં!
"
"My brother-in-law is here!
","મારો મહેબૂબ અહીં!
"
"My dear brother-in-law, as long as you keep taking my side when I argue with your sister, you will keep receiving cool gifts on your birthday.
","મારા વહાલા ભાઈ ઈન કાયદો છે, જ્યાં સુધી તમે મારી બાજુ લઈ જ્યારે હું તમારી બહેન સાથે દલીલ હોય રાખવા માટે, તમે તમારા જન્મદિવસ પર ઠંડી ભેટ પ્રાપ્ત રાખશે.
"
"My dear brother-in-law, as long as you keep taking my side when I have an argument with your sister, you will keep receiving cool gifts on your birthday.
","મારા વહાલા ભાઈ ઈન કાયદો છે, જ્યાં સુધી તમે મારી બાજુ લઈ જ્યારે હું તમારી બહેન સાથે દલીલ હોય રાખવા માટે, તમે તમારા જન્મદિવસ પર ઠંડી ભેટ પ્રાપ્ત રાખશે.
"
"My dear brother-in-law, till you keep taking my side when I am having an argument with your sister, you will keep receiving cool gifts on your birthday.
","મારા વહાલા ભાઈ ઈન કાયદો છે, જ્યાં સુધી તમે મારી બાજુ લઈ જ્યારે હું તમારી બહેન સાથે દલીલ હોય રાખવા માટે, તમે તમારા જન્મદિવસ પર ઠંડી ભેટ પ્રાપ્ત રાખશે.
"
"My mom, dad, sister and brother-in-law arrive tomorrow.
","આવતી કાલથી મારી મમ્મી, પપ્પા, મારા સાસુ અને સાળા અહિં આવશે.
"
"My parents health is good, my brothers are well-settled, I have a great brother-in-law and my own career is doing fine.
","મારા માતા-પિતાનું સ્વાસ્થ્ય સારુ છે, મારા ભાઈઓ વેલ સેટલ્ડ છે, મારા બહેનને સારો પતિ મળ્યો છે અને મારી પોતાની કારકીર્દિ પણ સારી છે.
"
"My parents' health is good, my brothers are well-settled, I have a great brother-in-law and my own career is doing fine.
","મારા માતા-પિતાનું સ્વાસ્થ્ય સારુ છે, મારા ભાઈઓ વેલ સેટલ્ડ છે, મારા બહેનને સારો પતિ મળ્યો છે અને મારી પોતાની કારકીર્દિ પણ સારી છે.
"
"On August 26, another group of protesters pillaged and virtually destroyed the stately Boston home of Lieutenant Governor Thomas Hutchinson - Oliver's brother-in-law.
","26 મી ઑગસ્ટે, વિરોધીઓના એક જૂથએ લૂઈટેનન્ટ ગવર્નર થોમસ હચિસનની ઓલિવરના ભાભીના ઘરની શાનદાર બોસ્ટન ઘરને લૂંટી લીધું હતું.
"
"On November 23, 2019, two suspects were arrested, including Hira's brother-in-law Ehsan.
","23 નવેમ્બર, 2019 ના રોજ, હિરાના ભાભી એહસાન સહિત બે શંકાસ્પદ લોકોની ધરપકડ કરવામાં આવી હતી.
"
"One day she asked for maintenance money, he began beating her and his brother and brother-in-law joined in.
","એક દિવસ તેણે મેન્ટેનન્સના પૈસા માંગ્યા ત્યારે તેણે તેને માર મારવાનું શરૂ કરી દીધું અને તેના ભાઈ અને ભાભી તેમાં જોડાયા.
"
"One of them was his wife and the other one was his brother-in-law.
","એક તેની પત્ની હતી તો બીજી તેની ગર્લફ્રેન્ડ.
"
"Or, deal with a brother-in-law who insists he is RIGHT all the time, dismissing any of your ideas or beliefs?
","અથવા, કોઈ ભાઈ કે બહેન સાથે વાત કરો જે કહે છે કે તે હંમેશા તમારા વિચારો અથવા માન્યતાઓને બરતરફ કરે છે?
"
"Police suspected that Aditya Alva may have been hiding in his brother-in-law's house.
","પોલીસને આશંકા હતી કે આદિત્ય અલ્વા તેની જીજાનાઘરે સંતાઈ શકે છે.
"
"Powhatan sent an uncle of pocahontas and two of her brothers to the april 1614 wedding a brother-in-law and some young women,.
","પોવાહાતનએ પોકાહોન્ટાસ અને તેના બે ભાઈઓના એક કાકા એપ્રિલ 1614 ના લગ્નમાં મોકલ્યા.
"
"Presently in England, Fabinho currently lives with his sister and brother-in-law who take care of his football affairs.
","હાલ ઈંગ્લેન્ડમાં, ફબિનોહ હાલમાં તેની બહેન અને ભાભી સાથે રહે છે, જેઓ તેમના ફૂટબોલ બાબતોની સંભાળ લે છે.
"
"Prison officials explained that Sarabjit had visited the jail to see her brother-in-law, however, they did not know that she was carrying drugs.
","જેલ અધિકારીઓએ સમજાવ્યું હતું કે સરબજીત તેની ભાભીને જોવા જેલની મુલાકાતે આવ્યો હતો, જો કે, તેઓ જાણતા ન હતા કે તે ડ્રગ્સ લઈ રહી છે.
"
"Produced by Sharma's brother-in-law Salman Khan, the film has acclaimed over 10 crores at the Indian box office.
","શર્માના ભાભિયા દ્વારા બનાવવામાં આવેલ સલમાન ખાન, આ ફિલ્મે ભારતીય બ officeક્સ officeફિસ પર 10 કરોડથી વધુ વખાણ કર્યા છે.
"
"Reportedly, Raj Kundra had sold the app in question to a UK-based company Kenrin Pvt Ltd which was owned by his brother-in-law Pradeep Bakshi.
","આરોપ અનુસાર રાજ કુંદ્રાએ એપ એક યુનાઈટેડ કિંગ્ડમની કંપની કેનરીન પ્રાઇવેટ લિમિટેડને વેચી દીધી હતી જે તેમના સાળા પ્રદીપ બક્ષીની માલિકીની છે.
"
"Rishi Kapoor's widow Neetu Kapoor paid tribute to her brother-in-law by sharing an image of him to her Instagram account on Tuesday, February 9, 2021.
","Iષિ કપૂરની વિધવા નીતુ કપૂર મંગળવાર, 9 ફેબ્રુઆરી, 2021 ના રોજ તેના ઈંસ્ટાગ્રામ એકાઉન્ટ પર તેની ભાભીની એક છબી શેર કરીને તેના ભાભીને શ્રદ્ધાંજલિ આપી.
"
"Robert Hoffmeyer immediately asked his brother-in-law to get in the car and as they both got inside the car to be safe, they began to record the scene.
","રોબર્ટ હોફ્મયરે તરત જ તેના બહેનોઈને કારમાં બેસવાનું કહ્યું અને તેઓ બન્ને સલામત રહેવા માટે કારની અંદર ગયા, તેઓએ તે દ્રશ્ય રેકોર્ડ કરવાનું શરૂ કર્યું.
"
"Salman's brother-in-law Ayush married his sister Arpita in 2014.
","વર્ષ ર૦૧૪માં સલમાનની બહેન અર્પિતાએ તેમના પુત્ર આયુષ સાથે લગ્ન કર્યા હતા.
"
"Sarabjit tried to smuggle the drugs into prison in order to give to her brother-in-law.
","સરબજીતે તેની સાળી-વહુને આપવા માટે ડ્રગ્સને જેલમાં લઈ જવાનો પ્રયાસ કર્યો હતો.
"
"Scott began working with an Australian golf instructor, Brad Malone, who later also became Scott's brother-in-law.
","સ્કોટ ઑસ્ટ્રેલિયન ગોલ્ફ પ્રશિક્ષક, બ્રેડ માલોન સાથે કામ કરવાનું શરૂ કર્યું, જે બાદમાં સ્કોટના ભાભી બન્યું.
"
"Seeking a new post, Beauregard received aid from his brother-in-law, Senator John Slidell, in obtaining an assignment as the superintendent of West Point on January 23, 1861.
","નવી પોસ્ટની શોધમાં, બેઉરેગર્ડે 23 જાન્યુઆરી, 1861 ના રોજ વેસ્ટ પોઇન્ટના અધીક્ષક તરીકેની સોંપણી મેળવવા માટે તેમના સાળા, સેનેટર જ્હોન સ્લાઇડેલ પાસેથી સહાય મેળવ્યા.
"
"She claimed her husband and brother-in-law were suspended from the Delhi Police on December 28, 2018, for a criminal case involving a colony dispute dating back to 2012 that had been mutually resolved.
","મહિલાના પતિ અને પતિના ભાઈને 28 ડિસેમ્બર 2018એ વર્ષ 2012માં થયેલ એક કોલોનીના ઝઘડા માટે દાખલ કરવામાં આવેલ કેસ ચાલતો હોવાથી સસ્પેન્ડ કરવામાં આવ્યા હતા.
"
"She eventually went to the wonderful word of god and prayed about it and prayed and finally she got her answer and I now 2 nieces and a great god fearing brother-in-law !!
","છેવટે ઈશ્વરના અદ્ભુત શબ્દ ગયા અને તે વિશે પ્રાર્થના અને પ્રાર્થના અને છેલ્લે તે હવે તેના જવાબ અને હું મળી 2 nieces અને એક મહાન દેવ ભાઇ ઈન કાયદો ભય!
"
"She had tried to stop her brother-in-law and asked him to leave.
","તેણીએ તેની ભાભીને રોકવાનો પ્રયત્ન કર્યો હતો અને તેને ત્યાંથી જવા કહ્યું હતું.
"
"She lobbied authorities including Members of Parliament -- a brother-in-law was elected to Parliament in 1818 and became a supporter of her reforms.
","તેણીએ સંસદના સભ્યો સહિત સત્તાવાળાઓનું લોબિંગ કર્યું હતું - 1818 માં ભાભેલા સંસદ સંસદ માટે ચૂંટાયા હતા અને તેમના સુધારાના ટેકેદાર બન્યા હતા.
"
"Shilpa Shetty mentioned that it was London-based wished accused and Raj Kundra's brother-in-law Pradeep Bakshi who was related to the app and its working.
","શિલ્પા શેટ્ટીએ આગળ કહ્યુ કે આ લંડન સ્થિત આરોપી અને રાજ કુંદ્રાના બહેનોઇ પ્રદીપ બખ્શી હતા જે એપ અને તેના કામકાજ સાથે જોડાયેલા હતા.
"
"Shilpa Shetty said that it was London-based wanted accused and Raj Kundra's brother-in-law Pradeep Bakshi who was involved with the app and its functioning.
","શિલ્પા શેટ્ટીએ આગળ કહ્યુ કે આ લંડન સ્થિત આરોપી અને રાજ કુંદ્રાના બહેનોઇ પ્રદીપ બખ્શી હતા જે એપ અને તેના કામકાજ સાથે જોડાયેલા હતા.
"
"Shilpa Shetty said that was London-based and Raj Kundra's brother-in-law Pradeep Bakshi was involved with HotShots app and its functioning.
","શિલ્પા શેટ્ટીએ આગળ કહ્યુ કે આ લંડન સ્થિત આરોપી અને રાજ કુંદ્રાના બહેનોઇ પ્રદીપ બખ્શી હતા જે એપ અને તેના કામકાજ સાથે જોડાયેલા હતા.
"
"Shilpa Shetty says that Pradeep Bakshi, the London-based wanted accused and Raj Kundra's brother-in-law, who was involved with the app and its functioning is the master mind in the issue.
","શિલ્પા શેટ્ટીએ આગળ કહ્યુ કે આ લંડન સ્થિત આરોપી અને રાજ કુંદ્રાના બહેનોઇ પ્રદીપ બખ્શી હતા જે એપ અને તેના કામકાજ સાથે જોડાયેલા હતા.
"
"Sid Davis is Essie's brother, and therefore Nat's brother-in-law and uncle to the Miller children.
","સિદ ડેવિસ એસેના ભાઇ છે, અને તેથી નેટના ભાભી અને મિલર બાળકોને કાકા.
"
"Sid davis is essie's brother, and therefore nat's brother-in-law and uncle to the miller children.
","સિદ ડેવિસ એસેના ભાઇ છે, અને તેથી નેટના ભાભી અને મિલર બાળકોને કાકા.
"
"Sonakshi Sinha is currently single but her affair with Salman Khan's younger brother and actor Sohail Khan's brother-in-law Bunty Sachdeva was much talked about.
","અત્યારે સોનાક્ષી સિન્હા સિંગલ છે પરંતુ તમને સલમાન ખાનના નાના ભાઈ અને એક્ટર સોહેલ ખાનનાં સાળા બાંટી સાચીદેવા સાથે અફેરમાં હતી એવા સમાચાર હતાં.
"
"Sridevi had no history of heart disease, reveals brother-in-law Sanjay Kapoor
","શ્રીદેવી ને કોઈ પણ પ્રકારની હૃદયની બીમારી ના હતીઃ સંજય કપૂર
"
"Suffering from tuberculosis, he began yoga as a teenager in an effort to improve his health and studied with his brother-in-law Krishnamacharya in Mysore, India.
","તેમણે કિશોર વયે તંદુરસ્તી બાદ તંદુરસ્તીમાં સુધારો કરવા માટે યોગની શરૂઆત કરી હતી, મૈસુરમાં તેમના ભાભું, કૃષ્ણમાચાર્ય સાથે અભ્યાસ કરતા.
"
"Sushant's brother-in-law wrote in another message, 'Please keep my wife away from her problems.
","સુશાંતના જીજાએ એક અન્ય મેસેજમાં લખ્યું છે કે, કૃપા કરીને મારી પત્નીને પોતાની સમસ્યાઓથી દૂર રાખો.
"
"Taken to the Richmond home of his brother-in-law, Dr. Charles Brewer, Stuart received a visit from President Jefferson Davis before slipping into a delirium and dying the next day.
","તેમના ભાઈ સાળીઃ, ચાર્લ્સ બ્રેવરના રિચમંડ ગૃહને લઈને, સ્ટુઅર્ટને ચિત્તભ્રમણામાં ફસાયા અને બીજા દિવસે મૃત્યુ પામ્યા તે પહેલા પ્રમુખ જેફરસન ડેવિસની મુલાકાત લીધી.
"
"That is, it turns out that brother-in-law are family members whose wives are sisters.
","એટલે કે, તે તારણ છે કે જે સાસરિયાઓ - આ કુટુંબના સભ્યો, જેની પત્નીઓ બહેનો છે.
"
"That means, for example, that if your friend (or brother-in-law) makes a late payment, a negative notation will appear on your credit report and your credit rating will go down.
","તેનો અર્થ, ઉદાહરણ તરીકે, જો તમારા મિત્ર (અથવા ભાભીને) અંતમાં ચુકવણી કરે છે, તો તમારા ક્રેડિટ રિપોર્ટ પર નકારાત્મક સંકેત દેખાશે અને તમારી ક્રેડિટ રેટિંગ નીચે જશે.
"
"That means, for example, that if your friend (or brother-in-law) makes a late payment, a negative notation will appear on your credit report and your credit.
","તેનો અર્થ, ઉદાહરણ તરીકે, જો તમારા મિત્ર (અથવા ભાભીને) અંતમાં ચુકવણી કરે છે, તો તમારા ક્રેડિટ રિપોર્ટ પર નકારાત્મક સંકેત દેખાશે અને તમારી ક્રેડિટ રેટિંગ નીચે જશે.
"
"The Supreme Court of India has ruled that under the Domestic Violence Act, even the brother-in-law might be ordered to pay the maintenance to a woman.
","સુપ્રીમ કોર્ટે એક ચુકાદો આપતાં કહ્યું છે કે ઘરેલું હિંસા કાયદા હેઠળ સંયુક્ત પરિવારમાં દીયરને પણ વિધવા મહિલાને ભરણ-પોષણ ચૂકવવાનો આદેશ આપી શકાય છે.
"
"The bride also introduced PM to her brother-in-law Joe Jonas (second left) and his actress fiancé Sophie Turner (left), who plan to get married in the summer of 2019.
","કન્યાએ તેમના ભાઇ જૉ જોનાસ (બીજા ડાબે) અને તેમની અભિનેત્રી ફિયાન્સ સોફી ટર્નર (ડાબે), જેણે 2019 ની ઉનાળામાં લગ્ન કરવાની યોજના ઘડી હતી, તેમને પીએમ પણ રજૂ કર્યું.
"
"The brother of the attacker's wife (the brother-in-law of the attacker in a relationship) was admitted to the hospital in an injured condition.
","હુમલાખોરની પત્નીના ભાઈ (સંબંધમાં હુમલાખોરના સાળા) ને ઈજાગ્રસ્ત હાલતમાં હોસ્પિટલમાં દાખલ કરવામાં આવ્યા હતા.
"
"The brother-in-law again!
","ફરી અવતરી પરી !
"
"The company got its start after the Second World War, when Carl Buchan and his brother-in-law James Lowe opened a small general hardware store in North Carolina, to serve the needs of returning veterans ready to build their homes and families.
","કંપનીએ બીજા વિશ્વયુદ્ધ પછી તેની શરૂઆત મેળવી, જ્યારે કાર્લ બુકન અને તેમના ભાભીને જેમ્સ લોવેએ ઉત્તર કેરોલિનામાં એક નાનું સામાન્ય હાર્ડવેર સ્ટોર ખોલ્યું, તેમના ઘરો અને કુટુંબોના નિર્માણ માટે તૈયાર થયેલા વેટરન્સ પરત કરવાની જરૂરિયાતો પૂરી પાડવા માટે.
"
"The company was founded by Herbert Marcus, his sister, Carrie Marcus Neiman, and his brother-in-law, Al Neiman.
","કંપનીની સ્થાપના હર્બર્ટ માર્કસ, તેની બહેન, કેરી માર્કસ નીમેન, અને તેમના સાળા, અલ નીમેન દ્વારા કરવામાં આવી હતી.
"
"The enterprise were given its begin after the Second World War, while Carl Buchan and his brother-in-law James Lowe opened a small fashionable hardware save in North Carolina, to serve the desires of returning veterans ready to construct their homes and households.
","કંપનીએ બીજા વિશ્વયુદ્ધ પછી તેની શરૂઆત મેળવી, જ્યારે કાર્લ બુકન અને તેમના ભાભીને જેમ્સ લોવેએ ઉત્તર કેરોલિનામાં એક નાનું સામાન્ય હાર્ડવેર સ્ટોર ખોલ્યું, તેમના ઘરો અને કુટુંબોના નિર્માણ માટે તૈયાર થયેલા વેટરન્સ પરત કરવાની જરૂરિયાતો પૂરી પાડવા માટે.
"
"The original reports in India stated that she has died due to a cardiac arrest as quoted by her brother-in-law Sanjay Kapoor.
","ભારતમાં અસલ અહેવાલોમાં જણાવાયું છે કે તેણીનું મૃત્યુ હૃદયની ધરપકડને કારણે થયું છે જેવું તેના ભાભી સંજય કપૂરે ટાંક્યું છે.
"
"The song was then finished after the death of his brother-in-law in early 2004.
","આ ગીત પછી 2004 ની શરૂઆતમાં તેમના ભાઇ સાસુના મૃત્યુ પછી સમાપ્ત થયા.
"
"The theme of incest runs occurs throughout the play and Hamlet and the ghost often allude to it in conversations about Gertrude and Claudius, the former brother-in-law and sister-in-law who are now married.
","કૌટુંબિક વ્યભિચારનો વિષય સમગ્ર રમત અને હેમ્લેટમાં જોવા મળે છે અને ઘોસ્ટ ઘણી વાર ગર્ટ્રુડ અને ક્લૌડિયસની વાતચીતમાં તેની સાથે વાતચીત કરે છે, જે હવે પછીના ભાઇ સાસુ અને ભાભી છે.
"
"Then Cecily's marriages were arranged -- and unarranged -- by the next two kings, Richard III (her uncle) and Henry VII (her brother-in-law).
","ત્યારબાદ સિક્લીલીના લગ્નની ગોઠવણી કરવામાં આવી હતી - અને અનિશ્ચિત - આગામી બે રાજાઓ દ્વારા, રિચાર્ડ III (તેના કાકા) અને હેનરી VII (તેમના ભાઇ ઈન કાયદો).
"
"Then, in March 1923, Anna's sister and brother-in-law, William and Rita Smith, were killed when their home was bombed.
","પછી, માર્ચ 1 9 23 માં, અન્નાની બહેન અને ભાભી, વિલિયમ અને રીટા સ્મિથની હત્યા કરવામાં આવી હતી જ્યારે તેમના ઘર પર બોમ્બમારો થયો હતો.
"
"Therefore, Pascal wrote to his brother-in-law, Florin Perier, living near the mountain called the Puy de Dome, requesting that the latter perform a crucial experiment.
","તેથી પાસ્કલે Puy de Dome નામના પર્વત નજીક રહેતા પોતાના સાળા ફ્લોરીન પીયરને અગત્યનો પ્રયોગ કરવા માટે પૂછવા લખ્યું.
"
"Therefore, Pascal wrote to his brother-in-law, Florin Perier, who lived near a mountain called the Puy de Dome, asking him to perform a crucial experiment.
","તેથી પાસ્કલે Puy de Dome નામના પર્વત નજીક રહેતા પોતાના સાળા ફ્લોરીન પીયરને અગત્યનો પ્રયોગ કરવા માટે પૂછવા લખ્યું.
"
"Therefore, Pascal wrote to his brother-in-law, Florin Perier, who lived near a mountain called the Puy de Dôme, asking him to perform a crucial experiment.
","તેથી પાસ્કલે Puy de Dome નામના પર્વત નજીક રહેતા પોતાના સાળા ફ્લોરીન પીયરને અગત્યનો પ્રયોગ કરવા માટે પૂછવા લખ્યું.
"
"This bitch fucks her husband's brother every time she goes to work and while pregnant she has let her brother-in-law cum inside every time.
","આ ઝૂંપડો તેના પતિના ભાઈને દર વખતે નોકરી પર જાય છે અને ગર્ભવતી છે ત્યારે તેણે તેની ભાભીને દરેક વખતે અંદર રહેવા દીધી છે.
"
"This familiar presence came forward and my feelings changed to sheer joy when I discovered my 30-year-old brother-in-law, the one who had died seven months earlier from cancer.
","આ પરિચિત હાજરી આગળ આવી અને મારી લાગણીઓને ખૂબ આનંદમાં બદલાઈ ગઈ, જ્યારે મેં મારા 30 વર્ષીય ભાભીની શોધ કરી, જે સાત મહિના પહેલા કેન્સરથી મૃત્યુ પામ્યો હતો.
"
"This new army was commanded by a close ally of Frederick's (his brother-in-law) and kept French forces busy in the west and away from both Prussia and the French colonies.
","આ નવો સૈન્ય ફ્રેડરિકના (તેમના ભાઇ સાથી) નજીકના સાથી દ્વારા આદેશ આપ્યો હતો અને પશ્ચિમ અને ફ્રાન્સના બંને પ્રશિયા અને ફ્રેન્ચ વસાહતોથી ફ્રાન્સના દળો વ્યસ્ત રહ્યા હતા.
"
"This practice of a brother-in-law marrying the widow of his brother is known as levirate marriage.
","તેમના મોટા ભાઈઓની વિધવા સાથે લગ્ન કરતા નાના ભાઈઓની આ પ્રથાને લીવરેટ લગ્ન તરીકે ઓળખવામાં આવે છે.
"
"This story was inspired by what Sparks and his brother-in-law experienced as Sparks' sister was undergoing treatment for cancer.
","આ વાર્તા સ્પાર્કસ અને તેના ભાભીને જે સ્પાર્કસની બહેન કેન્સર માટે સારવાર લઈ રહી છે તેનાથી પ્રેરણા મળી હતી.
"
"What is your brother-in-law's name, then can I call him?
","તમારા ભાભીનું નામ શું છે, પછી હું તેને બોલાવી શકું?
"
"What to give brother-in-law on defender of the Fatherland Day?
","પિતૃભૂમિ દિવસના ડિફેન્ડર પર મારા જમાઈને શું આપવું?
"
"What's this smoke, brother-in-law?
","આ તે શા ધૂળના ધખારા, રે ભાઈ?
"
"When Carl Buchan bought his brother-in-law out, he refocused the company to sell only building materials and appliances.
","જ્યારે કાર્લ બકને પોતાના ભાઇ-બહેનને બહાર કાઢ્યા, ત્યારે તેમણે કંપનીને માત્ર મકાન સામગ્રી અને ઉપકરણો વેચવાની પુનર્જીવિત કરી.
"
"When Carl Buchan offered his brother-in-law out, he refocused the company to sell simplest building materials and appliances.
","જ્યારે કાર્લ બકને પોતાના ભાઇ-બહેનને બહાર કાઢ્યા, ત્યારે તેમણે કંપનીને માત્ર મકાન સામગ્રી અને ઉપકરણો વેચવાની પુનર્જીવિત કરી.
"
"When Gulati left with his brother-in-law to Delhi, that is when he bought a horse-drawn carriage with the money his father gave him.
","ગુલાટી જ્યારે તેના ભાભી સાથે દિલ્હી પોહચ્યાં ત્યારે તેણે તેના પિતા દ્વારા આપવામાં આવેલા પૈસાથી ઘોડાગાડી ખરીદી.
"
"When Henry of Navarre, whose wedding had been marred by the St. Bartholomew's Day Massacre, succeeded his brother-in-law as King Henry IV in 1593, he converted to Catholicism.
","જ્યારે નેવેરેના હેનરી, જેમનું લગ્ન સેન્ટ બર્થોલેમ્યુ ડે હત્યાકાંડ દ્વારા મુલતવી રાખવામાં આવ્યું હતું, 15 9 3 માં રાજા હેનરી ચોથા તરીકે તેમના ભાભીને સફળ થયા હતા, ત્યારે તેમણે કૅથલિક ધર્મમાં રૂપાંતર કર્યું.
"
"When is brother-in-law arriving?
","ભાઇ કયારે આવશે ?
"
"With a medical diploma and a Rock Am Ring Samstag for fame and fortune, Park set off for London, and through his brother-in-law, William Dickson, a Covent Garden seedsman, he got his opportunity.
","તબીબી ડિપ્લોમા અને ખ્યાતિ અને નસીબની ઇચ્છા સાથે, પાર્ક લંડન માટે ઉતરે છે, અને તેમના ભાભી, વિલિયમ ડિક્સન, કોવેન્ટ ગાર્ડન બિયારણમેન દ્વારા, તેમને તક મળે છે.
"
"With a medical diploma and a desire for fame and fortune, Park set off for London, and through his brother-in-law, William Dickson, a Covent Garden seedsman, he got Author: Alistair Boddy-Evans.
","તબીબી ડિપ્લોમા અને ખ્યાતિ અને નસીબની ઇચ્છા સાથે, પાર્ક લંડન માટે ઉતરે છે, અને તેમના ભાભી, વિલિયમ ડિક્સન, કોવેન્ટ ગાર્ડન બિયારણમેન દ્વારા, તેમને તક મળે છે.
"
"With a medical diploma and a desire for fame and fortune, Park set off for London, and through his brother-in-law, William Dickson, a Covent Garden seedsman, he got his opportunity.
","તબીબી ડિપ્લોમા અને ખ્યાતિ અને નસીબની ઇચ્છા સાથે, પાર્ક લંડન માટે ઉતરે છે, અને તેમના ભાભી, વિલિયમ ડિક્સન, કોવેન્ટ ગાર્ડન બિયારણમેન દ્વારા, તેમને તક મળે છે.
"
"Within a month of her husband's death, Gertrude has married her brother-in-law.
","તેમના પતિના મૃત્યુના એક મહિનાની અંદર, ગર્ટ્રુડેએ તેમના સાસુ સાથે લગ્ન કર્યા છે.
"
"Would your brother-in-law know?
","ભાઈને ખબર પડશે તો?
"
"You can't just take your brother-in-law because he minored in tax issues back in college.
","તમે ફક્ત તમારા સાળીદારને જ લઈ શકતા નથી, કારણ કે તેમણે કૉલેજમાં પાછા ફરતા કરવેરાના મુદ્દાઓને દૂર કર્યા હતા.
"
"You want to start a business with your spouse...or your best friend from college...or your brother-in-law.
","તમે તમારા જીવનસાથી સાથે બિઝનેસ શરૂ કરવા માગો છો . . . અથવા કૉલેજમાંથી તમારા શ્રેષ્ઠ મિત્ર .
"
"Young 18 year old takes a rough fucking with her older brother-in-law
","તેના પિતરાઇ ભાઈ દ્વારા fucked નાના स्तन સાથે 18 વર્ષ જૂનું slut
"
"Yours, or your brother-in-law's?
","મારો કે તારા કનકનો?
"
"and once he was my brother-in-law,
","અને એક વાર તે મારા સાસુ હતા,
"
"brother-in-law (husband of older sister)
","ભાઇ-ઇન-લો (જૂની બહેનના પતિ)
"
"power went to Fedor's brother-in-law, the boyar Boris Godunov.
","ફિઓડરની પત્નીનો ભાઈ સત્તામાં આવ્યો- બૉઅર બોરિસ ગોડોનોવ.
"
"previous post: brother-in-law
","પહેલાના Previous post: લઠ્ઠા-ગીત
"
"● PM Modi said that freedom, equality and brother-in-law are not the only values of France but it also includes the constitution of India.
","પીએમ મોદીએ કહ્યું કે સ્વતંત્રતા, સમાનતા અને ભાઇચારાની વાત ખાલી ફ્રાંસના જ બંધારણમાં નહીં ભારતના બંધારણમાં પણ સામેલ છે.
"
"Vadra is Congress President Rahul Gandhi’s brother-in-law and the husband of party general secretary Priyanka Gandhi.
","કોંગ્રેસના રાષ્ટ્રીય મહાસચિવ અને પાર્ટી અધ્યક્ષ રાહુલ ગાંધીના નાના બહેન પ્રિયંકા ગાંધી વાડ્રાએ વડાપ્રધાન મોદીની સરખામણી દુર્યોધન સાથે કરી છે.
"
"Actors Arbaaz Khan and Sohail Khan also arrived with his mother Salma Khan, sister Alvira and brother-in-law Atul Agnihotri.
","સલમાનની બહેનો અર્પિતા ખાન શર્મા પતિ આયુષ શર્મા અને દીકરા આહિલ સાથે તેમ જ અલ્વિરા અગ્નિહોત્રી પતિ અતુલ અગ્નિહોત્રી સાથે.
"
"His mother Sonia Gandhi , sister Priyanka Gandhi Vadra and brother-in-law Robert Vadra were with him in the Collectorate when he filed his papers.
","નોમિનેશન વખતે તેમની માતા સોનિયા ગાંધી, બહેન પ્રિયંકા ગાંધી અને રોબર્ટ વાડ્રા પણ હાજર હતા
"
"Besides family members including father Salim Khan, mother Sushila Charak, sister Arpita and Alvira, brother-in-law Atul Agnihotri, brother Arbaaz and Sohail, actors Aamir Khan, Anil Kapoor, Suniel Shetty, Sonakshi Sinha, and Varun Dhawan were present.
","પિતા સલીમ ખાન, મમ્મી સાલમાં ખાન અને હેલેન, બહેન અલવીરા, જીજાજી અતુલ અગ્નિહોત્રી, નાની બહેન અર્પિતા-પતિ આયુષ શર્મા ના સિવાય બંને ભાઈ સોહેલ અને અરબાઝ આ પાર્ટી માં શામિલ થયા છે.
"
"Drugs case: Bengaluru police raids Vivek Oberoi’s residence in search of his brother-in-law
","બૅંગ્લોર ડ્રગ્સ કેસ મામલે મુંબઇમાં વિવેક ઑબરૉયના ઘરે પોલીસના દરોડા
"
"She was the wife of his brother-in-law.
","તે ભાઈની દીકરીનાં લગ્ન હતાં.
"
"BJP leader Mukul Roy’s brother-in-law Srijan joins Trinamool Congress
","તૃણમૂલ નેતા મુકુલ રોય ભાજપમાં જોડાયા
"
"Sridevi's family including her husband Boney Kapoor, children Janhvi and Khushi and brother-in-law Anil Kapoor attended the puja.
","અસ્થિ વિસર્જનમાં બોની કપૂર ઉપરાંત તેની બંને દીકરીઓ, પુત્ર અર્જૂન કપૂર, અનિલ કપૂર અને સંજય કપૂરનો પરિવાર તથા શ્રીદેવીના પિયર પક્ષના લોકો હાજર રહ્યાં હતા.
"
"Aditya Alva is the son of former Karnataka minister Jeevraj Alva and brother-in-law of Bollywood actor Vivek Oberoi.
","ત્યારે હવે કર્ણાટકના પૂર્વ મંત્રી જીવરાજ અલ્વાના પુત્ર અને બોલિવૂડ એક્ટર વિવેક ઓબેરોયના સાળા આદિત્ય અલ્વાનું નામ સામે આવ્યું છે.
"
"Tina Ambani posted a message on Instagram to wish brother-in-law Mukesh Ambani on his birthday.
","મુકેશ અંબાણીના બર્થ ડે પર ટીના અંબાણીએ તેમને સોશિયલ મીડિયા પર શુભેચ્છા આપી છે.
"
"Mira Kapoor also wished her brother-in-law on her Instagram stories.
","મિરા કપૂરે તેની લાડલીને ઈન્સ્ટાગ્રામ પર શુભેચ્છાઓ પાઠવી હતી.
"
"He is her brother-in-law.
","તે તેના મોટાભાઈ છે.
"
"Salman is staying with his mother Salma Khan as well as his sister Arpita, brother-in-law Aayush Sharma and their kids – Ahil and Ayat.
","સલમાન તેની માતા સલમા ખાન તેમજ તેની બહેન અર્પિતા, સાળા આયુષ શર્મા અને તેમના બાળકો – આહિલ અને આયત સાથે રોકાઈ રહ્યો છે.
"
"He is the son-in-law of Sonia Gandhi and brother-in-law of Rahul Gandhi.
","સાથે સોનિયા ગાંધીના પુત્રી અને રાહુલ ગાંધીના બહેન છે.
"
"Salman’s brother-in-law Atul Agnihotri (husband of Alvira Agnihotri) shared a video of the Ganesh aarti on Instagram and it shows each member of their family performing the aarti.
","સલમાનના ભાભી અતુલ અગ્નિહોત્રીએ ગણેશ આરતીનો એક વીડિયો ઇન્સ્ટાગ્રામ પર શેર કર્યો છે અને જેમાં તેના પરિવારનો દરેક સભ્ય આરતી કરતી જોવા મળી શકે છે.
"
"Recommended Read: Sandalwood drugs case: Lookout notice against Vivek Oberoi's brother-in-law Aditya Alva
","આ પણ વાંચોઃ સેંડલવુડ ડ્રગ્સ કેસ: વિવેક ઓબેરોયના સાળા આદિત્ય અલ્વાની ધરપકડ
"
"Pascal wrote to his brother-in-law, Florin Perier, who lived near the Puy-de-Déme volcano in south-central France, requesting he perform an experiment.
","તેથી પાસ્કલે Puy de Dome નામના પર્વત નજીક રહેતા પોતાના સાળા ફ્લોરીન પીયરને અગત્યનો પ્રયોગ કરવા માટે પૂછવા લખ્યું.
"
"Karisma Kapoor arrived at the party along with her brother-in-law and sister Kareena's husband Saif Ali Khan.
","આ પાર્ટીમાં દીકરો કરિના અને કરિશ્મા તેમજ જમાઈ સૈફ અલી ખાન હાજર રહ્યા હતા.
"
"The judge also ordered a six-month jail term to Saeed's brother-in-law Hafiz Abdul Rehman Makki in the same case.
","ન્યાયાધીશે આ મામલામાં હાફિઝ સઈદના જીજાજી હાફિઝ અબ્દુલ રહમાન મક્કીને છ મહિનાની કેદની સજા સંભળાવી છે.
"
"Boney was accompanied by his brother Anil Kapoor, brother-in-law Sandeep Marwah and friend Manish Malhotra.
","બોની કપૂની સાથે ભાઈ અનિલ કપૂર, ફ્રેન્ડ મનિષ મલ્હોત્રા તથા અમરસિંહ અસ્થિ વિસર્જન માટે આવ્યા હતાં.
"
"Against the Shivraj Singh Chouhan government, Congress has field Sanjay Singh Masani, the brother-in-law of Chief Minister Shivraj Singh Chouhan from the Waraseoni constituency.
","રાજ્યના મુખ્યમંત્રી શિવરાજ સિંહ સામે કોંગ્રેસે તેમના સાળા સંજય સિંહને વારાસવની સીટ પરથી મેદાનમાં ઉતાર્યા છે
"
"Hafiz Saeed’s brother-in-law arrested in Pakistan
","અનેક ભારતીયોના જીવ લેનાર હાફિઝ સઈદની પાકિસ્તાનમાં થઇ ધરપકડ, જાણો વિગતે
"
"Mr Majithia is the brother of former Union Minister and SAD's Bathinda MP Harsimrat Kaur Badal, and brother-in-law of Sukhbir Singh Badal.
","મજીઠિયા પૂર્વ કેન્દ્રીય મંત્રી અને ભટિંડાના સાંસદ હરસિમરત કૌર બાદલના ભાઈ છે.
"
"He is the brother-in-law of Jaish-e-Mohammed supremo Masood Azhar.
","તે જૈશ-એ-મોહમ્મદૃના માસ્ટર મસુદૃ અઝહરનો ભત્રીજો હતો.
"
"The Bengaluru Central Crime Branch police has nabbed Aditya Alva, brother-in-law of Bollywood actor Vivek Oberoi, in the Sandalwood drug case.
","બેંગલુરુ પોલીસ સેન્ડલવુડ ડ્રગ રેકેટ કેસમાં વિવેકના સાળા આદિત્ય અલવાને શોધે છે.
"
"In the image, Ranbir can be seen sharing smiles with Neetu, sister Riddhima Kapoor Sahni, brother-in-law Bharat Sahni, and girlfriend Alia Bhatt.
","તસવીરમાં આલિયા મમ્મી સોની રાઝદાન, રણબીર કપૂરની મમ્મી નીતૂ કપૂર, તેની બહેન શાહીન ભટ્ટ તેમજ અન્ય કેટલાક સાથે પોઝ આપતી જાેવા મળી રહી છે.
"
"Sanjay Singh, brother-in-law of MP CM Shivraj Singh Chouhan, joins Congress
","મુખ્યમંત્રી શિવરાજસિંહ ચૌહાણના સાળા સંજયસિંહ કોંગ્રેસમાં સામેલ થઈ ગયા છે.
"
"Sushant brother-in-law OP Singh is also Addl Director General of Police and Special Officer to CM, Haryana.
","નીતૂના લગ્ન ઓપી સિંહ સાથે થયા છે જે હરિયાણાના એડિશનલ ડિરેક્ટર જનરલ ઓફ પોલીસ અને સીએમના વિશેષ અધિકારી છે.
"
"The police have arrested the two boys and the father and brother-in-law.
","જેમાં પોલીસે પિતા અને બે પુત્રોની ધરપકડ કરી વધુ તપાસ હાથ ધરી છે.
"
"It said the company belongs to Kundra’s brother-in-law Pradeep Bakshi.
","આ કંપની રાજ કુંદ્રાની બહેનના પતિ પ્રદીપ બક્ષીની માલિકીની હોવાનું કહેવાય છે.
"
"A senior Mumbai police official has claimed that Sushant Singh Rajput’s brother-in-law, an IPS officer, had asked him to pressurise the actor’s girlfriend Rhea Chakraborty to end their relationship.
","અભિનેતા સુશાંતસિંહ રાજપૂત સાથેના સંબંધોનો અંત લાવવા માટે રિયા ચક્રવર્તી પર દબાણ લાવવાનું રાજપૂતના સંબંધી એવા આઈપીએસ અધિકારીએ મને કહ્યું હતું, એવો દાવો મુંબઈના વરિષ્ઠ પોલીસ
"
"After launching yesteryear actor Aditya Pancholi’s son Sooraj Pancholi in Hero and his brother-in-law Aayush Sharma in LoveYatri, he is all set to launch Mahesh Manjrekar’s daughter Ashwami in Bollywood.
","તેણે આદિત્ય પંચોલીના પુત્ર સૂરજ પંચોલીને તેની પ્રોડક્શન ફિલ્મ ‘હીરો’ થી લોન્ચ કર્યો છે, જ્યારે તેના ભાભી આયુષ શર્માએ ગયા વર્ષની ફિલ્મ ‘લવયાત્રી’ થી હિન્દી સિનેમામાં અભિનેતા તરીકેની કારકિર્દીની શરૂઆત કરી હતી.
"
"The brother-in-law of the deceased person intimated to the police about this incident.
","આ બનાવની પોલીસને જાણ મરનારના ભાઇએ કરી છે.
"
"UPA chairperson Sonia Gandhi, Congress General Secretary Priyanka Gandhi Vadra and his brother-in-law Robert Vadra accompanied Gandhi.
","કોંગ્રેસ અધ્યક્ષ સોનિયા ગાંધીએ પાર્ટી મહાસચિવ અવિનાશ પાંડેય અને રણદીપ સુરજેવાલાને પટના રવાના કર્યા છે.
"
"Sanjay Singh, brother-in-law of MP CM Shivraj Singh Chouhan, joins Congress
","શિવરાજ સિંહના સાળા સંજય સિંહે મધ્યપ્રદેશ એમપી કૉંગ્રેસ અધ્યક્ષ કમલનાથની હાજરીમાં કૉંગ્રેસમાં જોડાઈ ગયા છે.
"
"Mr India, directed by Shekhar Kapur, starred Sridevi opposite her brother-in-law Anil Kapoor.
","શેખરે અનિલ કપૂર અને શ્રીદેવીને ચમકાવતી સુપરહિટ ફિલ્મ મિસ્ટર ઇન્ડિયાનું ડાયરેક્શન કર્યું હતું.
"
"Salman Khan's brother-in-law Aayush Sharma made his Bollywood debut with Loveyatri.
","સલમાન ખાનના જીજાજી આયુષ શર્માએ બોલીવૂડમાં લવરાત્રી ફિલ્મથી એન્ટ્રી કરી હતી.
"
"His brother-in-law was also killed in the accident.
","અકસ્માત થતાં તેમની સાથે ભત્રીજો ધ્રુવનું પણ મૃત્યું થયું હતું.
"
"Salman Khan is having a good time as he is busy promoting his production's upcoming film Loveyatri along with his brother-in-law Aayush Sharma and debutant Warina Hussain.
","હાલમાં સલમાન ખાન આયુષ અને એક્ટ્રેસ વરીના હુસૈન સાથે પોતાની આગામી ફિલ્મ ‘લવરાત્રી’ના પ્રમોશનમાં વ્યસ્ત છે.
"
"Among those targeted in the strike was Yusuf Azhar alias Mohammad Salim alias Ustaad Ghouri – the brother-in-law of JeM chief Masood Azhar.
","ઠાર કરાયેલા આતંકીઓમાં એક જૈશ-એ-મોહમ્મદના ચીફ મૌલાના મસૂદ અજહરના ભત્રીજા ઉસ્માન હૈદરને પણ મારવામાં આવ્યો હતો.
"
"Mumbai: Actor Aayush Sharma, who is making his Hindi film debut with ‘Loveratri’, says that his brother-in-law Salman Khan has conceptualized entire ‘Rangtaari’ song of his debut film.
","""મુંબઈ :બોલીવુડ અભિનેતા સલમાન ખાનની બહેન અર્પિતાનો પતિ આયુષ શર્મા ફિલ્મ 'લવરાત્રિ'થી બોલીવુડમાં ડેબ્યુ કર્યું છે ફિલ્મનું પ્રથમ સોન્ગ રિલીઝ કર્યું છે સલમાન ખાને ટ્વીટ કરી ગીતને રિલીઝ કર્યું હતું.
"
"Bhandari is believed to be a close associate of Robert Vadra, the brother-in-law of Congress president Rahul Gandhi.
","પિત્રોડાએ કોંગ્રેસ અધ્યક્ષ રાહુલ ગાઁધીનાં નજીકનાં વ્યક્તિ માનવામાં આવે છે.
"
"Present with her were her parents, sister and brother-in-law.
","નવાઝની સાથે તેની માતા, ભાઈ તથા ભાભી પણ હતાં.
"
"""""""An FIR has been lodged in the land purchase case against Congress President Rahul Gandhi's brother-in-law Robert Vadra.""
","કોંગ્રેસ અધ્યક્ષ રાહુલ ગાંધીના જીજાજી રોબર્ટ વાડ્રા રોબર્ટ વાડ્રા સામે ગુરૂગ્રામના ખેડકીદૌલામાં જમીન ખરીદવાની બાબતમાં વધુ એક FRI નોંધાવવામાં આવી છે.
"
"Aayush Sharma on working with brother-in-law Salman Khan in Antim: 'I was very scared'
","ફિલ્મ ""અંતિમ""માં સલમાન ખાન સાથે કામ કરતાં ખૂબ ડરી રહ્યો હતો આયુષ શર્મા
"
"Apart from her mother and sister, they were also accompanied by his mother Neetu Kapoor, sister Riddhima Kapoor Sahni, brother-in-law Bharat Sahni and niece Samara.
","રણવીર સાથે તેના પિતા ઋષિ કપૂર, મોમ નીતૂ કપૂર, બહેન રિદ્ધિમા કપૂર અને ભાણેજ સમારા કપૂર પણ હાજર રહી.
"
"Ahmedabad: Chandkheda man assaults his sister and brother-in-law
","અમદાવાદ: ચાંદખેડામાં પતિનો પત્નિ પર હુમલો, જાહેરમાં માર્યા અસ્ત્રાના ઘા
"
"Present with her were her parents, sister and brother-in-law.
","માતા પિતા, ભાઈ અને દાદા-દાદી પણ સાથે હાજર છે.
"
"Drugs case: Bengaluru police raids Vivek Oberoi’s residence in search of his brother-in-law
","બેંગલુરૂના ડ્રગ્સ કેસને લઈને મુંબઈમાં વિવેક ઓબેરૉયના ઘર પર પોલીસના દરોડા
"
"Also seen was Malaika’s brother-in-law and husband of actor Amrita Arora, Shakeel Ladak.
","મલાઈકા અરોરા ની બહેન અને બોલીવુંડ એક્ટ્રેસ અમૃતા એ શકીલ લડક સાથે લગ્ન કરેલા છે.
"
"The 26-year-old Sukhdip Singh, his brother-in-law Gurdeep Singh and Uncle Mukhtair Singh were attacked by a group of people when they were playing pool in the eastern Melbourne suburb of Epping.
","એપ્પિંગના પૂર્વી ઉપનગરમાં 26 વર્ષીય સુખદીપ સિંહ, તેના ભાઈ ગુરદીપ સિંહ અને તેના કાકા મુખતૈર સિંહ જ્યારે પૂલ રમી રહ્યાં હતાં ત્યારે તેના પર હુમલો કરવામાં આવ્યો.
"
"Salman Khan recently released the poster of Antim which stars him alongside his brother-in-law Ayush Sharma.
","હાલમાં જ સલમાન ખાને ઈન્સ્ટાગ્રામ પર તેની આગામી ફિલ્મ 'અંતિમ'નું લેટેસ્ટ પોસ્ટર શેર કર્યું છે, જેમાં સલમાનની સાથે અભિનેતા આયુષ શર્મા પણ જોવા મળી રહ્યો છે.
"
"Bharat is the Hindi adaptation of south Korean film Ode To My Father and Salman's brother-in-law Atul Agnihotri produced it.
","સલમાન ખાન સ્ટારર ફિલ્મ 'ભારત' સાઉથ કોરિયન ફિલ્મ 'ઓડ ટૂ માઇ ફાધર'નું હિન્દી રીમેક છે.
"
"Also, a 'lookout' notice has been issued against his brother-in-law Pradeep Bakshi.
","આ સાથે તેના જીજાજી પ્રદીપ બક્ષી સામે લુકઆઉટ નોટિસ પણ આપવામાં આવી હતી.
"
"Raju’s brother-in-law, Shivam Kumar, had filed a police complaint in the case.
","જે બાબતે વિક્રમસિંહ રાજે ભાભી સુમનબેન વિરૃધ્ધ પોલીસ ફરિયાદ નોંધાવી હતી.
"
"Tina Ambani, the wife of Mukesh Ambani's younger brother Anil Ambani , took to Instagram and posted a birthday message to wish her brother-in-law Mukesh Ambani on his birthday.
","શ્રીમતી કોકિલાબેન અંબાણીની નાની વધુ ટીના અંબાણીએ પોતાના ઇન્સ્ટાગ્રામ પર એક તસ્વીર શેર કરીને પોતાની સાસુમાને જન્મદિવસની વધામણી આપી હતી.
"
"Kelly Ripa, Lupita Nyong'o and Priyanka's future brother-in-law Kevin Jonas, his wife, Danielle Jonas and their daughter Alena were part of the celebration.
","આ પાર્ટીમાં કેલી રિપા, લુપિતા ન્યોનગો અને પ્રિયંકાની થનાર ભાભી ડેનિયલ જોનસ પોતાની દીકરી સાથે સામેલ થઈ હતી.
"
"After this the womans husband, brother-in-law and father-in-law were called to the police station.
","બાદમાં યુવતીના પતિ, તેના માતાપિતા અને ભાભીએ માર મારતા સમગ્ર મામલો પોલીસ સ્ટેશન પહોંચ્યો હતો.
"
"Mumbai: Bollywood superstar Salman Khan is currently shooting for his upcoming gangster drama Antim: The Final Truth along with his brother-in-law Aayush Sharma.
","બોલીવુડના સુપરસ્ટાર સલમાન ખાન (Salman Khan) હાલમાં તેના જીજા અને અભિનેતા આયુષ શર્મા (Aayush Sharma) સ્ટારર ફિલ્મ 'અંતિમ- ધ ફાઇનલ ટ્રુથ'નું શૂટિંગ કરી રહ્યા છે.
"
"The police have recorded the statement of Siddhartha's mother, sister and brother-in-law.
","પોલીસે સિદ્રાર્થની માતા બહેન અને જીજીનું નિવેદન લીધું છે.
"
"Teen shoots dead brother-in-law, tries to kill sister in Delhi
","દિલ્હીના યુગલે બળાત્કારના પ્રયાસ પર ઢાંકપીછોડો કરવા માટે સગીર ભત્રીજીની હત્યા કરી નાખી
"
"Sushant’s family members including his sister Shweta Singh Kirti, brother-in-law and his former girlfriend Ankita Lokhande have been speaking about the late actor and demanding justice for him.
","સુશાંતની બહેન શ્વેતા સિંહ કીર્તિ, એક્સ-ગર્લફ્રેન્ડ અંકિતા લોખંડે સહિત દિવંગત એક્ટરના મિત્રો અને ફેન્સ સોશિયલ મીડિયા પર ન્યાયની માગ કરી રહ્યા છે.
"
"Ashok Kapur had co-founded YES Bank with his brother-in-law Rana Kapoor, the bank's managing director and chief executive.
","પોતાના સંબંધિ અશોક કપુરની સાથે મળીને રાણા કપુરે આ બેંકની શરૂઆત કરી હતી.
"
"Karisma Kapoor recently thanked brother-in-law Saif Ali Khan for a lovely gift of a framed picture of her with sister Kareena Kapoor Khan .
","તાજેતરમાં જ સૈફ અલી ખાને કરિશ્મા કપૂરને એક ગિફ્ટ કરી હતી.
"
"Superstar Salman Khan is launching his brother-in-law Aayush Sharma in his home production ""Loveratri"".
","સુપરસ્ટાર સલમાન ખાન પોતાના હોમ પ્રોડક્શનની આ ફિલ્મ દ્વારા પોતાના જીજાજી આયુષ શર્માને લોન્ચ કરી રહ્યા છે.
"
"If the folk version of the instrument, which was widespread in the villages for a long time, did not change, then the city's brother-in-law underwent considerable changes in order to familiarize performers with professional and academic art.
","જો સાધનની લોક સંસ્કરણ, જે ગામોમાં લાંબા સમય સુધી ફેલાયેલી હતી, તે બદલાતું ન હતું, તો પછી વ્યાવસાયિક અને શૈક્ષણિક કલા સાથે રજૂઆત કરનારાઓનું પરિચય કરાવવા માટે શહેરના ભાભીને નોંધપાત્ર ફેરફારો કર્યા.
"
"The wife of Prince William agreed and did not come herself, but brought with her husband and brother-in-law.
","પ્રિન્સ વિલિયમની પત્નીએ સંમત થયા અને પોતે આવ્યા નહોતા, પરંતુ તેના પતિ અને ભાભી સાથે લાવ્યા.
"
"Present with her were her parents, sister and brother-in-law.
","એક્ટરની સાથે તેની માતા, ભાઈ તથા ભાભી પણ હતાં.
"
"Among the six dead were his two sisters-in-law and a brother-in-law.
","મૃતક છ ભાઇ અને બે બહેનમાં બીજો અને કુંવારો હતો.
"
"Hafiz Saeed’s brother-in-law arrested in Pakistan
","હાફિઝ સઈદના સાળાની પાકિસ્તાનમાં ધરપકડ
"
"Police arrested the dead woman’s husband, brother-in-law , father-in-law, and mother-in-law for her murder.
","આ હત્યા તેની પત્ની, સાસુ અને સાળાએ કરી હોવાનું સામે આવતા પોલીસે ત્રણેયને ઝડપી લીધા છે.
"
"The 10-year-old daughter of his brother-in-law, Jashanpreet Kaur, was also injured in the incident.
","10 વર્ષની પુત્રી જસપ્રીત કૌર ઈજાગ્રસ્ત થઇ છે.
"
"His daughter Aishwarya and brother-in-law Ravichandran are with him at the hospital.
","તેમની સાથે હોસ્પિટલમાં તેમની પુત્રી ઐશ્વર્યા અને જમાઈ રવિચંદ્રન હાજર હતા.
"
"Actor Salman Khan will soon be seen working with his brother-in-law Aayush Sharma in not one but two films.
","સલમાન ખાન આ ફિલ્મમાં એક અભિનેત્રીની સાથે નહી પરંતુ સલમાન બે-બે અભિનેત્રીઓ સાથે રોમાન્સ કરતો જોવા મળશે.
"
"The police have arrested the two boys and the father and brother-in-law.
","પોલીસે બન્ને સગીરો ડ્રાઇવરના પુત્ર અને પોલીસ પુત્રની અટકાયત કરી છે.
"
"Bharat is the Hindi adaptation of south Korean film Ode To My Father and Salman's brother-in-law Atul Agnihotri produced it.
","સલમાન ખાનની ફિલ્મ ‘ભારત’ સાઉથ કોરિયન ફિલ્મ ‘ઓડ ટુ માઈ ફાધર’ની હિંદી રીમેક છે.
"
"A senior Mumbai police official has claimed that the IPS brother-in-law of Sushant Singh Rajput had asked him to call the actor's girlfriend Rhea Chakraborty to police station and pressurise her.
","અભિનેતા સુશાંતસિંહ રાજપૂત સાથેના સંબંધોનો અંત લાવવા માટે રિયા ચક્રવર્તી પર દબાણ લાવવાનું રાજપૂતના સંબંધી એવા આઈપીએસ અધિકારીએ મને કહ્યું હતું, એવો દાવો મુંબઈના વરિષ્ઠ પોલીસ
"
"Salman Khan is launching his brother-in-law Aayush Sharma with the movie.
","સલમાન ખાન આ ફિલ્મ મારફતે પોતાના સંબંધી આયુષ શર્મા અને વરીનાને એન્ટ્રી આપી રહ્યો છે.
"
"The judge also ordered a six-month jail term to Saeed's brother-in-law Hafiz Abdul Rehman Makki in the same case.
","આ કેસમાં હાફિઝ સઈદના ભાભી હાફિઝ અબ્દુલ્લા રહેમાન મક્કીને પણ છ મહિનાની કેદની સજા ફટકારી છે.
"
"Besides Salman, his father Salim Khan, sisters Alvira and Arpita, and brother-in-law Atul Agnihotri also attended Shekhar’s wedding.
","અર્પિતા ઉપરાંત સલમાનની મોટી બહેન અલ્વીરા અગ્નહોત્રી અને તેની મમ્મી સલમા ખાન પણ કેટરિનાના લગ્નમાં સામેલ થશે.
"
"Sridevi's brother-in-law Sanjay Kapoor confirmed the news.
","શ્રીદેવીના મૃત્યુની પુષ્ટિ બોની કપૂરના નાના ભાઈ સંજય કપૂરે કરી હતી.
"
"The Bengaluru Central Crime Branch (CCB) Police has arrested absconding accused Aditya Alva, the brother-in-law Vivek Oberoi, in connection with the sandalwood drugs case.
","મુંબઈ : સેન્ડલવુડ ડ્રગ્સ કેસ બેંગ્લોર સેન્ટ્રલ ક્રાઈમ બ્રાંચ (સીસીબી) એ વિવેક ઓબેરોયના સાળા આદિત્ય અલ્વાની ધરપકડ કરી હતી.
"
"Rana Kapoor and his brother-in-law Ashok Kapur co-founded Yes Bank.
","પોતાના સંબંધિ અશોક કપુરની સાથે મળીને રાણા કપુરે આ બેંકની શરૂઆત કરી હતી.
"
"However, shortly after the award show, Sushant Singh Rajput's brother-in-law Vishal Kirti shared a screenshot of the Oscars website gallery on his Twitter account, where Sushant was recalled.
","જોકે, એવોર્ડ શો પછી તરત જ સુશાંત સિંહ રાજપૂતના ભાઈ ઇન લો વિશાલ કીર્તિએ તેના ટ્વિટર એકાઉન્ટ પર ઓસ્કાર વેબસાઇટ ગેલેરીનો સ્ક્રીનશોટ શેર કર્યો હતો.
"
"Police have also taken his brother-in-law, Dinesh Tiwari, into custody for questioning.
","પોલીસે વિકાસ દુબેના સાળા દિનેશ તિવારીની પણ પૂછપરછ માટે ધરપકડ કરી હતી.
"
"His sister Priyanka Gandhi and brother-in-law Robert Vadra were also present on the occasion.
","આ રોડ શોમાં બહેન અને કોંગ્રેસના મહાસચિવ પ્રિયંકા ગાંધી વાડ્રા, જીજાજી રોબર્ટ વાડ્રા તો હાજર રહ્યાં હતાં.
"
"The Bengaluru Central Crime Branch (CCB) Police has arrested absconding accused Aditya Alva, the brother-in-law Vivek Oberoi, in connection with the sandalwood drugs case.
","સેન્ડલવુડ ડ્રગ્સ કેસમાં બેંગલુરુ સેન્ટ્રલ ક્રાઈમ બ્રાન્ચ (CCB)એ વિવેક ઓબેરોયના સાળા આદિત્ય અલ્વાની ધરપકડ કરી છે.
"
"The brother-in-law of the deceased person intimated to the police about this incident.
","આ બનાવ અંગે મૃતકના ભાઇએ પોલીસમાં નિવેદન નોંધાવ્યું હતું.
"
"Varun Dhawan's wife, designer Natasha Dalal, recently went on a brunch date with brother-in-law Rohit Dhawan and sister-in-law Jaanvi .
","તાજેતરમાં, વરુણ ધવન તેની ગર્લફ્રેન્ડ નતાશા દલાલ, ભાઈ રોહિત ધવન અને ભાભી સાથે ડિનર કરવામાં માટે ગયા હતા.
"
"The CBI had questioned Ms. Kochhar brother-in-law, Rajiv Kochhar in connection with the case.
","આ મામલે કેસની તપાસ કરી રહેલ CBI દ્વારા ચંદા કોચરના દેવર રાજીવ કોચરની પણ પૂછપરછ કરવામાં આવી હતી.
"
"Salman Khan is currently busy shooting Antim: The Final Truth that features his brother-in-law Aayush Sharma in the lead.
","હાલમાં સલમાન ખાન ‘ અંતિમ: ધ ફાઈનલ ટ્રુથ’નું શૂટિંગ કરી રહ્યો છે જેમાં આયુષ શર્મા મુખ્ય ભૂમિકામાં છે.
"
"Actress Katrina Kaif’s sister Isabelle will be making her Bollywood debut opposite Salman Khans brother-in-law Aayush Sharma with “Kwatha”.
","અભિનેતા પુલકિત સમ્રાટની ઓપોઝીટ કેટરિના કૈફની બહેન ઇસાબેલ કૈફ તેની પહેલી ફિલ્મ ‘સુસ્વગતમ ખુશામદિદ’માં હિરોઇન તરીકે જોવા મળશે.
"
"In the film, Salman will be seen fighting his own brother-in-law Aayush Sharma.
","આ ફિલ્મમાં સલમાન તેના સાળા આયુષ શર્મા સાથે બે હાથ કરતો જોવા મળશે.
"
"Aishwarya blamed her sister-in-law Misa Bharti and mother-in-law Rabri Devi and exonerated her estranged husband Tej Pratap and her brother-in-law Tejashwi.
","ઐશ્વર્યાએ તેજપ્રતાપની બહેન તથા પોતાની નણંદ મીસા ભારતી અને પોતાની સાસુ રાબડી દેવી પર પોતાની સાથે દુર્વ્યવહાર કરવાનો આરોપ લગાવ્યો.
"
"The body was found by the father-in-law and brother-in-law of the deceased.
","કાકા અને કાકીની હત્યા નિપજાવી દેવામાં આવેલ લાશ મળો આવી હતી.
"
"Valikar is the brother-in-law of present ADC Janardan Rao, while Kishan Dhankar is another close relative of the governor, she added.
","વાલીકર એ ધનખરના હાલના એડીસી જનાર્દન રાવનો ભાભો છે અને કિશન ધનખર પોતે જ જગદીપ ધનખરના નજીકનો સંબંધી છે.
"
"Sushant's brother-in-law, OP Singh, is the Police Commissioner of Faridabad.
","ફરીદાબાદના પોલીસ કમિશનર ઓપી સિંહ સુશાંતના જીજુ છે.
"
"Mumbai: Actor Aayush Sharma, who is making his Hindi film debut with ‘Loveratri’, says that his brother-in-law Salman Khan has conceptualized entire ‘Rangtaari’ song of his debut film.
","મુંબઈ :બોલીવુડ અભિનેતા સલમાન ખાનની બહેન અર્પિતાનો પતિ આયુષ શર્મા ફિલ્મ 'લવરાત્રિ'થી બોલીવુડમાં ડેબ્યુ કર્યું છે ફિલ્મનું પ્રથમ સોન્ગ રિલીઝ કર્યું છે સલમાન ખાને ટ્વીટ કરી ગીતને રિલીઝ કર્યું હતું.
"
"A senior Mumbai police official has claimed that Sushant Singh Rajput's brother-in-law, an IPS officer, had asked him to pressurise the actor's girlfriend Rhea Chakraborty to end their relationship.
","અભિનેતા સુશાંતસિંહ રાજપૂત સાથેના સંબંધોનો અંત લાવવા માટે રિયા ચક્રવર્તી પર દબાણ લાવવાનું રાજપૂતના સંબંધી એવા આઈપીએસ અધિકારીએ મને કહ્યું હતું, એવો દાવો મુંબઈના વરિષ્ઠ પોલીસ
"
"The police are on the lookout for the deceased man’s brother-in-law.
","મૃતકના વાલીવારસની આજીડેમ પોલીસે શોધખોળ હાથ ધરી છે.
"
"Coming to his birthday celebration, the Sacred Games actor had a close-knit party with wife Kareena Kapoor Khan, sister Soha Ali Khan and brother-in-law Kunal Kemmu.
","તેમની આ પ્રાઇવેટ પાર્ટીમાં કરિશ્મા કપૂર, કરિનાની મા બબીતા અને સૈફની બહેન સારા અલી ખાન સાથે જ કુણાલ ખેમુ હાજર રહ્યા હતા.
"
"Aayush will soon be making his Bollywood debut in brother-in-law Salman Khan's film.
","હવે ટુંક સમયમાં સલમાન ખાન આયુષને બોલિવૂડમાં લોન્ચ કરશે.
"
"My brother-in-law is a Bengali.
","મારો દેવર બંગાળી છે.
"
"Aditya Alva is the son of former minister Jeevraj Alva and brother-in-law of Bollywood actor Vivek Oberoi.
","આદિત્ય અલ્વા વિવેક ઓબરોયના શાળા અને પૂર્વ મંત્રી જીવરાજ અલ્વાના દીકરા છે.
"
"His mother, sister and brother-in-law were present at that time.
","આ સમયે તેના કાકાજી સસરા, કાકીજી સાસુ, નણંદ અને નણદોઇ પણ હાજર હતા.
"
"A senior Mumbai police official has claimed that the IPS brother-in-law of Sushant Singh Rajput had asked him to call the actor's girlfriend
","અભિનેતા સુશાંતસિંહ રાજપૂત સાથેના સંબંધોનો અંત લાવવા માટે રિયા ચક્રવર્તી પર દબાણ લાવવાનું રાજપૂતના સંબંધી એવા આઈપીએસ અધિકારીએ મને કહ્યું હતું, એવો દાવો મુંબઈના વરિષ્ઠ પોલીસ
"
"Apart from the cousins, also present at the party were Bebo's parents Babita and Radhir Kapoor, Saif's daughter Sara Ali Khan, and brother-in-law Kunal Kemmu.
","તેમની આ પ્રાઇવેટ પાર્ટીમાં કરિશ્મા કપૂર, કરિનાની મા બબીતા અને સૈફની બહેન સારા અલી ખાન સાથે જ કુણાલ ખેમુ હાજર રહ્યા હતા.
"
"Bollywood superstar Salman Khan will soon be back on the big screen in his home production ‘Antim: The Final Truth’ that also stars brother-in-law Aayush Sharma.
","હોમ પ્રોડક્શનની ફિલ્મ 'અંતિમઃ ધ ફાઈનલ ટ્રૂથ' દ્વારા બોલિવુડ સુપરસ્ટાર સલમાન ખાન ફરી એકવાર મોટી સ્ક્રીન પર ધમાલ મચાવવાનો છે.
"
"Dawood's brother Anis Ibrahim runs a company named Golden Box in Dubai with the help of his brother-in-law.
","દાઉદનો ભાઇ અનીસ ઇબ્રાહિમ દુબઇમાં ગોલ્ડન બોક્સ નામની એક કંપની ચલાવે છે.
"
"Best wishes on your birthday, brother-in-law!
","જન્મપર્વની ખૂબ ખૂબ શુભેચ્છાઓ દાદા!
"
"Global terrorist Hafiz Saeed’s brother-in-law arrested in Pakistan
","વૈશ્વિક આતંકી હાફીઝ સઈદની પાકિસ્તાના લાહોરમાંથી ધરપકડ
"
"Salman Khan is currently busy shooting Antim: The Final Truth that features his brother-in-law Aayush Sharma in the lead.
","હાલમાં સલમાન ખાન ‘ અંતિમઃ ધ ફાઈનલ ટ્રુથ’નું શૂટિંગ કરી રહ્યો છે જેમાં આયુષ શર્મા મુખ્ય ભૂમિકામાં છે.
"
"The woman’s brother-in-law and her sister also joined them.
","પત્નીની બહેન તથા જીજા પણ જોડાયા હતા.
"
"Aayush Sharma on working with brother-in-law Salman Khan in Antim The Final Truth: ‘I was very scared’
","""ફિલ્મ """"અંતિમ""""માં સલમાન ખાન સાથે કામ કરતાં ખૂબ ડરી રહ્યો હતો આયુષ શર્મા""
"
"brother-in-law, sisters-in-law, nieces, nephews,
","ભાણ્યાઓ, ભાણકીઓ, ભત્રીજીઓ વગેરે.
"
"According to the copy of the complaint, the singer has accused Dhananjay Panditrao Munde, who she claims is her brother-in-law, of sexual assault and rape under the pretext of marriage and blackmail.
","ફરિયાદની નકલ મુજબ, ગાયકે લગ્ન અને બ્લેકમેઇલના બહાના હેઠળ જાતીય હુમલો અને બળાત્કારનો ધનંજય પંડિતરાવ મુંડે પર આરોપ લગાવ્યો છે.
"
"Bollywood actor Vivek Oberoi's brother-in-law Aditya Alva's name has emerged amid the ongoing investigation in the high profile Sandalwood Drug case.
","વિવેક ઓબેરોયના સાળા આદિત્ય આલ્વાનું નામ પણ થોડા સમય પહેલા સેન્ડલવુડ ડ્રગ્સ કેસમાં સામે આવ્યું હતું.
"
"Bollywood Superstar Salman Khan is all set to launch his brother-in-law Aayush Sharma and newbie Warina Hussain in their upcoming film ‘Loveratri’.
","સલમાન ખાન ફિલ્મ્સના બેનર હેઠળ બનેલી લવરાઊિની સાથે આયુષ શર્મા અને વારિના હુસૈન બોલીવુડમાં પોતાની નવી ઈનિંગની શરૂઆત કરવા જઈ રહ્યાં છે.
"
"The police are on the lookout for the deceased man’s brother-in-law.
","પોલીસે મૃતક વૃધ્ધના વાલીવારસની શોધખોળ આદરી
"
"Rajasthan Deputy CM Sachin Pilot is Omar Abdullah's brother-in-law and is married to his sister Sara Abdullah Pilot.
","રાજનેતા સચિન પાયલોટે જમ્મુ કાશ્મીરના પુર્વ મુખ્ય પ્રધાન ઓમર અબ્દુલ્લાની બહેન સારાહ અબ્દુલ્લા સાથે લગ્ન કર્યાં છે.
"
"Salman Khan is launching his brother-in-law Aayush Sharma with the movie.
","આ ફિલ્મ દ્વારા સલમાન ખાન પોતાની બહેન અર્પિતાના પતિ આયુષ શર્માને લોન્ચ કરી રહ્યો છે.
"
"Those searched included Kamal Nath’s former Officer on Special Duty (OSD) Pravin Kakkar, former adviser Rajendra Miglani, Ashwani Sharma, Paras Mal Lodha and executives linked to his brother-in-law’s firm Moser Bayer and a company of his nephew Ratul Puri.
","જે લોકોના પરિસરો પર દરોડાની કાર્યવાહી કરાઇ છે જેમાં કમલનાથના પૂર્વ ઓએસડી (ઓફિસર ઑન સ્પેશ્યલ ડ્યુટી) પ્રવીણ કક્કડ, પૂર્વ સલાહકાર રાજેન્દ્ર મિગલાની, તેમના સાળાની કંપનીઓના કેટલાક અધિકારીઓ અને ભાણેજ રતુલ પુરીની કંપની પર સામેલ છે.
"
"She lived with, besides her husband, her parents-in-law and a brother-in-law.
","લગ્નબાદ પોતે પતિ,સાસુ અને સસરા સાથે સંયુકત પરિવારમાં રહેતા હતા.
"
"Harikrishna was the son of former Andhra Pradesh Chief Minister and founder of Telugu Desam Party NT Rama Rao and brother-in-law of Chandrababu Naidu.
","નંદમૂરી તેલંગાણાના સીએમ ચંદ્રાબાબુ નાયડુના સાળા અને આંધ્રપ્રદેશના પૂર્વ મુખ્યમંત્રી એનટી રામારાવના મોટા પુત્ર હતા.
"
"“My brother-in-law is.
","“મા ભાઈ પૃણ્યાત્મા છે.
"
"Aayush Sharma on working with brother-in-law Salman Khan in Antim: 'I was very scared'
","""ફિલ્મ """"અંતિમ""""માં સલમાન ખાન સાથે કામ કરતાં ખૂબ ડરી રહ્યો હતો આયુષ શર્મા""
"
"Sandalwood drug racket: Bollywood actor Vivek Oberoi's brother-in-law absconding
","સેન્ડલવુડ ડ્રગ્સ કેસમાં બોલિવૂડ અભિનેતા વિવેક ઓબેરોયના સાળાની કરાઇ ધરપકડ
"
"Karisma Kapoor arrived at the party along with her brother-in-law and sister Kareena's husband Saif Ali Khan.
","કરિના કપૂર પતિ સૈફ સાથે આવી હતી તો કરિશ્મા પણ દાદીના અંતિમ દર્શને આવી હતી.
"
"The links between Congress President Rahul Gandhi’s brother-in-law Robert Vadra and shady arms dealer Sanjay Bhandari have earlier been discussed.
","નવી દિલ્હીઃ કોંગ્રેસ અધ્યક્ષ સોનિયા ગાંધીના જમાઇ રોબર્ટ વાડ્રા અને હથિયાર ડીલર સંજય ભંડારી વચ્ચે લિંક હોવાની ખબરો ત્યારથી આવી રહી છે.
"
"Harikrishna is the father of prominent Telugu actor junior NTR and Andhra Pradesh chief minister N Chandrababu Naidu is his brother-in-law.
","તેઓ આંધ્રપ્રદેશના હાલના મુખ્યમંત્રી ચંદ્રબાબુ નાયડુના સાળા અને સાઉથ ફિલ્મોના સુપરસ્ટાર જુનિયર એનટીઆરના પિતા છે.
"
"Finally, KC Bokadia’s brother-in-law gave him a break in Bollywood.
","આખરે કેસી બોકડિયાના સંબંધીએ તેને બોલીવૂડમાં બ્રેક આપ્યો.
"
"Salman Khan is launching his brother-in-law Aayush Sharma with the movie.
","સલમાન ખાન પોતાની બહેન અર્પિતાના પતિ આયુષ શર્માને પોતાની નવી ફિલ્મમાં લોન્ચ કરી રહ્યા છે.
"
"Arpita and Aayush pose for a picture with Sohail and Arbaaz Khan, their wives Seema and Malaika, Salman, his father Salim Khan, sister Alvira, brother-in-law Atul Agnihotri and the children of the house.
","પિતા સલીમ ખાન, માં સુશીલા ચરક, માં હેલન, ભાઇ સોહેલ અને અરબાઝ, બહેન અલવિરા અને અર્પિતા, જમાઇ અતુલ અગ્નિહોત્રી અને આયુષ શર્મા .
"
"Karisma Kapoor arrived at the party along with her brother-in-law and sister Kareena's husband Saif Ali Khan.
","કરીના અને સૈફની આ પાર્ટીમાં સારા અલી ખાન તેના ભાઈ ઇબ્રાહિમ ખાન સાથે પહોંચી હતી.
"
"Aayush, who is Salman Khan's brother-in-law and Arpita Khan's husband.Aayush Sharma and actress Warina Hussain are set to make their debut with 'Loveratri'.
","ફિલ્મમાં સલમાનની બહેન અર્પિતા ખાનનો પતિ આયુષ શર્મા અને વારિના હુસૈન મુખ્ય ભૂમિકામાં છે.
"
"The film features Salman's brother-in-law Aayush Sharma and Warina Hussain in the lead role.
","ફિલ્મમાં સલમાનની બહેન અર્પિતા ખાનનો પતિ આયુષ શર્મા અને વારિના હુસૈન મુખ્ય ભૂમિકામાં છે.
"
"His brother-in-law died on the spot.
","આ પછી તેના ભત્રીજાની ઘટના સ્થળે જ મોત નીપજ્યું હતું.
"
"Ranbir Kapoor with sister Riddhima, brother-in-law Bharat at their wedding.
","રણબીર કપૂરની બહેન રિદ્ધિમાએ ભાઈને કર્યું બર્થડે વિશ, ગર્લફ્રેન્ડ સાથે જોધપુરમાં કરશે સેલિબ્રેશન
"
"I left Amritsar with my brother-in-law and came to Delhi to look for work.
","પોતાના સાળાની સાથે અમૃતસર છોડીને કામકાજની શોધમાં દિલ્લી આવ્યા.
"
"Akshay Kumar has shot a special song for his brother-in-law Karan Kapadia’s debut film, Blank.
","અક્ષય કુમારે 'સાળા' કરણ કાપડિયાની ડેબ્યુ ફિલ્મ 'બ્લેન્ક' માટે એક સ્પેશિયલ સોન્ગનું શૂટિંગ કર્યું
"
"Apart from Arjun Kapoor and his ladylove Malaika Arora, Kareena Kapoor Khan and Saif Ali Khan were also visited by Kareena's sister Karisma Kapoor, Saif's sister and brother-in-law, Soha Ali Khan and Kunal Khemmu.
","જેમાં કરીના કપુરની ખાસ ફ્રેન્ડ અમૃતા અને મલાઇકા અરોરા, સેફની બહેન સોહા અલી ખાન અને કૃણાલ કેમુ પણ પહોંચ્યા હતા.
"
"In the image, Ranbir can be seen sharing smiles with Neetu, sister Riddhima Kapoor Sahni, brother-in-law Bharat Sahni, and girlfriend Alia Bhatt.
","તસવીરમાં આલિયા મમ્મી સોની રાઝદાન, રણબીર કપૂરની મમ્મી નીતૂ કપૂર, તેની બહેન શાહીન ભટ્ટ તેમજ અન્ય કેટલાક સાથે પોઝ આપતી જોવા મળી રહી છે.
"
"Salman's brother-in-law Aayush Sharma also stars in the movie.
","આયુષ શર્માનો બ્રધર ઈન લો સલમાન ખાને પણ આ ફિલ્મમાં કામ કર્યું છે.
"
"Sushant Singh Rajput's close friend Siddharth Pithani shared Whatsapp messages that were sent to him by the actor's brother-in-law OP Singh.
","સુશાંત સિંહ રાજપૂતના (Sushant Singh Rajput) ફ્લેટમેટ સિદ્ધાર્થ પિઠાનીએ (Siddharth Pithani) વૉટ્સએપ મેસેજના સ્ક્રીનશોટ શેર કર્યા છે, જે સિદ્ધાર્થને, સુશાંતના જીજા ઓ. પી. સિંહ દ્વારા મોકલવામાં આવ્યા હતાં.
"
"""Important artistic works from this quarter century include Benozzo Gozzoli's """"Adoration of the Magi"""" (1454), and the competing brothers-in-law Andrea Mantegna and Giovanni Bellini each produced their own versions of """"The Agony in the Garden"""" (1465).""
","""આ ક્વાર્ટરની સદીથી મહત્વપૂર્ણ કલાત્મક કાર્યોમાં બેનઝો ગોઝોલીની """"આરાધનાની આરાધના"""" (1454) નો સમાવેશ થાય છે, અને સ્પર્ધાના ભાઈ-બહેન એન્ડ્રીઆ મન્ટેગ્ના અને જીઓવાન્ની બેલીનીએ """"ધ ઍગોની ઇન ધ ગાર્ડન"""" (1465) ની પોતાની આવૃત્તિઓનું ઉત્પાદન કર્યું હતું.""
"
"He executed a number of his own supporters if they became too powerful, including all of his wife Wong-gyeong's brothers, as well as Prince Chungnyeong's later King Sejong's father-in-law and brothers-in-law.
","તેમણે પોતાના ઘણા સમર્થકોને ચલાવ્યા જો તેઓ ખૂબ શક્તિશાળી બન્યા, તેમની તમામ પત્ની વોંગ-ગાઇંગના ભાઈઓ, તેમજ રાજકુમાર ચુંગનીયોંગ (બાદમાં રાજા સિઝગના) જમાતા અને ભાભીને સમાવતા હતા.
"
"If ever there is a quarrel between brother and sister-in-law, in this case, except in some cases, most of the brothers-in-law support the sister-in-law and even fight with her brother.
","જો ક્યારેય ભાઈ અને ભાભી વચ્ચે ઝઘડો થાય છે, તો આ કિસ્સામાં કેટલાક કિસ્સાઓમાં સિવાય, મોટાભાગના ભાઇ-ભાભી ભાભી-વહુને ટેકો આપે છે અને તેના ભાઈ સાથે પણ લડતા હોય છે.
"
"In this manner, Menelaus and Agamemnon were not only brothers but brothers-in-law, simply as Helen and Clytemnestra have been sisters-in-legislation.
","આ રીતે, મેનલોઉઝ અને અગામેમન માત્ર ભાઈઓ જ નહોતા, પરંતુ ભાભી હતા, જેમ કે હેલેન અને ક્લાઈમેટનસ્ટા ફક્ત બહેનો જ નહોતા પરંતુ બહેનો સાસુ હતા.
"
"Shortly after his mother's death, one of his brothers-in-law committed suicide in Wyoming and another had a fatal heart attack.
","તેમની માતાના અવસાનના થોડા સમય બાદ, તેમના વકીલમાંથી એકએ વ્યોમિંગમાં આત્મહત્યા કરી અને અન્ય એક જીવલેણ હૃદયરોગનો હુમલો કર્યો.
"
"A father, a husband, four sons, two brothers, some brothers-in-law, two grandsons, a great-grandson.
","એમનાં વૃદ્ધ માતા-પિતા, એ અને એમનાં પત્ની, બે દીકરાઓ, બે પુત્રવધૂઓ, ચાર પૌત્ર-પૌત્રીઓ, એક યુવાન દીકરી.
"
"Police later arrested her husband and two brothers-in-law in connection with the case.
","આ ઘટના પછી પોલીસે આરોપી દુલ્હન અને તેના પતિની ધરપકડ કરી છે.
"
"Actresses-sisters Ratna and Supriya Pathak are married to Naseeruddin Shah and Pankaj Kapoor respectively, but neither the sisters nor the brothers-in-law have ever been seen together on screen.
","રત્ના-સુપ્રિયા જોકે ક્યારેય રૂપેરી પડદે સાથે નથી દેખાયાં, પણ નસીરુદ્દીન શાહ અને પંકજ કપૂર અગાઉ પણ કેટલીક ફિલ્મોમાં સાથે કામ કરી ચુક્યાં છે.
"
"Actors Salman and Sohail Khan are her brothers-in-law and script writer Salim Khan is her father-in-law.
","સલમાન ખાનનો નાના ભાઇ સોહેલ ખાન અને તેના પિતા તથા જાણીતા સ્ક્રિપ્ટ રાઇટર સલિમખાન સોહેલ ખાન ઇન્ટરનેશનલ એલએલપી ના હિસ્સેદાર છે.
"
"The police have arrested the woman’s father, brother and two brothers-in-law.
","પોલીસે આ કેસમાં મહિલાના પતિ, સસરા, સાસુ અને બે નણંદની ધરપકડ કરી છે.
"
"Salman's brothers-in-law Aayush Sharma and Atul Agnihotri also attended the party.
","આહિલનાં દાદા અનિલ શર્મા અને દાદી સુનીતા શર્મા પણ આ બર્થડે પાર્ટીમાં સામેલ થયા હતા.
"
"Actresses-sisters Ratna and Supriya Pathak are married to Naseeruddin Shah and Pankaj Kapoor respectively, but neither the sisters nor the brothers-in-law have ever been seen together on screen.
","અભિનેત્રી બહેનો રત્ના પાઠક તથા સુપ્રિયા પાઠકના લગ્ન ક્રમશઃ નસીરુદ્દીન શાહ અને પંકજ કપૂર સાથે થયાં છે.
"
