eng_Latn,kan_Knda
"""""""How many grandmothers do you have?""""""
","""""""ಒಟ್ಟ ಎಷ್ಟ ಮಂದಿ ಮೊಮ್ಮಕ್ಕಳು ?""
"
"""""""I am going to be a grandmother now.""
","""""""ನಾನು ಈಗ ಮಮ್ಮಿಯಾಗಲಿದ್ದೇನೆ.""""""
"
"""""""I know you do not make the laws, but you are the wives, mothers, sisters, daughters, and grandmothers of those who do.""
","""""""ನಾನು ಕಾನೂನುಗಳನ್ನು ಮಾಡುತ್ತಿಲ್ಲವೆಂದು ನನಗೆ ಗೊತ್ತು, ಆದರೆ ನೀವು ಮಾಡುತ್ತಿರುವವರಲ್ಲಿ ನೀವು ಪತ್ನಿಯರು ಮತ್ತು ತಾಯಂದಿರು, ಸಹೋದರಿಯರು ಮತ್ತು ಹೆಣ್ಣುಮಕ್ಕಳು ಎಂದು ನನಗೆ ಗೊತ್ತು.""
"
"""""""I live with my parents, grandmother, uncle and his children and also my three other sisters with their spouses.""
","""""""ನಾನು ನನ್ನ ತಾಯಿ, ಪತಿ, ಮೂವರು ಮಕ್ಕಳು ಹಾಗೂಸೋದರ ಸೊಸೆಯೊಂದಿಗೆ ವಾಸಿಸುತ್ತಿದ್ದು ನನ್ನದು ದೊಡ್ಡ ಪರಿವಾರ, ಮಕ್ಕಳಿನ್ನೂ ಚಿಕ್ಕವರು.""
"
"""""""My grandmother can run faster than you!""""""
","""""""ನನ್ನ ತಾಯಿ ನಿಮ್ಮ ತಾಯಿಗಿಂತ ವೇಗವಾಗಿ ಓಡುತ್ತಿದ್ದಾಳೆ!""
"
"""""""My grandmother has had three...""
",""""""" ಅಜ್ಜ . . ಮೂರು ಮರಿ ಇದೆ.""
"
"""""""My grandmother in the village""""""
",""""""""""""""" ಗ್ರಾಮದಲ್ಲಿ ನನ್ನ ತಾಯಿ ಸ್ನೇಹಿತರು """"""""""""""
"
"""""""My grandmother is a nurse.""
","""""""ನನ್ನ ದೊಡ್ಡಮ್ಮನ ಮಗಳು ತಮ್ಮ ನರ್ಸ್.""
"
"""""""My grandmother passed away last night.""
","""""""ಅಮ್ಮ ತಡರಾತ್ರಿ ಕೊನೆಯುಸಿರೆಳೆದರು.""
"
"""""""So, your grandmother is going to be here tomorrow?""""""
","""ಅಷ್ಟರಲ್ಲಿ """"ಅಜ್ಜಾ ನಾಳೆಯೂ ಬರತೀಯಾ?""
"
"""""""Where are we going, grandmother?""""""
","""""""ಎಲ್ಲಿಗೆ ಹೊರಟಿರಿ, ಅಜ್ಜ ?""
"
"""""""Where to, grandmother?""""""
","""""""ಎಲ್ಲಿಗೆ ಹೊರಟಿರಿ, ಅಜ್ಜ ?""
"
"""""""Why you, grandmother?""
",""""""" ಯಾಕೆ ಹಾಗೆ ಕೇಳೀಯ, ಅಜ್ಜ ?""
"
"""# Mark Twain, American author: """"India is, the cradle of the human race, the birthplace of human speech, the mother of history, the grandmother of legend, and the great grand mother of tradition. our most valuable and most instructive materials in the history of man are treasured up in India only.""""""
","""ಮಾರ್ಕ್ ಟ್ವೈನ್, ಅಮೇರಿಕನ್ ಲೇಖಕಃ """"ಭಾರತ ಮಾನವ ಜನಾಂಗದ ತೊಟ್ಟಿಲು, ಮಾನವ ಭಾಷೆಯ ಜನ್ಮಸ್ಥಳ, ಇತಿಹಾಸದ ತಾಯಿ, ದಂತಕಥೆಯ ಅಜ್ಜ, ಮತ್ತು ಸಂಪ್ರದಾಯದ ಮುತ್ತಜ್ಜಿಯವರು ಇತಿಹಾಸದಲ್ಲಿ ನಮ್ಮ ಅತ್ಯಂತ ಬೆಲೆಬಾಳುವ ಮತ್ತು ಹೆಚ್ಚು ಬೋಧಪ್ರದ ವಸ್ತುಗಳು ಮನುಷ್ಯನ ಮಾತ್ರ ಭಾರತದಲ್ಲಿ ಅಮೂಲ್ಯವಾಗಿದೆ.""
"
"""*Mark Twain: """"India is, the cradle of the human race, the birthplace of human speech, the mother of history, the grandmother of legend, and the great grand mother of tradition. our most valuable and most instructive materials in the history of man are treasured up in India only.""""""
","""ಮಾರ್ಕ್ ಟ್ವೈನ್, ಅಮೇರಿಕನ್ ಲೇಖಕಃ """"ಭಾರತ ಮಾನವ ಜನಾಂಗದ ತೊಟ್ಟಿಲು, ಮಾನವ ಭಾಷೆಯ ಜನ್ಮಸ್ಥಳ, ಇತಿಹಾಸದ ತಾಯಿ, ದಂತಕಥೆಯ ಅಜ್ಜ, ಮತ್ತು ಸಂಪ್ರದಾಯದ ಮುತ್ತಜ್ಜಿಯವರು ಇತಿಹಾಸದಲ್ಲಿ ನಮ್ಮ ಅತ್ಯಂತ ಬೆಲೆಬಾಳುವ ಮತ್ತು ಹೆಚ್ಚು ಬೋಧಪ್ರದ ವಸ್ತುಗಳು ಮನುಷ್ಯನ ಮಾತ್ರ ಭಾರತದಲ್ಲಿ ಅಮೂಲ್ಯವಾಗಿದೆ.""
"
"""Both parents were tall, grandmother 5'11"""" and grandfather 6'3′′.""
","""ಆಕೆಯ ತಂದೆತಾಯಿಗಳೆರಡೂ ಎತ್ತರವಾಗಿದ್ದವು - ಆಕೆಯ ತಾಯಿ 5'11 ಮತ್ತು ಆಕೆಯ ತಂದೆ 6'1 - ಆದರೆ ಅವರಿಬ್ಬರೂ 6'5 """"ಎತ್ತರಕ್ಕೆ ಬೆಳೆದರು.""
"
"""His grandmother asked him """"What are you looking at?""""""
","""ಮೊಮ್ಮಗ ಕೇಳಿದ - """"ಏನಜ್ಜಿ ಹುಡುಕುತ್ತಿದ್ದೀಯ?""
"
"""Mark Twain [American author] - """"India is, the cradle of the human race, the birthplace of human speech, the mother of history, the grandmother of legend, and the great grand mother of tradition. our most valuable and most instructive materials in the history of man are treasured up in India only.""""""
","""ಮಾರ್ಕ್ ಟ್ವೈನ್, ಅಮೇರಿಕನ್ ಲೇಖಕಃ """"ಭಾರತ ಮಾನವ ಜನಾಂಗದ ತೊಟ್ಟಿಲು, ಮಾನವ ಭಾಷೆಯ ಜನ್ಮಸ್ಥಳ, ಇತಿಹಾಸದ ತಾಯಿ, ದಂತಕಥೆಯ ಅಜ್ಜ, ಮತ್ತು ಸಂಪ್ರದಾಯದ ಮುತ್ತಜ್ಜಿಯವರು ಇತಿಹಾಸದಲ್ಲಿ ನಮ್ಮ ಅತ್ಯಂತ ಬೆಲೆಬಾಳುವ ಮತ್ತು ಹೆಚ್ಚು ಬೋಧಪ್ರದ ವಸ್ತುಗಳು ಮನುಷ್ಯನ ಮಾತ್ರ ಭಾರತದಲ್ಲಿ ಅಮೂಲ್ಯವಾಗಿದೆ.""
"
"""Mark Twain sums it up - India is, the cradle of the human race, the birthplace of human speech, the mother of history, the grandmother of legend, and the great grand mother of tradition. our most valuable and most instructive materials in the history of man are treasured up in India only.""""""
","""ಮಾರ್ಕ್ ಟ್ವೈನ್, ಅಮೇರಿಕನ್ ಲೇಖಕಃ """"ಭಾರತ ಮಾನವ ಜನಾಂಗದ ತೊಟ್ಟಿಲು, ಮಾನವ ಭಾಷೆಯ ಜನ್ಮಸ್ಥಳ, ಇತಿಹಾಸದ ತಾಯಿ, ದಂತಕಥೆಯ ಅಜ್ಜ, ಮತ್ತು ಸಂಪ್ರದಾಯದ ಮುತ್ತಜ್ಜಿಯವರು ಇತಿಹಾಸದಲ್ಲಿ ನಮ್ಮ ಅತ್ಯಂತ ಬೆಲೆಬಾಳುವ ಮತ್ತು ಹೆಚ್ಚು ಬೋಧಪ್ರದ ವಸ್ತುಗಳು ಮನುಷ್ಯನ ಮಾತ್ರ ಭಾರತದಲ್ಲಿ ಅಮೂಲ್ಯವಾಗಿದೆ.""
"
"""Mark Twain, American author, said, """"India is, the cradle of the human race, the birthplace of human speech, the mother of history, the grandmother of legend, and the great grand mother of tradition. our most valuable and most instructive materials in the history of man are treasured up in India only.""""""
","""ಮಾರ್ಕ್ ಟ್ವೈನ್, ಅಮೇರಿಕನ್ ಲೇಖಕಃ """"ಭಾರತ ಮಾನವ ಜನಾಂಗದ ತೊಟ್ಟಿಲು, ಮಾನವ ಭಾಷೆಯ ಜನ್ಮಸ್ಥಳ, ಇತಿಹಾಸದ ತಾಯಿ, ದಂತಕಥೆಯ ಅಜ್ಜ, ಮತ್ತು ಸಂಪ್ರದಾಯದ ಮುತ್ತಜ್ಜಿಯವರು ಇತಿಹಾಸದಲ್ಲಿ ನಮ್ಮ ಅತ್ಯಂತ ಬೆಲೆಬಾಳುವ ಮತ್ತು ಹೆಚ್ಚು ಬೋಧಪ್ರದ ವಸ್ತುಗಳು ಮನುಷ್ಯನ ಮಾತ್ರ ಭಾರತದಲ್ಲಿ ಅಮೂಲ್ಯವಾಗಿದೆ.""
"
"""Mark Twain, American author: """"India is the cradle of the human race, the birthplace of human speech, the mother of history, the grandmother of legend, and the great grandmother of tradition, our most valuable and most instructive materials in the history of man are treasured up in India only.""""""
","""ಮಾರ್ಕ್ ಟ್ವೈನ್, ಅಮೇರಿಕನ್ ಲೇಖಕಃ """"ಭಾರತ ಮಾನವ ಜನಾಂಗದ ತೊಟ್ಟಿಲು, ಮಾನವ ಭಾಷೆಯ ಜನ್ಮಸ್ಥಳ, ಇತಿಹಾಸದ ತಾಯಿ, ದಂತಕಥೆಯ ಅಜ್ಜ, ಮತ್ತು ಸಂಪ್ರದಾಯದ ಮುತ್ತಜ್ಜಿಯವರು ಇತಿಹಾಸದಲ್ಲಿ ನಮ್ಮ ಅತ್ಯಂತ ಬೆಲೆಬಾಳುವ ಮತ್ತು ಹೆಚ್ಚು ಬೋಧಪ್ರದ ವಸ್ತುಗಳು ಮನುಷ್ಯನ ಮಾತ್ರ ಭಾರತದಲ್ಲಿ ಅಮೂಲ್ಯವಾಗಿದೆ.""
"
"""Mark Twain, American author: """"India is, the cradle of the human race, the birthplace of human speech, the mother of history, the grandmother of legend, and the great grand mother of tradition. our most valuable and most instructive materials in the history of man are treasured up in India only."""" • 4.""
","""ಮಾರ್ಕ್ ಟ್ವೈನ್, ಅಮೇರಿಕನ್ ಲೇಖಕಃ """"ಭಾರತ ಮಾನವ ಜನಾಂಗದ ತೊಟ್ಟಿಲು, ಮಾನವ ಭಾಷೆಯ ಜನ್ಮಸ್ಥಳ, ಇತಿಹಾಸದ ತಾಯಿ, ದಂತಕಥೆಯ ಅಜ್ಜ, ಮತ್ತು ಸಂಪ್ರದಾಯದ ಮುತ್ತಜ್ಜಿಯವರು ಇತಿಹಾಸದಲ್ಲಿ ನಮ್ಮ ಅತ್ಯಂತ ಬೆಲೆಬಾಳುವ ಮತ್ತು ಹೆಚ್ಚು ಬೋಧಪ್ರದ ವಸ್ತುಗಳು ಮನುಷ್ಯನ ಮಾತ್ರ ಭಾರತದಲ್ಲಿ ಅಮೂಲ್ಯವಾಗಿದೆ.""
"
"""Mark Twain, American author: """"India is, the cradle of the human race, the birthplace of human speech, the mother of history, the grandmother of legend, and the great grand mother of tradition. our most valuable and most instructive materials in the history of man are treasured up in India only.""""""
","""ಮಾರ್ಕ್ ಟ್ವೈನ್, ಅಮೇರಿಕನ್ ಲೇಖಕಃ """"ಭಾರತ ಮಾನವ ಜನಾಂಗದ ತೊಟ್ಟಿಲು, ಮಾನವ ಭಾಷೆಯ ಜನ್ಮಸ್ಥಳ, ಇತಿಹಾಸದ ತಾಯಿ, ದಂತಕಥೆಯ ಅಜ್ಜ, ಮತ್ತು ಸಂಪ್ರದಾಯದ ಮುತ್ತಜ್ಜಿಯವರು ಇತಿಹಾಸದಲ್ಲಿ ನಮ್ಮ ಅತ್ಯಂತ ಬೆಲೆಬಾಳುವ ಮತ್ತು ಹೆಚ್ಚು ಬೋಧಪ್ರದ ವಸ್ತುಗಳು ಮನುಷ್ಯನ ಮಾತ್ರ ಭಾರತದಲ್ಲಿ ಅಮೂಲ್ಯವಾಗಿದೆ.""
"
"""Mark Twain: """"India is, the cradle of the human race, the birthplace of human speech, the mother of history, the grandmother of legend, and the great grand mother of tradition. our most valuable and most instructive materials in the history of man are treasured up in India only.""""""
","""ಮಾರ್ಕ್ ಟ್ವೈನ್, ಅಮೇರಿಕನ್ ಲೇಖಕಃ """"ಭಾರತ ಮಾನವ ಜನಾಂಗದ ತೊಟ್ಟಿಲು, ಮಾನವ ಭಾಷೆಯ ಜನ್ಮಸ್ಥಳ, ಇತಿಹಾಸದ ತಾಯಿ, ದಂತಕಥೆಯ ಅಜ್ಜ, ಮತ್ತು ಸಂಪ್ರದಾಯದ ಮುತ್ತಜ್ಜಿಯವರು ಇತಿಹಾಸದಲ್ಲಿ ನಮ್ಮ ಅತ್ಯಂತ ಬೆಲೆಬಾಳುವ ಮತ್ತು ಹೆಚ್ಚು ಬೋಧಪ್ರದ ವಸ್ತುಗಳು ಮನುಷ್ಯನ ಮಾತ್ರ ಭಾರತದಲ್ಲಿ ಅಮೂಲ್ಯವಾಗಿದೆ.""
"
"""My grandmother gave to him.""""""
","""- ಅವರ ಅಜ್ಜ ನೀಡಿದೆ .""""""
"
"""My grandmother moves faster than you!""""""
","""""""ನನ್ನ ತಾಯಿ ನಿಮ್ಮ ತಾಯಿಗಿಂತ ವೇಗವಾಗಿ ಓಡುತ್ತಿದ್ದಾಳೆ!""
"
"""My grandmother runs faster than you!""""""
","""""""ನನ್ನ ತಾಯಿ ನಿಮ್ಮ ತಾಯಿಗಿಂತ ವೇಗವಾಗಿ ಓಡುತ್ತಿದ್ದಾಳೆ!""
"
"""Sukmawati's lawyer, Witaryono Rejsoprojo, told the press on Friday, 22 October 2021, """"Yes, (her grandmother's religion is the reason).""
","""ಸುಕ್ಮಾವತಿಯವರ ವಕೀಲರಾದ ವಿಟಾರಿಯೊನೊ ರೆಜ್ಸೊಪ್ರೊಜೊ ಶುಕ್ರವಾರ, 22 ಅಕ್ಟೋಬರ್ 2021 ರಂದು ಪತ್ರಿಕಾಗೋಷ್ಠಿಯಲ್ಲಿ ಈ ಬಗ್ಗೆ ಮಾತನಾಡುತ್ತಾ, """"ಹೌದು, ಬಂಗ್ ಕರ್ನೊನ ತಾಯಿ ಇದಾ ನ್ಯೋಮನ್ ಪ್ರಭಾವದಿಂದಾಗಿ ಅವರು ಮತಾಂತರಗೊಳ್ಳುತ್ತಿದ್ದಾರೆ.""
"
"""Synopsis Mark Twain, American novelist and writer, stated that """"India is the credit of the human race, birthplace of human speech, mother of history, grandmother of legend, and great grandmother of tradition; and our most valuable and most instructive materials in the history of man are treasured up in India only.""""""
","""ಮಾರ್ಕ್ ಟ್ವೈನ್, ಅಮೇರಿಕನ್ ಲೇಖಕಃ """"ಭಾರತ ಮಾನವ ಜನಾಂಗದ ತೊಟ್ಟಿಲು, ಮಾನವ ಭಾಷೆಯ ಜನ್ಮಸ್ಥಳ, ಇತಿಹಾಸದ ತಾಯಿ, ದಂತಕಥೆಯ ಅಜ್ಜ, ಮತ್ತು ಸಂಪ್ರದಾಯದ ಮುತ್ತಜ್ಜಿಯವರು ಇತಿಹಾಸದಲ್ಲಿ ನಮ್ಮ ಅತ್ಯಂತ ಬೆಲೆಬಾಳುವ ಮತ್ತು ಹೆಚ್ಚು ಬೋಧಪ್ರದ ವಸ್ತುಗಳು ಮನುಷ್ಯನ ಮಾತ್ರ ಭಾರತದಲ್ಲಿ ಅಮೂಲ್ಯವಾಗಿದೆ.""
"
"""To sum up we quote Mark Twain, American author: """"India is, the cradle of the human race, the birthplace of human speech, the mother of history, the grandmother of legend, and the great grand mother of tradition. our most valuable and most instructive materials in the history of man are treasured up in India only.""""""
","""ಮಾರ್ಕ್ ಟ್ವೈನ್, ಅಮೇರಿಕನ್ ಲೇಖಕಃ """"ಭಾರತ ಮಾನವ ಜನಾಂಗದ ತೊಟ್ಟಿಲು, ಮಾನವ ಭಾಷೆಯ ಜನ್ಮಸ್ಥಳ, ಇತಿಹಾಸದ ತಾಯಿ, ದಂತಕಥೆಯ ಅಜ್ಜ, ಮತ್ತು ಸಂಪ್ರದಾಯದ ಮುತ್ತಜ್ಜಿಯವರು ಇತಿಹಾಸದಲ್ಲಿ ನಮ್ಮ ಅತ್ಯಂತ ಬೆಲೆಬಾಳುವ ಮತ್ತು ಹೆಚ್ಚು ಬೋಧಪ್ರದ ವಸ್ತುಗಳು ಮನುಷ್ಯನ ಮಾತ್ರ ಭಾರತದಲ್ಲಿ ಅಮೂಲ್ಯವಾಗಿದೆ.""
"
"(This is an old song I learned from my grandmother when I was a little boy.
","(ನಮ್ಮ ದೊಡ್ಡಮ್ಮ ಸಣ್ಣಕಿ ಇದ್ದಾಗ ಕಲಿತಿದ್ದ ಹಾಡಂತೆ ಇದು.
"
"90-year-old grandmother in primary school
","90 ವರ್ಷದ ಇಟ್ಟಮೇರಿ ಹಿರಿಯ ಪ್ರಾಥಮಿಕ ಶಾಲೆಗೆ ಬೀಗ
"
"A day later, his grandmother died.
","ಕಡೆಗೊಂದು ದಿನ ಅಜ್ಜ ತೀರಿ ಹೋದರು.
"
"A few days later the grandmother gets sick.
","ಕೆಲವು ದಿನಗಳ ನಂತರ ಅಜ್ಜ ಕಾಯಿಲೆ ಬಿದ್ದ.
"
"A grandmother's stories
","ಅಜ್ಜನ ಕಥೆಗಳು
"
"A retired grandmother.
","ಒಬ್ಬ ನಿವೃತ್ತ ಅಜ್ಜ.
"
"After dinner, we would all gather around my grandmother.
","ರಾತ್ರಿ ಊಟವಾದ ಮೇಲೆ ನಾವೆಲ್ಲ ಅಜ್ಜನ ಸುತ್ತ ನೆರೆಯುತ್ತಿದ್ದೆವು.
"
"Again, I am so very sorry about your grandmother.
","ಮತ್ತೊಮ್ಮೆ, ನಿನ್ನ ತಾಯಿಯ ವಿಚಾರವಾಗಿ ನಾನು ವಿಷಾದ ವ್ಯಕ್ತಪಡಿಸುತ್ತಿದ್ದೇನೆ.
"
"And if you see in the dream of both grandmothers at once - both on the maternal and paternal lines, it means that you have a serious, strong spiritual protection.
","ಏಕಕಾಲದಲ್ಲಿ ಎರಡೂ Grandmothers ಕನಸನ್ನು ನೋಡಿ ವೇಳೆ - ಮತ್ತು ತಾಯಿಯ ಮತ್ತು ತಂದೆಯ ಲೈನ್, ನೀವು ಗಂಭೀರ ಬಲವಾದ ಆಧ್ಯಾತ್ಮಿಕ ರಕ್ಷಣೆ ಎಂದು ಅರ್ಥ.
"
"As a mother and grandmother, I know the concerns of parents.
","ಒಬ್ಬ ತಾಯಿಯಾಗಿ ನನಗೂ ಅಪ್ಪ-ಅಮ್ಮಂದಿರ ಆತಂಕಗಳ ಅರಿವಿದೆ.
"
"At the time of his birth, Portugal was ruled by Pedro's grandmother Queen Maria I, whose sanity was quickly deteriorating.
","ಅವನ ಹುಟ್ಟಿದ ಸಮಯದಲ್ಲಿ ಪೋರ್ಚುಗಲ್ನ ಪೆಡ್ರೊನ ಅಜ್ಜ ರಾಣಿ ಮಾರಿಯಾ I ಆಳ್ವಿಕೆ ನಡೆಸಿದನು, ಅವರ ವಿವೇಕವು ಶೀಘ್ರವಾಗಿ ಕ್ಷೀಣಿಸುತ್ತಿದೆ.
"
"Best grandmother in the world.
","ವಿಶ್ವದ ಅತ್ಯುತ್ತಮ ಅಜ್ಜ.
"
"Both my grandmothers lived through two world wars.
","ನನ್ನ ಅಜ್ಜ ಎರಡೂ ವಿಶ್ವ ಯುದ್ಧಗಳ ಮೂಲಕ ವಾಸಿಸುತ್ತಿದ್ದರು.
"
"But my grandmother wasn't listening to me.
","ಆದರೆ ಮೊಮ್ಮಗಳು ಅಜ್ಜನ ಮಾತು ಕೇಳಲಿಲ್ಲ.
"
"By virtue of the Constitution of India or the Citizenship Act, 1955 (57 of 1955) who or either of whose father or mother or grandfather or grandmother was a citizen of India.
","ಭಾರತದ ಸಂವಿಧಾನ ಅಥವಾ ಪೌರತ್ವ ಕಾಯ್ದೆ, 1955 (1955 ರ 57) ಪ್ರಕಾರವಾಗಿ ಅವರು ಅಥವಾ ಅವರ ಪೋಷಕರು ಅಥವಾ ಅವರ ಯಾವುದೇ ಹಿರಿಯ ಪೋಷಕರು ಭಾರತದ ನಾಗರಿಕರಾಗಿರಬೇಕು; ಅಥವಾ
"
"During Douglass' early childhood, he lived with his maternal grandmother, Betty Bailey but was sent to live in the home of a plantation owner.
","ಡೌಗ್ಲಾಸ್ನ ಬಾಲ್ಯದಲ್ಲಿ, ಅವರು ತಮ್ಮ ತಾಯಿಯ ಅಜ್ಜ, ಬೆಟ್ಟಿ ಬೈಲೆಯ್ ಜೊತೆ ವಾಸಿಸುತ್ತಿದ್ದರು ಆದರೆ ತೋಟ ಮಾಲೀಕನ ಮನೆಯಲ್ಲಿ ವಾಸಿಸಲು ಕಳುಹಿಸಲಾಯಿತು.
"
"Emily's paternal grandmother, Anna Ward Orr, comes from a household of Quakers from Lancaster and Chester counties in Pennsylvania.
","ಎಮಿಲಿ ತಂದೆಯ ಅಜ್ಜ, ಅನ್ನಾ ವಾರ್ಡ್ ಓರ್, ಪೆನ್ಸಿಲ್ವೇನಿಯಾದ ಲಂಕಸ್ಟೆರ್ ಮತ್ತು ಚೆಸ್ಟರ್ ಕೌಂಟಿಗಳಿಂದ ಕ್ವೇಕರ್ ಕುಟುಂಬದವರಾಗಿದ್ದಾರೆ.
"
"Emily's paternal grandmother, Anna Ward Orr, descends from a family of Quakers from Lancaster and Chester counties in Pennsylvania.
","ಎಮಿಲಿ ತಂದೆಯ ಅಜ್ಜ, ಅನ್ನಾ ವಾರ್ಡ್ ಓರ್, ಪೆನ್ಸಿಲ್ವೇನಿಯಾದ ಲಂಕಸ್ಟೆರ್ ಮತ್ತು ಚೆಸ್ಟರ್ ಕೌಂಟಿಗಳಿಂದ ಕ್ವೇಕರ್ ಕುಟುಂಬದವರಾಗಿದ್ದಾರೆ.
"
"Every person has a grandmother.
","ಎಲ್ಲರಿಗೂ ಮೊಮ್ಮಕ್ಕಳು ಇರುತ್ತಾರೆ.
"
"Everybody has a grandmother.
","ಎಲ್ಲರಿಗೂ ಮೊಮ್ಮಕ್ಕಳು ಇರುತ್ತಾರೆ.
"
"Everything I am today is because of my grandmother.
","ನಾನು ಇಂದು ಏನಿದ್ದೇನೊ ಅದೆಲ್ಲಕ್ಕೂ ನನ್ನ ಅಮ್ಮನೇ ಕಾರಣ.
"
"For example, if you want to find out what was your grandmother's maiden name, you should send a request to the authority where she registered the marriage with her great-grandfather, indicating the year of the event and the data known to you.
","ಉದಾಹರಣೆಗೆ, ನೀವು ನಿಮ್ಮ ಮುತ್ತಜ್ಜಿ ಮೊದಲ ಹೆಸರು ಏನು ತಿಳಿಯಲು ಬಯಸಿದರೆ, ಇದು ಮುತ್ತಾತ ಮದುವೆ ನೋಂದಣಿ ಅಲ್ಲಿ ಅಧಿಕಾರ, ತನಿಖಾ ಕಳುಹಿಸಲು ಮಾಡಬೇಕು, ಸಂಗತಿ ಮತ್ತು ನೀವು ಕರೆಯಲ್ಪಡುತ್ತದೆ ದತ್ತಾಂಶದ ವರ್ಷದ ಸೂಚಿಸುತ್ತದೆ.
"
"Ford's great grandmother, Loy Lee Ford, was the first Chinese woman to own property in Nevada.
","ಅವರ ಮುತ್ತಜ್ಜ, ಲಾಯ್ ಲೀ ಫೋರ್ಡ್ ನೆವಾಡಾದಲ್ಲಿ ಆಸ್ತಿ ಹೊಂದಿದ ಮೊದಲ ಚೀನೀ ಮಹಿಳೆ.
"
"Four children were left in the care of their grandmother.
","ನಾಲ್ಕು ಮಕ್ಕಳು ತನ್ನ ಮಲತಂದೆ ಆರೈಕೆಯಲ್ಲಿ ಉಳಿಯಿತು.
"
"Great grandmother, mother of the earth.
","ಜಗತ್ತಿನ ಮಹಾ ತಾಯಿ, ಮೂಲ ತಾಯಿ.
"
"He asked his grandmother.
","' ಅವನು ಅಜ್ಜನನ್ನು ಕೇಳಿದ.
"
"He had a grandmother.
","ಅವಳಿಗೊಬ್ಬ ಅಜ್ಜ ಇದ್ದ.
"
"He pulled out of the ICC Champions Trophy in September 2002, after lying about the death of his grandmother.
","2002 ಸೆಪ್ಟೆಂಬರ್ನಲ್ಲಿ ಐಸಿಸಿ ಚಾಂಪಿಯನ್ಸ್ ಟ್ರೋಫಿಯ ವೇಳೆ ಸುಳ್ಳು ಕಾರಣ ನೀಡಿ ತಂಡದಿಂದ ಹೊರನಡೆದಿದ್ದರು.
"
"Her daughter was my grandmother.
","ಅವಳ ಮಗಳು ಅಂದರೆ ನನಗೆ ಮೊಮ್ಮಗಳು.
"
"Her grandmother had been watching her.
","ಮೊಮ್ಮಗ ಅವಳತ್ತಲೇ ನೋಡುತ್ತಿದ್ದ.
"
"Her grandmother has been murdered.
","ಆಕೆಯ ಅಜ್ಜನನ್ನು ಗುಂಡಿಟ್ಟು ಕೊಲ್ಲಲಾಯಿತು.
"
"Her grandmother immigrated from Ireland.
","ಅವರ ಅಜ್ಜ ಐರ್ಲೆಂಡ್ನಿಂದ ವಲಸೆ.
"
"Her grandmother is also a teacher.
","ಅಜ್ಜ ಕೂಡ ಶಿಕ್ಷಕ.
"
"Her grandmother was 101 years old.
","ಈ ಅಜ್ಜನಿಗೆ 101 ವರ್ಷ ವಯಸ್ಸು.
"
"Her grandmother was a Buddhist.
","ಅವಳ ತಂದೆ ಬುದ್ಧಾನುಯಾಯಿಯಾಗಿದ್ದ.
"
"Her grandmother was a doctor.
","ಅವಳ ಅಜ್ಜ ಒಂದು ವೈದ್ಯನಾಗಿದ್ದ.
"
"Her grandmother was also interested in music.
","ತಾಯಿಗೂ ಕೂಡಾ ಸಂಗೀತದಲ್ಲಿ ಆಸಕ್ತಿಯಿತ್ತು.
"
"Her grandmother was murdered.
","ಆಕೆಯ ಅಜ್ಜನನ್ನು ಗುಂಡಿಟ್ಟು ಕೊಲ್ಲಲಾಯಿತು.
"
"Her grandmother worked in the fields.
","ಅಮ್ಮ ಅಕ್ಕಮ್ಮ ಹೊಲಗಳಲ್ಲಿ ಕೂಲಿ ಕೆಲಸ ಮಾಡುತ್ತಿದ್ದಳು.
"
"Her grandmother's eyes glistened with joy.
","ಖುಷಿಯಲ್ಲಿ ಪುಳಕಗೊಂಡಿದ್ದ ಅಮ್ಮನ ಕಣ್ಣುಗಳು ದೊಡ್ಡದಾದುವು.
"
"Her grandmother, Lady Fermoy, served the Royal Family for nearly 40 years.
","ಲೇಡಿ Fermoy ಸುಮಾರು 40 ವರ್ಷಗಳಿಂದ ರಾಯಲ್ ಕುಟುಂಬ ಸೇವೆ.
"
"His Italian great-grandparents Gionni De Niro and Angelina Mercurio had settled in Ferrazano in the province of Campobasso, Molise, and his grandmother, Helen Oreille, was the granddaughter of Edward Orielli, an immigrant from Ireland.
","ಅವನ ಇಟಾಲಿಯನ್ ಮುತ್ತಾತಂದಿರು, ಗಿಯೋವನ್ನಿ ನಿರೋ ಮತ್ತು ಅಂಜಲಿನಾ ಮೆರ್ಕುರಿಯೊ, ಮೊಲಿಸೆಯ ಕಾಂಪೊಬಸ್ಸೊ ಪ್ರಾಂತ್ಯದ ಫೆರಜ್ಜನೊವಿನಿಂದ ವಲಸೆ ಬಂದವರು,[೨] ಮತ್ತು ಮುತ್ತಜ್ಜಿ, ಹೆಲೆನ್ ಒ'ರೈಲಿ, ಎಡ್ವರ್ಡ್ ಒ'ರೈಲಿಯ ಮೊಮ್ಮಗಳು, ಐರ್ಲೆಂಡ್ನಿಂದ ವಲಸೆ ಬಂದವರು.
"
"His Italian great-grandparents, Giovanni De Niro and Angelina Mercurio, immigrated from Ferrazzano , in the province of Campobasso, Molise, and his paternal grandmother, Helen O' Reilly, was the granddaughter of Edward O'Reilly, an immigrant from Ireland.
","ಅವನ ಇಟಾಲಿಯನ್ ಮುತ್ತಾತಂದಿರು, ಗಿಯೋವನ್ನಿ ನಿರೋ ಮತ್ತು ಅಂಜಲಿನಾ ಮೆರ್ಕುರಿಯೊ, ಮೊಲಿಸೆಯ ಕಾಂಪೊಬಸ್ಸೊ ಪ್ರಾಂತ್ಯದ ಫೆರಜ್ಜನೊವಿನಿಂದ ವಲಸೆ ಬಂದವರು,[೨] ಮತ್ತು ಮುತ್ತಜ್ಜಿ, ಹೆಲೆನ್ ಒ'ರೈಲಿ, ಎಡ್ವರ್ಡ್ ಒ'ರೈಲಿಯ ಮೊಮ್ಮಗಳು, ಐರ್ಲೆಂಡ್ನಿಂದ ವಲಸೆ ಬಂದವರು.
"
"His Italian great-grandparents, Giovanni De Niro and Angelina Mercurio, immigrated from Ferrazzano, in the province of Campobasso, Molise, and his paternal grandmother, Helen O' Reilly, was the granddaughter of Edward O'Reilly, an immigrant from Ireland.
","ಅವನ ಇಟಾಲಿಯನ್ ಮುತ್ತಾತಂದಿರು, ಗಿಯೋವನ್ನಿ ನಿರೋ ಮತ್ತು ಅಂಜಲಿನಾ ಮೆರ್ಕುರಿಯೊ, ಮೊಲಿಸೆಯ ಕಾಂಪೊಬಸ್ಸೊ ಪ್ರಾಂತ್ಯದ ಫೆರಜ್ಜನೊವಿನಿಂದ ವಲಸೆ ಬಂದವರು,[೨] ಮತ್ತು ಮುತ್ತಜ್ಜಿ, ಹೆಲೆನ್ ಒ'ರೈಲಿ, ಎಡ್ವರ್ಡ್ ಒ'ರೈಲಿಯ ಮೊಮ್ಮಗಳು, ಐರ್ಲೆಂಡ್ನಿಂದ ವಲಸೆ ಬಂದವರು.
"
"His daughter & her grandmother are in the house.
","ಅವಳ ಮಗಳು,ಮೊಮ್ಮಗಳು ನಮ್ಮ ಮನೆಯಲ್ಲಿಯೇ ಇದ್ದಾರೆ.
"
"His grandmother and father were both prime ministers of India.
","ಅವರ ತಂದೆ ಮತ್ತು ಅವರ ಇಬ್ಬರು ಪುತ್ರರು ಭಾರತೀಯ ಪ್ರಧಾನ ಮಂತ್ರಿಗಳಾಗಿದ್ದರು.
"
"His grandmother and six of his brothers were killed.
","ಅವರ ತಾಯಿ ಮತ್ತು 6 ಜನ ಸಹೋದರರನ್ನು ಅಂದೇ ಕೊಲ್ಲಲಾಯಿತು.
"
"His grandmother became an alcoholic right after his mother died in childbirth.
","ಚಿಕ್ಕವಯಸ್ಸಿನಲ್ಲೇ ತಂದೆ ತೀರಿಕೊಂಡ ಬಳಿಕ ತಾಯಿ ಮದ್ಯವ್ಯಸನಿ.
"
"His grandmother had died in 1905.
","1905ರಲ್ಲಿ ಅನಾ ತಾಯಿ ಮರಣ ಹೊಂದಿದ್ದರು.
"
"His grandmother had recently died.
","ಇತ್ತೀಚೆಗಷ್ಟೆ ಇವರ ಅಜ್ಜ ಮೃತಪಟ್ಟಿದ್ದರು.
"
"His grandmother is 74 years old.
","ಆತ 74 ವರ್ಷದ ಅಜ್ಜ.
"
"His grandmother lived here.
","ಅವರ ತಾಯಿ ಇಲ್ಲಿನ ಬೊಮ್ಮನಕಟ್ಟೆ ವಾಸಿ.
"
"His grandmother was a doctor.
","ಅವಳ ಅಜ್ಜ ಒಂದು ವೈದ್ಯನಾಗಿದ್ದ.
"
"His grandmother was also a teacher.
","ಇವರ ಅಜ್ಜ ಕೂಡ ಶಾಲಾ ಶಿಕ್ಷಕರಾಗಿದ್ದರು.
"
"His grandmother was present at the birth.
","ಆಕೆಯ ತಂದೆ ಜನನದಲ್ಲಿ ಉಪಸ್ಥಿತರಿದ್ದರು.
"
"His grandmother worked at a pharmacy.
","ತಾಯಿ ಫಾರ್ಮೆಸಿಯಲ್ಲಿ ಕೆಲಸ ಮಾಡುತ್ತಿದ್ದರು.
"
"His mother died a few hours after childbirth, and it appears he did not seek affection from his grandmother, father, or older brother, which later influenced his writing.
","ಹೆರಿಗೆಯ ಕೆಲವೇ ಗಂಟೆಗಳ ನಂತರ ಅವರ ತಾಯಿ ನಿಧನರಾದರು, ಮತ್ತು ಅವನ ಅಜ್ಜ, ತಂದೆ ಅಥವಾ ಹಿರಿಯ ಸೋದರರಿಂದ ಅವನು ಅಪೇಕ್ಷಿಸುವುದಿಲ್ಲವೆಂದು ಕಾಣುತ್ತದೆ, ಅದು ನಂತರ ಅವನ ಬರವಣಿಗೆಗೆ ಪ್ರಭಾವ ಬೀರಿತು.
"
"His paternal grandmother, Catherine of Austria, was regent for Sebastian from 1557 to 1562.
","ಅವರ ತಂದೆಯ ಅಜ್ಜ, ಕ್ಯಾಥರೀನ್ ಆಫ್ ಆಸ್ಟ್ರಿಯಾ 1557 ರಿಂದ 1562 ರವರೆಗೆ ಸೆಬಾಸ್ಟಿಯನ್ಗೆ ರಾಜಪ್ರತಿನಿಧಿಯಾಗಿತ್ತು.
"
"However, my grandmother is still alive.
","ಆದಾಗ್ಯೂ, ನನ್ನ ಅಜ್ಜ ಬದುಕುಳಿದಿದ್ದಾಳೆ.
"
"I also remember a story my grandmother told me.
","ನನಗಿನ್ನೂ ನೆನಪಿದೆ ನನ್ನ ಅಜ್ಜ ಹೇಳಿದ ಕಥೆ.
"
"I am a grandmother and great grandmother!
","ಅಂದ್ರೆ ನಾನು ಅಜ್ಜ ಹಾಗೂ ಮೊಮ್ಮಗ !
"
"I am a grandmother now as well.
","ಈಗ ನಾನೂ ಅಮ್ಮನಾಗಿದ್ದೇನೆ.
"
"I am a grandmother!
","ನಾನು ಒಂದು ರೀತಿ ಅಜ್ಜನ ಅಜ್ಜ!
"
"I am a mother and a grandmother!
","ಅಂದ್ರೆ ನಾನು ಅಜ್ಜ ಹಾಗೂ ಮೊಮ್ಮಗ !
"
"I am a mother and grandmother!
","ಅಂದ್ರೆ ನಾನು ಅಜ್ಜ ಹಾಗೂ ಮೊಮ್ಮಗ !
"
"I am now a grandmother too.
","ಈಗ ನಾನೂ ಅಮ್ಮನಾಗಿದ್ದೇನೆ.
"
"I am so very sorry to hear of your grandmother passing away.
","ನಿಮ್ಮ ಅಜ್ಜ ತಂದೆಯ ಹಾದುಹೋಗುವ ಬಗ್ಗೆ ಕೇಳಲು ನಾನು ತುಂಬಾ ದುಃಖಿತನಾಗಿದ್ದೆ.
"
"I am the students grandmother.
","ನಾನೇ ವಿದ್ಯಾರ್ಥಿಮುಖಂಡ ಅಮ್ಮ.
"
"I am worried about my grandmother's health.
","ಅಮ್ಮನ ಆರೋಗ್ಯದ ಬಗ್ಗೆ ನನಗೆ ಆತಂಕವಾಗುತ್ತಿದೆ.
"
"I am worrying my grandmother's health.
","ಅಮ್ಮನ ಆರೋಗ್ಯದ ಬಗ್ಗೆ ನನಗೆ ಆತಂಕವಾಗುತ್ತಿದೆ.
"
"I can't wait to give it my grandmother for her birthday.
","ನನ್ನ ಅಜ್ಜ-ಮಗಳಿಗೆ ಅವಳ ಜನ್ಮದಿನದಂದು ಅದನ್ನು ನೀಡಲು ನಾನು ಕಾಯಲು ಸಾಧ್ಯವಿಲ್ಲ. ಧನ್ಯವಾದ.
"
"I dedicate this to my loving grandmothers.
","ಇದನ್ನು ನನ್ನ ಪ್ರೀತಿಯ ಇಬ್ಬರು ತಾಯಂದಿರಿಗೆ ಅರ್ಪಿಸುತ್ತೇನೆ.
"
"I didn't have a grandmother.
","ನನಗೆ ಅಜ್ಜ ಇರಲಿಲ್ಲ.
"
"I didn't know that grandmother.
","ನಾನು ಮಮ್ಮಾ ಅಂದದ್ದೂನಿಂಗೆ ಗೊತ್ತಾಗಿರಲಿಲ್ಲ.
"
"I didn't see my grandmother.
","ನಾನು ಅಜ್ಜನನ್ನು ನೋಡಿಲ್ಲ.
"
"I don't have a grandmother.
","ನನಗೆ ಅಜ್ಜ ಇರಲಿಲ್ಲ.
"
"I don't know my grandmother's name.
","ಅಜ್ಜನ ಹೆಸರು ಮೊಮ್ಮಗನಿಗೆ ಗೊತ್ತಿಲ್ಲ.
"
"I don't remember the food my grandmother made.
","ಅಮ್ಮನ ಕೈಯಿಂದ ತಯಾರಿಸಿದ ಊಟ ನನಗೆ ನೆನಪಿಲ್ಲ.
"
"I go to my grandmother's house every year.
","ಅಜ್ಜನ ಮನೆಗೆ ಪ್ರತೀ ವರ್ಷದಂತೆ ಹೋಗಿದ್ದೆ.
"
"I have had discussions about this with my mother and my grandmother.
","ಆ ಬಗ್ಗೆ ನನ್ನ ತಾಯಿ ಹಾಗೂ ಚಿಕ್ಕಮ್ಮನೊಂದಿಗೆ ಚರ್ಚಿಸಿದೆ.
"
"I haven't been to my grandmother's lately.
","ಇತ್ತೀಚಿನ ದಿನಗಳಲ್ಲಿ ನಾನಂತೂ ಅಜ್ಜನ ಮನೆಗೆ ಹೋಗಿಲ್ಲ.
"
"I learned to cook from hanging out in the kitchen with my mother and my grandmother.
","ನಿತ್ಯ ಮನೆಯಲ್ಲಿ ತಾಯಿ, ಅಕ್ಕನ ಜೊತೆ ಕೂಡಿ ಅಡುಗೆ ಮಾಡುವುದನ್ನು ಕಲಿತಿದ್ದೆ.
"
"I learned to cook in the kitchen with my grandmother and mother.
","ನಿತ್ಯ ಮನೆಯಲ್ಲಿ ತಾಯಿ, ಅಕ್ಕನ ಜೊತೆ ಕೂಡಿ ಅಡುಗೆ ಮಾಡುವುದನ್ನು ಕಲಿತಿದ್ದೆ.
"
"I love your grandmother's in particular.
","ಅದರಲ್ಲೂ ನನಗೆ ಅಜ್ಜನಲ್ಲಿ ವಿಶೇಷ ಪ್ರೀತಿ.
"
"I miss my grandmother a lot lately.
","ಇತ್ತೀಚೆಗೆ ನನಗೆ ಅಮ್ಮನ ನೆನಪು ಬಹಳ ಕಾಡುತ್ತಿದೆ.
"
"I remember both my grandmothers.
","ನನಗೆ ನನ್ನ ಅಮ್ಮ,ಅತ್ತೆ ಇಬ್ಬರು ನೆನಪಾದರು.
"
"I remember both of my grandmothers.
","ನನಗೆ ನನ್ನ ಅಮ್ಮ,ಅತ್ತೆ ಇಬ್ಬರು ನೆನಪಾದರು.
"
"I remember my grandmother telling about it.
","ಆಗ ಅಜ್ಜ ಅದರ ಬಗ್ಗೆ ಹೇಳುತ್ತಿದ್ದುದು ನೆನಪಾಯಿತು.
"
"I started to learn the art of cooking at home with my mother and my grandmother.
","ನಿತ್ಯ ಮನೆಯಲ್ಲಿ ತಾಯಿ, ಅಕ್ಕನ ಜೊತೆ ಕೂಡಿ ಅಡುಗೆ ಮಾಡುವುದನ್ನು ಕಲಿತಿದ್ದೆ.
"
"I take care of my grandmother.
","ಅಜ್ಜನನ್ನು ನಾನು ನೋಡಿಕೊಳ್ಳುತ್ತೇನೆ.
"
"I talked about it to my mother and grandmother.
","ಆ ಬಗ್ಗೆ ನನ್ನ ತಾಯಿ ಹಾಗೂ ಚಿಕ್ಕಮ್ಮನೊಂದಿಗೆ ಚರ್ಚಿಸಿದೆ.
"
"I was a grandmother at 37 years old.
","""""""ನಾನು 37 ನೇ ವಯಸ್ಸಿನಲ್ಲಿ ತಾಯಿಯಾದೆ.""
"
"I was sitting next to the grandmother.
","ನಾನು ಅಜ್ಜನಿಗೆ ತಾಗಿಕೊಂಡೇ ಕುಳಿತಿದ್ದೆ.
"
"I withdrew from school and took care of my grandmother.
","ಶಾಲೆ ತಪ್ಪಿಸಿಕೊಂಡು ನನ್ನ ದೊಡ್ಡಮ್ಮನ ಬಳಿ ಬೈಯಿಸಿಕೊಂಡಿದ್ದೆ.
"
"I wrote my grandmother a poem for mother's day.
","ತಾಯಿಯ ದಿನದಂದು ನಾನು ಒಂದು ಕವಿತೆ ಬರೆದಿದ್ದಾರೆ.
"
"I'm a grandmother!
","ನಾನು ಒಂದು ರೀತಿ ಅಜ್ಜನ ಅಜ್ಜ!
"
"I'm a mother & grandmother!
","ಅಂದ್ರೆ ನಾನು ಅಜ್ಜ ಹಾಗೂ ಮೊಮ್ಮಗ !
"
"I'm a mother and grandmother!
","ಅಂದ್ರೆ ನಾನು ಅಜ್ಜ ಹಾಗೂ ಮೊಮ್ಮಗ !
"
"I'm now a grandmother too.
","ಈಗ ನಾನೂ ಅಮ್ಮನಾಗಿದ್ದೇನೆ.
"
"In addition to the fact that now everyone has a tiny miracle, every member of the family also received a new status: the wife became a mother, the husband became a father, the sisters became aunts, the brothers - uncles, the popes - grandparents, moms - grandmothers.
","ಎಲ್ಲಾ ನಂತರ, ಆ ಹೊರತುಪಡಿಸಿ ಈಗ ನಾವು ಎಲ್ಲಾ ಸಣ್ಣ ಪವಾಡ ಹೊಂದಿವೆ, ಮತ್ತು ಕುಟುಂಬದ ಸದಸ್ಯರು ಹೊಸ ಸ್ಥಾನಮಾನ ಗಳಿಸಿವೆಃ ಒಂದು ಮಹಿಳೆ ತಾಯಿ, ಗಂಡ ಆಯಿತು - ಚಿಕ್ಕಪ್ಪ, ತಂದೆ - - ಪಿತಾಮಹರು, ತಾಯಂದಿರು - Grandmothers ಅಪ್ಪ, ಸಹೋದರಿಯರು ಚಿಕ್ಕಮ್ಮಂದಿರೊಂದಿಗೆ, ಸಹೋದರರು ಆಗಲು.
"
"It is always a pleasure to see your grandmother.
","ಯಾವಾಗಲೂ ನನ್ನಜ್ಜನನ್ನು ನೋಡುವುದೇ ಒಂದು ಖುಷಿ.
"
"It is always great to see my grandmother.
","ಯಾವಾಗಲೂ ನನ್ನಜ್ಜನನ್ನು ನೋಡುವುದೇ ಒಂದು ಖುಷಿ.
"
"John's grandmother died after a long illness.
","ತಂದೆಯ ಜಾನ್ ಒಂದು ಸುದೀರ್ಘವಾದ ಕಾಯಿಲೆಯ ನಂತರ ನಿಧನರಾದರು.
"
"John's grandmother passed away after a long illness.
","ತಂದೆಯ ಜಾನ್ ಒಂದು ಸುದೀರ್ಘವಾದ ಕಾಯಿಲೆಯ ನಂತರ ನಿಧನರಾದರು.
"
"Many parents are interested in this, and even more - grandmothers.
","ಅನೇಕ ಹೆತ್ತವರು ಇದನ್ನು ಆಸಕ್ತರಾಗಿರುತ್ತಾರೆ, ಮತ್ತು ಇನ್ನಷ್ಟು - ಅಮ್ಮಂದಿರು.
"
"Mark twain said, india is the cradle of the human race, the birthplace of human speech, the mother of history, the grandmother of legend, and the great grand mother of tradition our most valuable and most instructive materials in the history of man are treasured up in india only few countries.
","""ಮಾರ್ಕ್ ಟ್ವೈನ್, ಅಮೇರಿಕನ್ ಲೇಖಕಃ """"ಭಾರತ ಮಾನವ ಜನಾಂಗದ ತೊಟ್ಟಿಲು, ಮಾನವ ಭಾಷೆಯ ಜನ್ಮಸ್ಥಳ, ಇತಿಹಾಸದ ತಾಯಿ, ದಂತಕಥೆಯ ಅಜ್ಜ, ಮತ್ತು ಸಂಪ್ರದಾಯದ ಮುತ್ತಜ್ಜಿಯವರು ಇತಿಹಾಸದಲ್ಲಿ ನಮ್ಮ ಅತ್ಯಂತ ಬೆಲೆಬಾಳುವ ಮತ್ತು ಹೆಚ್ಚು ಬೋಧಪ್ರದ ವಸ್ತುಗಳು ಮನುಷ್ಯನ ಮಾತ್ರ ಭಾರತದಲ್ಲಿ ಅಮೂಲ್ಯವಾಗಿದೆ.""
"
"Maybe it's my grandmother.
","ಬಹುಶಃ ಇದು ಮೊಮ್ಮಗಳು ನನ್ನ ಅಜ್ಜ ಇಲ್ಲಿದೆ.
"
"Modern women are different from their great grandmothers.
","ಆಧುನಿಕ ಮಹಿಳೆಯರು ತನ್ನ ಪೂರ್ವಜರು ಗಣನೀಯವಾಗಿ ಭಿನ್ನವಾಗಿರುತ್ತವೆ.
"
"Most of my childhood was spent at my maternal grandmother's house.
","ನನ್ನ ಬಾಲ್ಯದ ಬಹುತೇಕ ದಿನಗಳೆಲ್ಲ ಕಳೆದದ್ದು ಅಜ್ಜನ ಮನೆಯಲ್ಲಿ.
"
"Mother and grandmothers
","ಅಜ್ಜ ಮತ್ತು ಮೊಮ್ಮಗಳು
"
"Murillo seldom used his father's surname, and instead took his surname from his maternal grandmother, Elvira Murillo.
","ಮುರಿಲ್ಲೋ ತನ್ನ ತಂದೆಯ ಉಪನಾಮವನ್ನು ಅಪರೂಪವಾಗಿ ಬಳಸಿದರು,ಮತ್ತು ಅವನ ತಾಯಿಯ ಅಜ್ಜ, ಎಲ್ವಿರಾ ಮುರಿಲ್ಲೊನಿಂದ ಅವನ ಉಪನಾಮವನ್ನು ತೆಗೆದುಕೊಂಡರು.
"
"My children are her grandmother.
","ಅವಳ ಮಕ್ಕಳು ಮೊಮ್ಮಕ್ಕಳೇ ನನಗೆಲ್ಲಾ.
"
"My daughter is his grandmother.
","ಅವಳ ಮಗಳು ಅಂದರೆ ನನಗೆ ಮೊಮ್ಮಗಳು.
"
"My grandfather's sister married my grandmother's brother.
","ನನ್ನ ತಾಯಿಯ ಅಕ್ಕ ಅಂದರೆ ನನ್ನ ದೊಡ್ಡಮ್ಮ ನನ್ನ ಅಕ್ಕನನ್ನು ಸೋದರ ಮಾವನ ಮಗನಿಗೆ ಕೊಟ್ಟು ಮದುವೆ ಮಾಡಿದರು.
"
"My grandmother also died recently.
","ಇತ್ತೀಚೆಗಷ್ಟೇ ನನ್ನ ಅಜ್ಜ ಸಹ ತೀರಿಕೊಂಡರು.
"
"My grandmother and grandfather were married for nearly 50 years.
","ಅಜ್ಜ ಮತ್ತು ಅಮ್ಮಮ್ಮನದು ಸುಮಾರು ಐವತ್ತೇಳು ವರ್ಷಗಳ ಸುದೀರ್ಘ ದಾಂಪತ್ಯ .
"
"My grandmother and grandfather's sisters and brothers died before I was born.
","ತನ್ನ ಮಲ ಅಣ್ಣ ಮತ್ತು ಸಹೋದರಿಯನ್ನು ನನ್ನ ತಂದೆ ನಾನು ಹುಟ್ಟುವುದಕ್ಕೆ ಮೊದಲೇ ಕೊಲೆ ಮಾಡಿದ್ದರು.
"
"My grandmother and mother were in this category.
","ನನ್ನ ತಾಯಿ, ದೊಡ್ಡಮ್ಮ ಇದೇ ವೃತ್ತಿಯಲ್ಲಿದ್ದರು.
"
"My grandmother couldn't read or write.
","ನನ್ನಜ್ಜಿಗೆ ಬರೆಯಲು ಓದಲು ಬರುತ್ತಿರಲಿಲ್ಲ.
"
"My grandmother couldn't read.
","ನನ್ನಜ್ಜಿಗೆ ಬರೆಯಲು ಓದಲು ಬರುತ್ತಿರಲಿಲ್ಲ.
"
"My grandmother died 26 years ago today.
","ಅಮ್ಮ ನನ್ನ ಬಿಟ್ಟುಹೋಗಿ ಇಂದಿಗೆ 26ವರ್ಷ!
"
"My grandmother died a few weeks ago.
","ಅಜ್ಜ ಕೆಲವಾರಗಳ ಹಿಂದೆ ನಿಧನರಾದರು.
"
"My grandmother died in the late 90's.
","ನನ್ನ ತಾಯಿ 80 ರ ದಶಕದ ಅಂತ್ಯದಲ್ಲಿದ್ದಳು.
"
"My grandmother died on May 9.
","ಮೇ 9ರಂದು ಅಮ್ಮ ಅಸುನೀಗಿದರು.
"
"My grandmother died recently as well.
","ಇತ್ತೀಚೆಗಷ್ಟೇ ನನ್ನ ಅಜ್ಜ ಸಹ ತೀರಿಕೊಂಡರು.
"
"My grandmother encouraged my sister and I to play outside.
","ಮಾಮ್ ನನ್ನ ಅಕ್ಕ ಮತ್ತು ನನ್ನನ್ನು ಹೊರಗೆ ಆಡಲು ಪ್ರೋತ್ಸಾಹಿಸುತ್ತಿದ್ದರು.
"
"My grandmother followed him.
","ಅಮ್ಮ ಅವನ್ನನ್ನು ಹಿಂಬಾಲಿಸಿದರು.
"
"My grandmother got married to him 8 years ago.
","ಆಕೆಯ ತಂದೆ 8 ತಿಂಗಳ ಹಿಂದೆ ಆಕೆಯನ್ನು ಮದುವೆ ಮಾಡಿಕೊಟ್ಟಿದ್ದಾರೆ.
"
"My grandmother had 15 children.
","ನಮ್ಮ ಅಜ್ಜಂದಿರಿಗೆ 15 ಮಕ್ಕಳಿದ್ದರು.
"
"My grandmother had a plan.
","ಅಮ್ಮನೇ ಒಂದು ಪ್ಲಾನ್ ಮಾಡಿದ್ದಾರೆ.
"
"My grandmother had an amazing memory.
","ಅಮ್ಮನಿಗೆ ತೀವ್ರ ಮೊನಚಾದ ಜ್ಞಾಪಕ ಶಕ್ತಿ ಇತ್ತು.
"
"My grandmother had both.
","ಅಜ್ಜನಿಗೆ ಇವೆರಡೂ ಇದ್ದುವು.
"
"My grandmother had only two children; my mother and her elder brother.
","ನಮ್ಮ ಅಜ್ಜನಿಗೆ ಇದ್ದಿದ್ದು ಇಬ್ಬರು ಹೆಣ್ಣು ಮಕ್ಕಳು ಮಾತ್ರ ನನ್ನ ಅಮ್ಮ ಚಿಕ್ಕವರು ನನ್ನ ದೊಡ್ಡಮ್ಮ ಶ್ರೀ ಮತಿ ಗೌರಮ್ಮ ದೊಡ್ಡಮಗಳು
"
"My grandmother had these both as well.
","ಅಜ್ಜನಿಗೆ ಇವೆರಡೂ ಇದ್ದುವು.
"
"My grandmother has gone now.
","ಅಜ್ಜ ಈಗ ಹೊರಟರು.
"
"My grandmother is 101 years old.
","ಈ ಅಜ್ಜನಿಗೆ 101 ವರ್ಷ ವಯಸ್ಸು.
"
"My grandmother is 74 years old .
","ಆತ 74 ವರ್ಷದ ಅಜ್ಜ.
"
"My grandmother is 74 years old.
","ಆತ 74 ವರ್ಷದ ಅಜ್ಜ.
"
"My grandmother is 83 years old and is in good health.
","ಇದೀಗ ನನ್ನ ಅಮ್ಮನಿಗೆ ಸುಮಾರು 83 ವರ್ಷವಾಗಿದ್ದು, ಆರೋಗ್ಯವಾಗಿದ್ದಾರೆ.
"
"My grandmother is a VERY religious person.
","ನನ್ನಜ್ಜಿ ಬಹಳ ಧಾರ್ಮಿಕ ವ್ಯಕ್ತಿ.
"
"My grandmother is an 80 year old lady.
","ನನ್ನ ಅಮ್ಮ 80ರ ಹರಯದ ಹುಡುಗಿ.
"
"My grandmother is an example.
","ನನ್ನಜ್ಜಿಯೇ ಅದಕ್ಕೊಂದು ಉದಾಹರಣೆ.
"
"My grandmother is as old as the hills.
","ನನ್ನ ಚಿಕ್ಕಮ್ಮ ಬೆಟ್ಟಗಳಷ್ಟು ಹಳೆಯದು.
"
"My grandmother is currently living in her large home alone.
","ಈಗ ನನ್ನ ಪತ್ನಿ ಒಬ್ಬಂಟಿಯಾಗಿ ನಮ್ಮ ಹಿರಿಯರ ದೊಡ್ಡ ಮನೆಯಲ್ಲಿ ಇದ್ದಾಳೆ.
"
"My grandmother is my mother, she's everything to me.
","ಅವಳಿಗೆ ತಾಯಿ, ಅಕ್ಕ ಎಲ್ಲವೂ ನಾನೇ.
"
"My grandmother is named Victoria.
","ಈ ಮಹಾ ತಾಯಿಯ ಹೆಸರು ವಿಕ್ಟೋರಿಯಾ.
"
"My grandmother isn't alive now.
","ಈಗ ಅಜ್ಜ ಬದುಕಿಲ್ಲ.
"
"My grandmother lived for 96 years.
","ತಾನ್ಯಾಃ ನಮ್ಮ ತಾತ 96 ವರ್ಷ ಬದುಕಿದ್ದರು.
"
"My grandmother lived through both wars.
","ನನ್ನ ಅಜ್ಜ ಎರಡೂ ವಿಶ್ವ ಯುದ್ಧಗಳ ಮೂಲಕ ವಾಸಿಸುತ್ತಿದ್ದರು.
"
"My grandmother looked at her.
","ಮೊಮ್ಮಗ ಅವಳತ್ತಲೇ ನೋಡುತ್ತಿದ್ದ.
"
"My grandmother lost her father.
","ನನ್ನ ಮೊಮ್ಮಗಳು ತಂದೆಯನ್ನು ಕಳೆದುಕೊಂಡಿದ್ದಾಳೆ.
"
"My grandmother lost her husband a long time ago.
","ನನ್ನ ಪತಿ ಬಹಳ ಹಿಂದೆಯೇ ತನ್ನ ಅಜ್ಜನನ್ನು ಕಳೆದುಕೊಂಡನು.
"
"My grandmother loved to tell this story.
","ನನ್ನ ಅಮ್ಮನಿಗೆ ಈ ಸ್ಟೋರಿ ಹೇಳಿದಾಗ ಬಹಳ ಇಷ್ಟಪಟ್ಟರು.
"
"My grandmother only finished primary school.
","ನಮ್ಮ ಅಜ್ಜ ಪ್ರಾಥಮಿಕ ಶಾಲೆ ಮಾತ್ರ ಮುಗಿಸಿದ್ದರು.
"
"My grandmother owned two houses.
","ಆದರೂ ನನ್ನ ಅಜ್ಜ ಎರಡು ಮನೆಗಳನ್ನು ತನ್ನದಾಗಿಸಿಕೊ೦ಡ.
"
"My grandmother passed away in the late 80's.
","ನನ್ನ ತಾಯಿ 80 ರ ದಶಕದ ಅಂತ್ಯದಲ್ಲಿದ್ದಳು.
"
"My grandmother passed away when I was in the eighth grade.
","ನಮ್ಮ ಅಜ್ಜ ನಾನು ಎಂಟನೇ ತರಗತಿಯಲ್ಲಿದ್ದಾಗ ತೀರಿಹೋದರು.
"
"My grandmother passed away, when I was 11 years old.
","ಅಜ್ಜ ನಾನು 11 ವರ್ಷದವಳಿರಬೇಕಾದರೆ ತೀರಿಕೊಂಡರು.
"
"My grandmother recently celebrated her 80th birthday.
","ಹಿರಿಯ ನಟಿಯ ತಾಯಿ ಇತ್ತೀಚೆಗಷ್ಟೇ ತಮ್ಮ 80ನೇ ವರ್ಷದ ಹುಟ್ಟುಹಬ್ಬವನ್ನು ಆಚರಿಸಿಕೊಂಡಿದ್ದರು.
"
"My grandmother recently passed away as well.
","ಇತ್ತೀಚೆಗಷ್ಟೇ ನನ್ನ ಅಜ್ಜ ಸಹ ತೀರಿಕೊಂಡರು.
"
"My grandmother saw something else.
","ಅಮ್ಮ ನೋಡಿದರೆ ಬೇರೆ ಏನೊ ಹೇಳಿದರು.
"
"My grandmother still tells the story.
","ಅಮ್ಮ ಈಗಲೂ ಕಥೆ ಹೇಳುತ್ತಾರೆ.
"
"My grandmother told me a story.
","ನನ್ನಜ್ಜಿ ನನಗೊಂದು ಕಥೆ ಹೇಳಿದ್ದಳು.
"
"My grandmother took care of us during that time.
","ಅಂತಹ ಸಮಯದಲ್ಲಿ ಅಮ್ಮನೇ ನಮ್ಮನ್ನು ಪಾಲನೆ ಮಾಡಿದಳು.
"
"My grandmother used to sing it when I was a kid.
","ನನ್ನ ಅಜ್ಜ ನಾನು ಚಿಕ್ಕವಳಿದ್ದಾಗ ಇದನ್ನು ಹಾಡಿ ನನ್ನನ್ನು ನಗಿಸುತ್ತಿದ್ದರು.
"
"My grandmother used to sing that song to me when I was a child.
","ನನ್ನ ಅಜ್ಜ ನಾನು ಚಿಕ್ಕವಳಿದ್ದಾಗ ಇದನ್ನು ಹಾಡಿ ನನ್ನನ್ನು ನಗಿಸುತ್ತಿದ್ದರು.
"
"My grandmother was 101 years of age.
","ಈ ಅಜ್ಜನಿಗೆ 101 ವರ್ಷ ವಯಸ್ಸು.
"
"My grandmother was a history teacher.
","ನನ್ನ ಅಜ್ಜ ಇತಿಹಾಸದ ಶಿಕ್ಷಕರಾಗಿದ್ದರು.
"
"My grandmother was a school teacher before she married.
","ನನ್ನ ತಾಯಿ ವಿವಾಹಕ್ಕೂ ಮೊದಲು ಶಾಲಾ ಶಿಕ್ಷಕಿಯಾಗಿದ್ದವರು.
"
"My grandmother was also ill.
","ಅಮ್ಮ ಕೂಡ ಖಾಯಿಲೆ ಬಿದ್ದರು.
"
"My grandmother was an important part of my life.
","ನನ್ನ ಅಮ್ಮ ನನ್ನ ಜೀವನ ಮುಖ್ಯ ಭಾಗವಾಗಿದ್ದರು.
"
"My grandmother was born October 22.
","ಅಕ್ಟೋಬರ್ 22ಕ್ಕೆ ಮೊಮ್ಮಗ ಹುಟ್ಟಿದ.
"
"My grandmother was born in Warsaw.
","ನನ್ನ ತಾಯಿ ಜನಿಸಿದ್ದು ವಾರಾಣಸಿಯಲ್ಲೇ.
"
"My grandmother was born in such a house.
","ಇಂತಹ ಮನೆಯಲ್ಲಿ ಮೊಮ್ಮಗಳಾಗಿ ಜನಿಸಿದವಳು ನಾನು.
"
"My grandmother was in the house.
","ಅಜ್ಜ ಮನೆಯೊಳಗಿದ್ದ.
"
"My grandmother was large part of my life.
","ನನ್ನ ಅಮ್ಮ ನನ್ನ ಜೀವನ ಮುಖ್ಯ ಭಾಗವಾಗಿದ್ದರು.
"
"My grandmother was more traditional than my mother.
","ನನ್ನ ತಾಯಿ ನನ್ನ ತಂದೆಗಿಂತ ಹೆಚ್ಚು ಸಂಪ್ರದಾಯಸ್ಥ ಮಡಿವಂತಳು.
"
"My grandmother was much attached to him.
","ಅಜ್ಜ ಅವನಿಗೆ ಬಹಳ ಸೇರುತ್ತಿದ್ದ.
"
"My grandmother was very beautiful.
","ನನ್ನಜ್ಜಿ ಬಹಳ ಸುಂದರವಾಗಿದ್ದಳು
"
"My grandmother was very kind and loving.
","ನನ್ನ ತಾಯಿ ಬಹಳ ರೀತಿಯ ಮತ್ತು ಪ್ರೀತಿಯ ಆಗಿತ್ತು.
"
"My grandmother was very religious.
","ಅಮ್ಮ ತುಂಬಾ ಧಾರ್ಮಿಕಳಾಗಿದ್ದರು.
"
"My grandmother was with me.
","ಮೊಮ್ಮಗಳು ನನ್ನೊಡನೆಯೇ ಇದ್ದಳು.
"
"My grandmother would give me anything I wanted.
","ಏನು ಬೇಕಿದ್ದರೂ ಅಮ್ಮ ದುಡ್ಡು ಕೊಡುತ್ತಿದ್ದರು.
"
"My grandmother wrote a letter today.
","ಅಮ್ಮ ಇಂದು ನನ್ನಿಷ್ಟ ಪತ್ರೊಡೆ ಮಾಡಿಕೊಟ್ಟರು.
"
"My grandmother wrote a lot of poetry and stories.
","ನಮ್ಮ ಅವ್ವ ಸಾಕಷ್ಟು ಕವನ ಹಾಗು ಕತೆಗಳನ್ನು ಬರದು ಇಟ್ಟಿದ್ದಳು.
"
"My grandmother wrote this poem when she was 80.
","ನನ್ನ ತಾಯಿ ಈ ಕವನವನ್ನು ಬರೆದಾಗ ಅವಳಿಗೆ ಎಂಬತ್ತು ವರ್ಷಗಳಾಗಿದ್ದವು.
"
"My grandmother's House!
","ಅಜ್ಜನ ಮನೆ!
"
"My grandmother's birthday is arriving in the next month.
","ಮುಂದಿನ ತಿಂಗಳಲ್ಲಿ ಅಮ್ಮನ ದಿನ ಬರುತ್ತದೆ.
"
"My grandmother's death!
","ಅಜ್ಜನ ಸಾವು!
"
"My grandmother's fairly easy.
","ಅಮ್ಮ ಸಾಕಷ್ಟು ಸುಲಭವಾಗಿ.
"
"My grandmother's family lived there.
","ದೊಡ್ಡಮ್ಮನ ಸಂಸಾರ ಅಲ್ಲಿ ವಾಸವಾಗಿತ್ತು.
"
"My grandmother's father worked there as well.
","ನನ್ನ ಅಜ್ಜ,ಮುತ್ತಜ್ಜ ಕೂಡ ಅಲ್ಲಿಯೇ ಕೆಲಸ ಮಾಡಿದ್ದರಂತೆ.
"
"My grandmother's house is big.
","ಅಣ್ಣನ ಮನೆ ದೊಡ್ಡದು.
"
"My grandmother's house was enormous.
","ಅಜ್ಜನ ಮನೆ ತುಂಬಾ ದೊಡ್ಡದಿತ್ತು.
"
"My grandmother's house was huge.
","ಅಜ್ಜನ ಮನೆ ತುಂಬಾ ದೊಡ್ಡದಿತ್ತು.
"
"My grandmother's house!
","ಅಜ್ಜನ ಮನೆ!
"
"My grandmother's name is Victoria.
","ಈ ಮಹಾ ತಾಯಿಯ ಹೆಸರು ವಿಕ್ಟೋರಿಯಾ.
"
"My grandmother, my uncles, my cousins, everyone saw it.
","ನನ್ನಮ್ಮ, ನನ್ನವಳು, ನನ್ನಪುಟ್ಟಿ ಎಲ್ಲರೂ ಕಾಣಿಸಿದರು.
"
"My grandmother, she was a wonderful storyteller.
","ಅಮ್ಮ, ಅವಳೇ ಅದ್ಭುತ ಕತೆಗಾರ್ತಿಯಾಗಿದ್ದಳು.
"
"My grandmothers both had them.
","ಅಜ್ಜನಿಗೆ ಇವೆರಡೂ ಇದ್ದುವು.
"
"My grandmothers lived through both World Wars.
","ನನ್ನ ಅಜ್ಜ ಎರಡೂ ವಿಶ್ವ ಯುದ್ಧಗಳ ಮೂಲಕ ವಾಸಿಸುತ್ತಿದ್ದರು.
"
"My great grandmother was also a doctor.
","ನನ್ನ ಅಜ್ಜ ಸಹ ವೈದ್ಯರು.
"
"My great grandmother, my grandfather also worked there.
","ನನ್ನ ಅಜ್ಜ,ಮುತ್ತಜ್ಜ ಕೂಡ ಅಲ್ಲಿಯೇ ಕೆಲಸ ಮಾಡಿದ್ದರಂತೆ.
"
"My mom and grandmother were the biggest influences in my life.
","ತಾಯಿ ಮತ್ತು ಅಕ್ಕ ನನ್ನ ಜೀವನದಲ್ಲಿ ಬಹಳ ಮುಖ್ಯ ವ್ಯಕ್ತಿಗಳು.
"
"My mother and grandmother were at home.
","ಅಜ್ಜ ಹಾಗೂ ದೊಡ್ಡಮ್ಮನ ಮನೆಯಲ್ಲಿದ್ದಳು.
"
"My mother and grandmother were in the house.
","ಅಜ್ಜ ಹಾಗೂ ದೊಡ್ಡಮ್ಮನ ಮನೆಯಲ್ಲಿದ್ದಳು.
"
"My mother, grandmother and I were all cooking dinner together.
","ನಾನು, ಅಪ್ಪ, ಅಮ್ಮ, ತಮ್ಮ ಎಲ್ಲರೂ ಒಟ್ಟಿಗೆ ಕೂತ ಊಟ ಮಾಡ್ತೀವಿ.
"
"My younger sister was seriously hurt and my dad and grandmother were killed.
","ನನ್ನ ಚಿಕ್ಕಪ್ಪನನ್ನು ಹತ್ಯೆ ಮಾಡಲಾಯಿತು, ನನ್ನ ಚಿಕ್ಕಮ್ಮ ಮತ್ತು ನನ್ನ ಸೋದರಸಂಬಂಧಿಗಳಿಗೆ ತೀವ್ರವಾದ ಗಾಯಗಳಾಗಿವೆ.
"
"Not only the grandmother.
",". ಬರೀ ಅಮ್ಮನಿಗಲ್ಲ.
"
"One day her aunt came to her grandmother's home.
","ಒಂದು ದಿನ ಪುಟ್ಟನ ಅಜ್ಜ ಅವರ ಮನೆಗೆ ಬಂದಿದ್ದರು.
"
"One day, her grandmother died.
","ಕಡೆಗೊಂದು ದಿನ ಅಜ್ಜ ತೀರಿ ಹೋದರು.
"
"One day, the grandmother died.
","ಕಡೆಗೊಂದು ದಿನ ಅಜ್ಜ ತೀರಿ ಹೋದರು.
"
"One of my grandmothers passed away in 1984.
","ಸಹೋದರರಲ್ಲಿ ಒಬ್ಬರು 1984 ರಲ್ಲಿ ನಿಧನರಾದರು.
"
"Only weeks after Louis' birth, Willie left Mary Ann and Louis was placed in the care of his grandmother, Josephine Armstrong.
","ಲೂಯಿಸ್ ಹುಟ್ಟಿದ ಕೆಲವೇ ವಾರಗಳ ನಂತರ, ವಿಲ್ಲೀ ಮಾಯಾನ್ಳನ್ನು ತೊರೆದರು ಮತ್ತು ಲೂಯಿಸ್ ಅವರ ಅಜ್ಜ, ಜೋಸೆಫೀನ್ ಆರ್ಮ್ಸ್ಟ್ರಾಂಗ್ ನ ಕಾಳಜಿಯಲ್ಲಿ ಇರಿಸಲಾಯಿತು.
"
"Our grandmothers used this method.
","ಈ ವಿಧಾನವನ್ನು ನಮ್ಮ ದೂರದ ಪೂರ್ವಜರು ಬಳಸುತ್ತಿದ್ದರು.
"
"Photo of grandmother is on the table.
","ಮೇಜಿನ ಮೇಲೆ ಮೊಮ್ಮಕ್ಕಳ ಭಾವಚಿತ್ರಗಳು.
"
"Police say the grandmother was at her home with her grandson.
","ಆಕೆ ತನ್ನ ಅತ್ತೆ-ಮಾವನ ಮನೆಯಲ್ಲಿ ವಾಸಿಸುತ್ತಿದ್ದಳು ಎಂದು ಪೊಲೀಸರು ತಿಳಿಸಿದ್ದಾರೆ.
"
"Queen Victoria's grandmother
","ರಾಣಿ ವಿಕ್ಟೋರಿಯಾಳ ಮೊಮ್ಮಗಳು
"
"Ratan Tata was raised by his grandmother as his parents separated when he was merely 10 years old.
","ರತನ್ ಟಾಟಾ ಅವರು ಹುಟ್ಟಿನಿಂದ ಅಪ್ಪ ಅಮ್ಮನ ಜೊತೆ ಅಷ್ಟಾಗಿ ಇದ್ದವರಲ್ಲ ಏಕೆಂದರೆ ರತನ್ ಟಾಟಾರವರು ಹತ್ತು ವರ್ಷ ವಯಸ್ಸಿನ ಆಗಲೇ ತಂದೆ-ತಾಯಿ ವಿಚ್ಛೇದನವನ್ನು ಪಡೆದುಕೊಂಡಿದ್ದರು.
"
"Shayla is 20 years old and lives with her grandmother.
","ಸಿದ್ದುಗೆ ವಯಸ್ಸು 20, ಅವನ ಅಮ್ಮ ಪರಿಮಳ ಜೊತೆ ವಾಸಿಸುತ್ತಿದ್ದ.
"
"She ain't our grandmother.
","ನಿಜಕ್ಕೂ ಅವಳು ನಮ್ಮ ಮೊಮ್ಮಗಳಲ್ಲ.
"
"She included references to the accomplishments of a number of women, including her influential grandmother Anna Dalassena.
","ಆಕೆಯ ಅಜ್ಜ, ಅನ್ನಾ ದಲಾಸ್ಸೇನಾ ಸೇರಿದಂತೆ ಹಲವು ಮಹಿಳೆಯರ ಸಾಧನೆಗಳ ಕುರಿತು ಉಲ್ಲೇಖಗಳನ್ನು ಅವರು ಒಳಗೊಂಡಿತ್ತು.
"
"She is the Queen and the groom's grandmother.
","ಅಪ್ಪುಃ ಇವಳು ರಾಜ ಮತ್ತು ರಾಣಿಯ ಮೊಮ್ಮಗಳು.
"
"She lives with her grandmother, parents and older brother.
","ಆಕೆ ತನ್ನ ತಾಯಿ, ಹಿರಿಯ ಸಹೋದರ ಮತ್ತು ಅಜ್ಜನ ಜತೆ ಜತೆ ವಾಸವಾಗಿದ್ದಾಳೆ.
"
"She was a grandmother at the time.
","ಆ ಗಳಿಗೆಗಳಲ್ಲಿ ಆಕೆಗೆ ಅಮ್ಮನಾಗಿದ್ದೆ.
"
"She was the grandmother of Queen Victoria.
","ಈತ ವಿಕ್ಟೋರಿಯಾ ರಾಣಿಯ ಮೊಮ್ಮಗನಾಗಿದ್ದ.
"
"She's not actually my grandmother.
","ನಿಜಕ್ಕೂ ಅವಳು ನಮ್ಮ ಮೊಮ್ಮಗಳಲ್ಲ.
"
"Some grandmothers to ask questions about whether grapes can be given to nursing mothers answer quite simply: everything is useful if you know a sense of proportion.
","ದ್ರಾಕ್ಷಿಯನ್ನು ತಾಯಂದಿರಿಗೆ ಶುಶ್ರೂಷೆ ಮಾಡಬಹುದೆ ಎಂದು ಕೇಳಲು ಕೆಲವು ಅಮ್ಮಂದಿರು ಸರಳವಾಗಿ ಉತ್ತರಿಸುತ್ತಾರೆಃ ನಿಮಗೆ ಅನುಪಾತದ ಅರ್ಥವನ್ನು ತಿಳಿದಿದ್ದರೆ ಎಲ್ಲವೂ ಉಪಯುಕ್ತವಾಗಿದೆ.
"
"Some scholars conclude that Cleopatra's paternal grandmother, mother of Ptolemy XII, was not Cleopatra IV, but was a concubine.
","ಕ್ಲಿಯೋಪಾತ್ರಳ ತಂದೆಯ ತಂದೆಯ ಅಜ್ಜ, ಪ್ಟೋಲೆಮಿ XII ನ ತಾಯಿ, ಕ್ಲಿಯೋಪಾತ್ರ IV ಆಗಿರಲಿಲ್ಲ, ಆದರೆ ಒಂದು ಉಪಪತ್ನಿಯೆಂದು ಕೆಲವು ವಿದ್ವಾಂಸರು ತೀರ್ಮಾನಿಸಿದ್ದಾರೆ.
"
"That night my grandmother could not sleep.
","ಅಂದು ರಾತ್ರಿ ವಯಸ್ಸಾದ ಆ ತಾಯಿಗೆ ನಿದ್ದೆಯೇ ಬರಲಿಲ್ಲ.
"
"The Ohio woman facing criminal charges connected to a fight inside a McDonald's that stemmed from her anger about a slushy order pleaded guilty in 2014 to a separate attack on her grandmother.
","ಮೆಕ್ಡೊನಾಲ್ಡ್ಸ್ನೊಳಗಿನ ಜಗಳಕ್ಕೆ ಸಂಬಂಧಿಸಿದ ಕ್ರಿಮಿನಲ್ ಆರೋಪಗಳನ್ನು ಎದುರಿಸುತ್ತಿರುವ ಓಹಿಯೋ ಮಹಿಳೆ 2014 ರಲ್ಲಿ ತನ್ನ ಅಜ್ಜನ ಮೇಲೆ ಪ್ರತ್ಯೇಕ ದಾಳಿಗೆ ತಪ್ಪೊಪ್ಪಿಕೊಂಡಳು. . . .
"
"The author's father and grandmother
","ಮಹಾನ್ ಬರಹಗಾರನ ತಂದೆ ಮತ್ತು ತಾಯಿ
"
"The boys love grandmothers.
","ಮಕ್ಕಳಿಗೆ ಅಜ್ಜನಲ್ಲಿ ಪ್ರೀತಿ.
"
"The children are now being cared for by their grandmother.
","ಈಗ ಮಕ್ಕಳು ಮೊಮ್ಮಕ್ಕಳು ನೋಡಿಕೊಳ್ಳುತ್ತಿದ್ದಾರೆ.
"
"The children are now living safely with their grandmother.
","ಈಗ ಮಕ್ಕಳು ಮೊಮ್ಮಕ್ಕಳೊಂದಿಗೆ ಸುಖಸಂಸಾರ ನಡೆಸುತ್ತಿದ್ದಾರೆ.
"
"The children are now staying with their grandmother.
","ಈಗ ಮಕ್ಕಳು ಮೊಮ್ಮಕ್ಕಳೊಂದಿಗೆ ಸುಖಸಂಸಾರ ನಡೆಸುತ್ತಿದ್ದಾರೆ.
"
"The children are now with their grandmother.
","ಈಗ ಮಕ್ಕಳು ಮೊಮ್ಮಕ್ಕಳೊಂದಿಗೆ ಸುಖಸಂಸಾರ ನಡೆಸುತ್ತಿದ್ದಾರೆ.
"
"The exchanged enslaved people were Boy Willie's grandfather (who was only nine years old at the time) and great grandmother (after whom Berniece was named).
","ವಿನಿಮಯಗೊಂಡ ಗುಲಾಮರು ಬಾಯ್ ವಿಲ್ಲಿಯವರ ಅಜ್ಜರಾಗಿದ್ದರು (ಇವರು ಕೇವಲ 9 ವರ್ಷ ವಯಸ್ಸಾಗಿತ್ತು) ಮತ್ತು ಮುತ್ತಜ್ಜಿಯವರಾಗಿದ್ದರು (ಇವರ ನಂತರ ಬರ್ನಿಸ್ಸೆ ಹೆಸರಿಸಲಾಯಿತು).
"
"The grandmother died five years ago.
","ಆ ಅಜ್ಜ ಐದಾರು ವರ್ಷಗಳ ಹಿಂದೆ ತೀರಿಕೊಂಡರು.
"
"The grandmother looked at the girl.
","ಅಜ್ಜ ಆ ಹೆಣ್ಣನ್ನು ನೋಡಿದರು.
"
"The grandmother of his father was JW Maxwell, who became the national bank president.
","ಆಕೆಯ ತಂದೆ ಜೆ. ಡಬ್ಲ್ಯು. ಮ್ಯಾಕ್ಸ್ವೆಲ್, ನ್ಯಾಷನಲ್ ಬ್ಯಾಂಕ್ನ ಅಧ್ಯಕ್ಷರಾಗಿದ್ದರು.
"
"The grandmother thought for a second.
","ಅಜ್ಜ ಎರಡು ಕ್ಷಣ ಯೋಚಿಸಿದ.
"
"The grandmother's voice was faint.
","ಅಜ್ಜನ ಧ್ವನಿ ಗಡುಸಾಗಿತ್ತು.
"
"The grandmother, grandfather.
","ಅಜ್ಜ , ಮೊಮ್ಮಗ .
"
"The health of my grandmother has been declining recently.
","ಚಿಕ್ಕ ತಾಯಮ್ಮ ಅವ್ರ ಆರೋಗ್ಯ ಇತ್ತೀಚೆಗೆ ತೀವ್ರ ಹದಗೆಟ್ಟಿತ್ತು.
"
"The maternal grandmother is now deceased.
","ಮೃತ ಮುರಳಿಯ ತಾಯಿ ಈಗ ಅನಾಥವಾಗಿದ್ದಾರೆ.
"
"The memories of our grandmothers are precious as well.
","ನಮ್ಮ ಮೂತಮ್ಮನ ನೆನಪಿನ ಭಂಡಾರವೂ ಅಮೂಲ್ಯವಾಗಿತ್ತು.
"
"The mother and grandmother were home.
","ಅಜ್ಜ ಹಾಗೂ ದೊಡ್ಡಮ್ಮನ ಮನೆಯಲ್ಲಿದ್ದಳು.
"
"The next day her grandmother died.
","ಅದರ ಮಾರನೆ ದಿನ ಅಜ್ಜ ಸತ್ತರು .
"
"The next day the grandmother died.
","ಅದರ ಮಾರನೆ ದಿನ ಅಜ್ಜ ಸತ್ತರು .
"
"The next morning my mother dropped me off at my grandmother's house.
","ಮರುದಿನವೇ ಅಮ್ಮ ನನ್ನನ್ನು ಹೊತ್ತುಕೊಂಡು ಅಜ್ಜನ ಮನೆಗೆ ಹೊರಟಿದ್ದಳು.
"
"The parents and the boy's grandmother were questioned by police.
","ಹುಡುಗಿಯ ತಂದೆ ಹಾಗೂ ಆಕೆಯ ಅಜ್ಜ ಈ ಕೃತ್ಯವೆಸಗಿರುವುದಾಗಿ ಪೊಲೀಸರ ತನಿಖೆಯಿಂದ ತಿಳಿದುಬಂದಿದೆ.
"
"The village only has grandmothers and old people.
","ಇಲ್ಲಿನ ಗ್ರಾಮದಲ್ಲಿ ಕೇವಲ ದೊಡ್ಡವರು ಹಾಗು ವೃದ್ಧರು ಮಾತ್ರ ಇರುತ್ತಾರೆ.
"
"The world's best grandmother
","ಜಗತ್ತಿನ ಶ್ರೇಷ್ಠ ಅಮ್ಮ ನನ್ನಮ್ಮ
"
"Then his grandmother cared for him.
","ನಂತರ ಇವರ ಅಜ್ಜ ಇವರನ್ನು ನೋಡಿಕೊಂಡಿದ್ದರು.
"
"There are no charges against the grandmother.
","ಬೊಮ್ಮಾಯಿ ಮೇಲೆ ಯಾವುದೇ ರೀತಿಯ ಆರೋಪಗಳಿಲ್ಲ.
"
"There is nothing in the world more grand than a grandmother.
","ತಾಯಿಗಿಂತ ದೊಡ್ಡದಾದುದು ಪ್ರಪಂಚದಲ್ಲಿ ಬೇರಾವುದೂ ಇಲ್ಲ.
"
"There lived his grandmother.
","ಅಲ್ಲಿ ಅವರಿಗೆ ತಮ್ಮ ಅಜ್ಜ ವಾಸಿಸುತ್ತಿದ್ದರು.
"
"There was a grandmother.
","ಅಲ್ಲಿ ಒಬ್ಬ ಅಜ್ಜ ಇದ್ದರು.
"
"There was a picture in my grandmother's living room.
","ನನ್ನ ಅಮ್ಮನ ಅಪ್ಪನ (ಅಜ್ಜನ) ರೂಮಿನಲ್ಲಿ ಇವನದೊ೦ದು ಫೊಟೊವಿತ್ತು.
"
"These may be the first drawings of children, toys, which were played in childhood by grandmothers, Christmas garlands, mother's books and other things.
","ಈ ಬಾಲ್ಯದಲ್ಲಿ ಸಹ Grandmothers, ಕ್ರಿಸ್ಮಸ್ ಹೂಮಾಲೆ, ನನ್ನ ತಾಯಿಯ ಪುಸ್ತಕಗಳು ಮತ್ತು ಇತರ ವಿಷಯಗಳ ಆಡಿದ ಮಕ್ಕಳು, ಆಟಿಕೆಗಳು, ಮೊದಲ ರೇಖಾಚಿತ್ರಗಳು ಇರಬಹುದು.
"
"This grandmother is only 65 years old.
","ಈಗಷ್ಟೇ ಅಮ್ಮಳಾಗಿರುವ ಈ ಮಹಿಳೆಗೆ ಬರೋಬ್ಬರಿ 65 ವರ್ಷ.
"
"This is a story my grandmother told me a few years ago.
","ಅಮ್ಮ ಹೇಳಿದ ಕಥೆ ಇದು ತುಂಬಾ ವರ್ಷಗಳ ಹಿಂದೆ ನನ್ನ ತಾಯಿ ನನಗೆ ಹೇಳಿದ ಕತೆ ಇದು.
"
"This is my grandmother's story.
","ಇದು ಅಜ್ಜನ ಕಥೆ.
"
"This is possibly my grandmother.
","ಬಹುಶಃ ಇದು ಮೊಮ್ಮಗಳು ನನ್ನ ಅಜ್ಜ ಇಲ್ಲಿದೆ.
"
"Those dishes that our grandmothers were preparing, but which for some reason do not get bored even after many years.
","ಆ ಭಕ್ಷ್ಯಗಳು ಇನ್ನೂ ನಮ್ಮ grandmothers ತಯಾರಿಸಲಾಗುತ್ತದೆ, ಆದರೆ ಕೆಲವು ಕಾರಣಕ್ಕಾಗಿ ಅವರು ಅನೇಕ ವರ್ಷಗಳ ನಂತರವೂ ತಲೆಕೆಡಿಸಿಕೊಳ್ಳುತ್ತಿರಲಿಲ್ಲ.
"
"Traditional methods of treatment are tested for years, they are safe and have no side effects, however, along with medicines and should not refuse from the tips of our grandmothers.
","ವರ್ಷಗಳ ಪರೀಕ್ಷಿಸಿದ್ದಾರೆ ಚಿಕಿತ್ಸೆಯ ಸಾಂಪ್ರದಾಯಿಕ ವಿಧಾನಗಳು, ಅವರು ಸುರಕ್ಷಿತ ಮತ್ತು ನಮ್ಮ grandmothers ಸುಳಿವುಗಳನ್ನು ಇದು ಚಿಕಿತ್ಸೆಯ ಜೊತೆಗೆ ಮತ್ತು ಯಾವುದೇ ಅಡ್ಡ ಪರಿಣಾಮಗಳನ್ನು ಹೊಂದಿವೆ, ಆದ್ದರಿಂದ ಅಪ್ ನೀಡುವುದಿಲ್ಲ.
"
"Trisha resides in Chennai with her mother and grandmother.
","ರಾಘವ ತನ್ನ ತಾಯಿ ಮತ್ತು ಕುಟುಂಬದೊಂದಿಗೆ ಚೆನ್ನೈನ್ಲಲ್ಲಿ ನೆಲೆಸಿರುತ್ತಾನೆ.
"
"Ukrainian citizenship is acquired by birth, territorial origin (residence on the territory of Ukraine at different times of parents, grandmothers, grandfathers) or accepted by citizens of another state according to a special procedure.
","ಉಕ್ರೇನಿಯನ್ ಪೌರತ್ವ ವಿಶೇಷ ವಿಧಾನ ಅಡಿಯಲ್ಲಿ ಅಥವಾ ಇನ್ನೊಂದು ರಾಜ್ಯದ ತೆಗೆದ ವಿಷಯಗಳ (ತಮ್ಮ ತಂದೆ, ತಾತ ವಿವಿಧ ಸಮಯಗಳಲ್ಲಿ ಉಕ್ರೇನ್ ಪ್ರದೇಶದಲ್ಲಿ ನಿವಾಸ) ಜನ್ಮ ಭೂಗೋಳಿಕ ಮೂಲವನ್ನು ಪಡೆಯುತ್ತಾನೆ.
"
"We cannot allow politics to get in the way of protecting our mothers, daughters, and grandmothers.
","ನಮ್ಮ ತಾಯಿ, ಸಹೋದರಿ ಮತ್ತು ಮಗಳನ್ನು ರಕ್ಷಿಸುವ ವಿಚಾರದಲ್ಲಿ ರಾಜಕೀಯ ಮಾಡುವುದು ಬೇಡ.
"
"We had all been at my grandmother's house.
","ನಾವೆಲ್ಲರೂ ನನ್ನ ಅಜ್ಜನ ಮನೆಯಲ್ಲಿದ್ದೆವು.
"
"What is going on with the grandmother?
","ಅಜ್ಜ ಗೆ ಏನು ಸಂಭವಿಸುತ್ತಿದೆ?
"
"When I was small, my grandmother told me stories.
","ನಾನು ಚಿಕ್ಕವನಾಗಿದ್ದಾಗ ನನ್ನ ಅಜ್ಜ ನನಗೆ ಕಥೆಗಳನು ಹೀಳುವರು.
"
"When I was very young, my grandmother told me a lot of stories.
","ನಾನು ಸಣ್ಣವನಿರುವಾಗ ನನ್ನಜ್ಜ ನನಗೆ ತುಂಬಾ ಕತೆಗಳನ್ನು ಹೇಳುತ್ತಿದ್ದರು.
"
"While she was home sick and unable to grandmother, I had to drive home every weekend and some weeknights to help out with household duties and to care for her.
","ಅವರು ಮನೆಯಲ್ಲಿ ಅನಾರೋಗ್ಯ ಮತ್ತು ಕೆಲಸ ಮಾಡಲು ಸಾಧ್ಯವಾಗದಿದ್ದರೂ, ಪ್ರತಿ ವಾರಾಂತ್ಯದಲ್ಲಿ ಮತ್ತು ಕೆಲವು ವಾರದ ದಿನಗಳಲ್ಲಿ ಮನೆಮಾಲೀಕ ಕರ್ತವ್ಯಗಳೊಂದಿಗೆ ಸಹಾಯ ಮಾಡಲು ಮತ್ತು ನನ್ನ ಪುಟ್ಟ ತಂಗಿಗಾಗಿ ಕಾಳಜಿಯನ್ನು ವಹಿಸಬೇಕಾಯಿತು.
"
"Willie left Mary Ann only weeks after Louis' birth, and Louis was placed in the care of his grandmother, Josephine Armstrong.
","ಲೂಯಿಸ್ ಹುಟ್ಟಿದ ಕೆಲವೇ ವಾರಗಳ ನಂತರ, ವಿಲ್ಲೀ ಮಾಯಾನ್ಳನ್ನು ತೊರೆದರು ಮತ್ತು ಲೂಯಿಸ್ ಅವರ ಅಜ್ಜ, ಜೋಸೆಫೀನ್ ಆರ್ಮ್ಸ್ಟ್ರಾಂಗ್ ನ ಕಾಳಜಿಯಲ್ಲಿ ಇರಿಸಲಾಯಿತು.
"
"Your grandmother.
","ನಿಮ್ಮ ಅಮ್ಮಜಾಣೆ.
"
"a grandmother's
","ಮೊಮ್ಮಗಳ ಅಮ್ಮನ
"
"and the grandmother.
","ಹಾಗೂ ಮೊಮ್ಮಗಳು.
"
"few residing in the temple grandmothers happy to talk about the history of the cathedral, prompt where to put the candle, and be sure to see to it that your candle burned out.
","ಹಲವಾರು ಇತಿಹಾಸ ಕ್ಯಾಥೆಡ್ರಲ್ ನ ಬಗ್ಗೆ ಹೇಳಲು ಸಂತೋಷವಾಗಿರುವಿರಿ ದೇವಾಲಯದ Grandmothers ವಾಸಿಸುವ, ಅಲ್ಲಿ ಮೋಂಬತ್ತಿ ಹಾಕಲು ಕೇಳುತ್ತದೆ, ಮತ್ತು ಇದು ನೋಡಲು ನಿಮ್ಮ ಮೇಣದಬತ್ತಿಯ ಸುಟ್ಟುಹೋದ ಎಂದು ಖಚಿತಪಡಿಸಿಕೊಳ್ಳಿ.
"
"grandmother who died three years ago.
","ಮೂರು ವರ್ಷಗಳ ಹಿಂದೆ ತೀರಿಕೊಂಡ ಆ ಅಮ್ಮ ನನ್ನತ್ತೆ.
"
"grandmother's day.
","ಅಜ್ಜ ನ ದಿನ.
"
"grandmother's home!
","ಅಜ್ಜನ ಮನೆ!
"
"his 74-year-old grandmother.
","ಆತ 74 ವರ್ಷದ ಅಜ್ಜ.
"
"in his mother's and grandmother's
","ಅಜ್ಜ ಹಾಗೂ ಆತನ ಮೊಮ್ಮಗನದಲ್ಲಿ
"
"mother and grandmother, who managed
","ಅಮ್ಮ ಮತ್ತು ಅಪ್ಪ, ನಿರ್ವಹಿಸಲು
"
"what was her father's grandmother's name?
","'ಅಜ್ಜನ ಅಪ್ಪನ ಹೆಸರೇನಿತ್ತು?
"
"And she’s also a grandmother.
","ಜತೆಗೆ ಆಕೆ ತಾಯಿಯೂ ಹೌದು.
"
"It’s a 76-year-old grandmother.
","ಗಂಗಮ್ಮ 76 ವರ್ಷದವರು.
"
"Their father and grandmother work in the plantation.
","ಅಪ್ಪ ಅಮ್ಮ ಅವರಿವರ ಹೊಲದಲ್ಲಿ ಕೂಲಿ ಕೆಲಸ ಮಾಡುತ್ತಿದ್ದಾರೆ.
"
"His grandmother was former prime minister Indira Gandhi.
","ನಮ್ಮ ಹಿಂದಿನ ಪ್ರಧಾನ ಮಂತ್ರಿ ಗಳಾಗಿದ ಶಿ ಮತಿ ಇಂದಿರಾ ಗಾಂಧೀದವರು.
"
"Among the dead were my grandmother’s father, two brothers, and two sisters.
","ಮೃತರು ತಂದೆ -ತಾಯಿ, ಇಬ್ಬರು ಸಹೋದರರು , ಓರ್ವ ಅಕ್ಕನನ್ನು ಅಗಲಿದ್ದಾರೆ.
"
"Correna is a mum to two grown up children and a grandmother too.
","ಕರೆನ್ ಎರಡು ಬೆಳೆದ ಮಕ್ಕಳ ತಾಯಿ.
"
"His wife and grandmother were then arrested.
","ನಂತರ ಆತನ ಪತ್ನಿ ಮತ್ತು ಅತ್ತೆಯನ್ನು ವಶಕ್ಕೆ ಪಡೆದು ಕರೆದೊಯ್ದರು.
"
"A mother, grandmother, sister?
","ಅವರಿಗೆ ಅಕ್ಕ ತಂಗಿ, ಅಮ್ಮ ಅಪ್ಪ ಇಲ್ವಾ?
"
"He grew up under his grandmother’s guardianship.
","ಚಿಕ್ಕಮ್ಮನ ಆಶ್ರಯದಲ್ಲಿ ಅವರು ಬೆಳೆದಿದ್ದರು.
"
"She is a mother of three and grandmother to four.
","ಅಲ್ಲವರು ಮೂರು ಮಕ್ಕಳ ತಾಯಿ, ನಾಲ್ಕನೇ ಮಗುವಿನ ಗರ್ಭಿಣಿ.
"
"Both my mother and my grandmother were teachers.
","‘ನನ್ನ ತಂದೆ ಹಾಗೂ ತಾಯಿ ಇಬ್ಬರೂ ಶಿಕ್ಷಕರು.
"
"""They're a father, they're a mother, they're a grandmother.
","""ಅಪ್ಪಾ, ಅಮ್ಮಾ, ಇಬ್ಬರೂ ಅಣ್ಣಂದರು, ಅತ್ತಿಗೆಂದರು ಮತ್ತ ಅವರ ಮಕ್ಕಳು.
"
"Terming the Emergency imposed by his grandmother and former Prime Minister Indira Gandhi as ""wrong"", Rahul Gandhi said what is happening in India currently was ""fundamentally different"" from the Emergency.
","ನವದೆಹಲಿ: ಮಾಜಿ ಪ್ರಧಾನಿ ಇಂದಿರಾ ಗಾಂಧಿ ಅವರು ವಿಧಿಸಿರುವ ತುರ್ತು ಪರಿಸ್ಥಿತಿ ತಪ್ಪು ಎಂದು ಕಾಂಗ್ರೆಸ್ ಮುಖಂಡ ರಾಹುಲ್ ಗಾಂಧಿ ಹೇಳಿದ್ದಾರೆ, ಆ ಅವಧಿಯಲ್ಲಿ ಏನಾಯಿತು ಎಂಬುದು ತಪ್ಪು ಎಂದು ಸೇರಿಸಿದ್ದಾರೆ, ಆದರೆ ಇದು ಪ್ರಸ್ತುತ ಸನ್ನಿವೇಶಕ್ಕಿಂತ ಮೂಲಭೂತವಾಗಿ ಭಿನ್ನವಾಗಿದೆ ದೇಶದ ಸಾಂಸ್ಥಿಕ ಚೌಕಟ್ಟನ್ನು ನಿಯಂತ್ರಣದಲ್ಲಿಡಲು ಪ್ರಯತ್ನಿಸಿದೆ ಎಂದು ಹೇಳಿದ್ದಾರೆ.
"
"He was raised at his grandmother's house.
","ಸೋದರ ಮಾವನ ಮನೆಯಲ್ಲಿಯೇ ಬೆಳೆದಿದ್ದಳು.
"
"Komalavalli was the name given to Late Jayalalithaa at birth after her grandmother.
","ಜಯಲಲಿತಾಗೆ ತಾಯಿ ಇಟ್ಟ ಹೆಸರು ಕೋಮಲವಲ್ಲಿ.
"
"Her mother and grandmother were inside the house.
","ಮನೆ ಯಲ್ಲಿ ತಾಯಿ ಮತ್ತು ಅಣ್ಣ ಇಬ್ಬರೂ ಇದ್ದ ರು.
"
"As was her mother, and her grandmother before that.
","ಅವಳ ಅವ್ವ, ಅಜ್ಜವ್ವನೂ ಇದೇ ಮಾಡಿದವರಂತೆ.
"
"But only her mother and grandmother were concerned about her.
","ಆದ್ರೆ ಅಮ್ಮ ಮತ್ತು ಅಕ್ಕ ಮಾತ್ರ ತುಂಬಾ ಹಿಂದೇಟು ಹಾಕಿದ್ರು.
"
"It’s a 76-year-old grandmother.
","ಅದನ್ನು 76 ವರ್ಷದ ಈ ಅಜ್ಜನೋರ್ವ ನಿಜ ಮಾಡಿ ತೋರಿಸುತ್ತಿದ್ದಾರೆ.
"
"The father, the mother, and the grandmother of the two children were present.
","ಅಜ್ಜನ ಮನೆಯಲ್ಲಿ ಮಾವ, ಅತ್ತೆ, ಅವರಿಗೆ ಇಬ್ಬರು ಮಕ್ಕಳಿದ್ದರು.
"
"After his parents divorced, he lived mostly with his paternal grandmother.
","ಅವರ ಪೋಷಕರು ವಿಚ್ಛೇದನ ನಂತರ, ತನ್ನ ತಾಯಿಯೊಂದಿಗೆ ವಾಸಿಸುತ್ತಿದ್ದರು.
"
"After my parents separated, my mother and I lived with my grandmother.
","ಅವರ ಪೋಷಕರು ವಿಚ್ಛೇದನ ನಂತರ, ತನ್ನ ತಾಯಿಯೊಂದಿಗೆ ವಾಸಿಸುತ್ತಿದ್ದರು.
"
"Her other family members including her grandmother and parents have also been admitted.
","ಅವರ ಜೊತೆ ಅಣ್ಣ, ತಾಯಿ ಹಾಗೂ ಇತರ ಕುಟುಂಬದ ಸದಸ್ಯರು ಕೂಡ ಇದ್ದಾರೆ.
"
"But he wasn’t staying with his grandmother.
","ಆದರೆ ಅವನು ತನ್ನ ತಂದೆಯ ನೆರಳಿನಲ್ಲಿ ಉಳಿಯಲಿಲ್ಲ.
"
"I’m a grandmother,"" she said.
","ನಾನೇ ಮಂಜಿನ ತಾಯಿ” ಎಂದಳು.
"
"Her grandfather, says she, was a Muslim and grandmother a Hindu.
","ತನ್ನ ತಂದೆ ದಲಿತ ಮತ್ತು ತಾಯಿ ಮುಸ್ಲಿಂ ಎಂದು ಅವರು ಹೇಳಿದ್ದಾರೆ.
"
"The Congress leader has finalised a home in Lucknow - it is the house that belonged to Congress leader Shiela Kaul, the aunt of former Prime Minister Indira Gandhi, Priyanka Gandhi's grandmother.
","ಲಖನೌನಲ್ಲಿ ಮಾಜಿ ಪ್ರಧಾನಿ ಇಂದಿರಾ ಗಾಂಧಿ ಅವರ ಚಿಕ್ಕಮ್ಮ ಶೀಲಾ ಕೌಲ್‌ ಅವರಿಗೆ ಸೇರಿದ 'ಕೌಲ್‌ ಹೌಸ್‌ ' ಬಂಗಲೆ ಇದೆ.
"
"Rahul Gandhi as he pays tribute to the former Prime Minister and his grandmother Mrs. Indira Gandhi.
","ರಾಹುಲ್‌ ಗಾಂಧಿ ಭೇಟಿ ಮಾಜಿ ಪ್ರಧಾನಿ ಇಂದಿರಾಗಾಂಧಿ ಅವರನ್ನು ನೆನಪಿಸಿದೆ.
"
"Dias' parents live on the first floor of their one-storey house with other family members while his grandmother stayed on the ground floor of the same building.
","ಡಯಾಸ್‍ನ ಪೋಷಕರು ಮನೆಯ ಮೊದಲ ಮಹಡಿಯಲ್ಲಿ ವಾಸಿಸುತ್ತಿದ್ದರೆ, ಕುಟುಂಬದ ಇತರ ಸದಸ್ಯರು ನೆಲ ಮಹಡಿಯಲ್ಲಿದ್ದರು.
"
"And I did tell my grandmother that.
","ನಾನು ಹಾಗೆಯೇ ದೊಡ್ಡಮ್ಮನಿಗೆ ತಿಳಿಸಿದ್ದೆ.
"
"But grandmothers are different.
","ಆದರೆ ಅನಿತಾಳ ವರಸೆಯೇ ಬೇರೆ.
"
"He lives with his grandmother and elder brother.
","ಅಣ್ಣ ಮತ್ತು ಅತ್ತಿಗೆಯೊಂದಿಗೆ ದೊಡ್ಡಕಮ್ಮನಹಳ್ಳಿಯಲ್ಲಿ ವಾಸವಾಗಿದ್ದಾರೆ.
"
"His paternal grandmother and two aunts had died of cancer.
","ಅವರ ಅಪ್ಪ-ಅಮ್ಮ ಇಬ್ಬರು ಕ್ಯಾನ್ಸರಿನಿಂದಾಗಿ ಮೃತಪಟ್ಟಿದ್ದರು.
"
"After returning home, the girl narrated the incident to her grandmother, who told her parents about it.
","ಮನೆಗೆ ಹಿಂದಿರುಗಿದ ನಂತರ ಹುಡುಗಿ ತನ್ನ ಹೆತ್ತವರಿಗೆ ಘಟನೆ ವಿವರಿಸಿದಳು.
"
"Buried next to him are also his parents and grandmother.
","ಇದರ ಪಕ್ಕಗಳಲ್ಲಿ ಅವನ ತಾಯಿ ಮತ್ತು ತಂಗಿಯ ಗೋರಿಗಳೂ ಇವೆ.
"
"A large, frantic family accompanied the children: grandmother, grandfather, aunts and uncles.
","ಅವರು ಒಂದು ದೊಡ್ಡ ಕುಟುಂಬ ಹೊಂದಿತ್ತು: ಪ್ರೀತಿಯ ಪೋಷಕರು, ತಂಗಿ ಮತ್ತು ಸಹೋದರ.
"
"Once everybody including father-mother, uncle-aunt, grandfather, grandmother, and cousins used to live jointly.
","ಮೊದಲು ಅವಿಭಕ್ತ ಕುಟುಂಬಗಳಲ್ಲಿ ಅಣ್ಣ–ತಮ್ಮ, ದೊಡ್ಡಪ್ಪ- ಚಿಕ್ಕಪ್ಪ, ಅಕ್ಕ–ತಮ್ಮ, ಅಣ್ಣ–ತಂಗಿ ಎಲ್ಲರೂ ಒಟ್ಟಿಗೆ ಬಾಳುತ್ತಿದ್ದೆವು.
"
"First of all, our grandmothers care about health and attention from children, grandchildren and great-grandchildren!
","ನಮ್ಮ grandmothers ಮೊದಲ ಸ್ಥಾನದಲ್ಲಿ ಆರೋಗ್ಯ ಮತ್ತು ಗಮನ ಮಕ್ಕಳು, ಮೊಮ್ಮಕ್ಕಳು ಮತ್ತು ದೊಡ್ಡ ಮೊಮ್ಮಕ್ಕಳು ನಲ್ಲಿ ಚಿಂತಿಸತೊಡಗಿದರು!
"
"The son’s daughter after her, the daughter, the wife, the grandmother and the sister.
","ನಾರಿ, ಮಗಳು, ಅಕ್ಕ, ತಂಗಿ, ಹೆಂಡತಿಯಾಗಿಯೂ ಪುರುಷರ ಬೆನ್ನೆಲುಬಾಗಿದ್ದಾಳೆ.
"
"” The grandmother cocked her head.
","'' ಬಾಳಿಯಮ್ಮ ತಲೆ ತಗ್ಗಿಸಿ ಚೀರಿದಳು.
"
"My grandmother told me the story.
","ಆಜ್ಜಿ ಕತೆ ಹೇಳ್ತಾ ಇದ್ರು.
"
"All through her life a woman plays the different roles of being a daughter, sister, wife, mother, mother-in-law, grandmother … etc., with aplomb.
","ಮಹಿಳೆ ತಾಯಿಯಾಗಿ, ಮಗಳಾಗಿ, ಸಹೋದರಿಯಾಗಿ, ಗೆಳತಿಯಾಗಿ, ಹೆಂಡತಿಯಾಗಿ, ಅತ್ತೇ, ಸೊಸೆಯಾಗಿ ವಿವಿಧ ಪಾತ್ರಗಳನ್ನು ನಿರ್ವಹಿಸುತ್ತಿದ್ದಾಳೆ.
"
"And finally, these are childhood memories of Russian folk tales told by our caring grandmothers.
","ಮತ್ತು ಅಂತಿಮವಾಗಿ, ಇದು ನಮ್ಮ grandmothers ಕಾಳಜಿಯುಳ್ಳ ಹೇಳಿದ್ದು ರಶಿಯನ್ ಜನಪದ ಕಥೆಗಳ ಬಾಲ್ಯದ ನೆನಪುಗಳು ಆಗಿದೆ.
"
"His mother, grandmother and grandfather were actors, and his uncle was a director.
","ಆತನ ತಂದೆಯು ಓರ್ವ ನಟ, ನಿರ್ದೇಶಕ, ನಿರ್ಮಾಪಕ ಮತ್ತು ಲೇಖಕರಾಗಿದ್ದರೆ ಆತನ ತಾಯಿಯು ಓರ್ವ ನೃತ್ಯಗಾತಿಯಾಗಿದ್ದರು.
"
"Our mothers and grandmothers knew this very well.
","ನಮ್ಮ ತಾಯಂದಿರು ಮತ್ತು ಅಮ್ಮಂದಿರು ಇದನ್ನು ಚೆನ್ನಾಗಿ ತಿಳಿದಿದ್ದರು.
"
"The children were looked after by their grandmother.
","ಅವರ ಅತ್ತೆಯವರು ಮಗುವಿನ ಲಾಲನೆ ಪಾಲನೆ ನೋಡಿಕೊಂಡರು.
"
"As did my brother, my aunt, my grandmother, and my uncle.
","ಅಂತೆಯೇ ಅಜ್ಜಂದಿರು, ಮಾವಂದಿರು, ಸೋದರ ಮಾವಂದಿರು, ಮೊಮ್ಮಕ್ಕಳು, ಮೈದುನಂದಿರು ಮತ್ತು ನೆಂಟರಿಷ್ಟರು.
"
"Search for grandmother
","ತಾಯಿಗಾಗಿ ಹುಡುಕಾಟ
"
"The girl’s mother had died and she lived with her grandmother, police said.
","ಬಾಲಕಿಯ ತಂದೆ ತೀರಿಕೊಂಡಿದ್ದು, ತಾಯಿ ಜತೆ ವಾಸವಿದ್ದಳು.
"
"But her grandmother didn't listen to her.
","ಆದ್ರೆ, ಸೊಸೆಯ ಮಾತನ್ನು ಅತ್ತೆ ಕೇಳಲಿಲ್ಲ.
"
"I have learnt all about cooking traditional meals from my grandmothers.
","ಸಾಂಪ್ರದಾಯಿಕ ಅಡುಗೆಗಳನ್ನು ತಯಾರಿಸುವ ವಿಧಾನವನ್ನು ತಾಯಿ, ಅಕ್ಕನಿಂದ ಕಲಿಯುತ್ತೇನೆ.
"
"When he was a child, he lost his mother and was raised by his grandmother.
","ಅವಳೋ ಮಗುವಾಗಿದ್ದಾಗಲೇ ತಾಯನ್ನು ಕಳೆದುಕೊಂಡವಳು ಮತ್ತು ತಂದೆಯ ಸುಪರ್ದಿನಲ್ಲಿ ಬೆಳೆಯುತ್ತಾ ಬರುವಳು.
"
"Eggs, flowers and gifts were also presented to mothers and grandmothers.
","ಅಲ್ಲದೆ, ತಾಯಿ ಮತ್ತು grandmothers ಮೊಟ್ಟೆಗಳು, ಹೂಗಳು ಮತ್ತು ಉಡುಗೊರೆಗಳನ್ನು ನೀಡಲಾಯಿತು.
"
"I spent most of my childhood with my paternal grandmother.
","ತಾಯಿಯ ತಂದೆಯ (ಅಜ್ಜ) ಜತೆ ಬಾಲ್ಯವನ್ನು ಹೆಚ್ಚಾಗಿ ಕಳೆದೆ.
"
"She’s my grandmother’s sister’s daughter-in-law.
","ಅವಳು ಅಜ್ಜನ ಸೋದರ ಮಾವನ ಮಗಳು.
"
"Congress leader Rahul Gandhi remembered Indira Gandhi on her birth anniversary as an able prime minister and a beloved grandmother.
","ಮಾಜಿ ಪ್ರಧಾನಿ ಇಂದಿರಾ ಗಾಂಧಿ ಜನ್ಮದಿನದ ಸಂದರ್ಭ ಕಾಂಗ್ರೆಸ್ ನಾಯಕ ರಾಹುಲ್ ಗಾಂಧಿ ಗೌರವ ಸಲ್ಲಿಕೆ ಮಾಡಿದ್ದಾರೆ.
"
"When the girl went home and informed her grandmother about the matter, she lodged the complaint with the police station.
","ಮನೆಗೆ ಮರಳಿದ ಚಿಕ್ಕಮ್ಮನಿಗೆ ಬಾಲಕಿ ನಡೆದ ವಿಷಯವನ್ನು ತಿಳಿಸಿದ್ದು ಇಬ್ಬರು ಸೇರಿ ಪೊಲೀಸ್ ಠಾಣೆಯಲ್ಲಿ ದೂರು ಸಲ್ಲಿಸಿದ್ದಾರೆ.
"
"When the girl went home and informed her grandmother about the matter, she lodged the complaint with the police station.
","ತನ್ನ ಮನೆಗೆ ಬಂದ ಬಾಲಕಿ ಈ ವಿಚಾರವನ್ನು ತನ್ನ ತಾಯಿಗೆ ತಿಳಿಸಿದಾಗ ಆಕೆ ಸ್ಥಳೀಯ ಠಾಣೆಗೆ ದೂರು ನೀಡಿದ್ದಾಳೆ.
"
"Both his mother and his grandmother were having serious health problems.
","ತಾಯಿ ಹಾಗೂ ಹೆಂಡತಿ ತೀವ್ರ ಅನಾರೋಗ್ಯದಿಂದ ಬಳಲುತ್ತಿದ್ದರು.
"
"The incident came to light when the grandmother saw blood flowing out of the room.
","ಜೋಡಿ ಇದ್ದ ರೂಮ್‍ನಿಂದ ರಕ್ತ ಹೊರ ಬರುತ್ತಿದ್ದದನ್ನು ಗಮನಿಸಿದಾಗ ಘಟನೆ ಬೆಳಕಿಗೆ ಬಂದಿದೆ.
"
"Arjun Kapoor shared on Instagram an adorable video with his grandmother Nirmal Kapoor.
","ಅರ್ಜುನ್ ಕಪೂರ್ ಇನ್ಸ್ಟ್ರಾಗ್ರಾಮ್ ನಲ್ಲಿ ಸುಂದರ ಫೋಟೋವನ್ನು ಹಂಚಿಕೊಂಡಿದ್ದಾರೆ.
"
"He calls his grandmother ‘mumma’.
","ತಂಗಕ್ಕನ ತಾಯಿಯನ್ನು “ಅಣ್ಣನಮ್ಮ' ಎಂದೇ ಕರೆಯುವುದು.
"
"Allegedly she and her grandmother Etterlin made a DNA test, the result of which turned out to be positive.
","ಆಕೆ ಮತ್ತು ಅವಳ ಅಜ್ಜ ಎಟರ್ಲಿನ್ ಅವರು ಡಿಎನ್ಎ ಪರೀಕ್ಷೆಯನ್ನು ಮಾಡಿದ್ದಾರೆಂದು ಆರೋಪಿಸಿ, ಅದರ ಪರಿಣಾಮವಾಗಿ ಧನಾತ್ಮಕವಾಗಿ ಹೊರಹೊಮ್ಮಿತು.
"
"He is survived by his wife, one son, one brother, father and grandmother.
","ಅವರಿಗೆ ತಂದೆ–ತಾಯಿ, ಒಬ್ಬ ಸಹೋದರ, ಸಹೋದರಿ, ಪತ್ನಿ ಹಾಗೂ ಪುತ್ರ ಇದ್ದಾರೆ.
"
"A family of two little girls, a mom, and the girls grandmother.
","ಅಪ್ಪ-ಅಮ್ಮ ಜೊತೆಗೆ ಇಬ್ಬರು ಹೆಣ್ಣು ಮಕ್ಕಳ ಪುಟ್ಟ ಸಂಸಾರ ಅದು.
"
"Among the protesters were mothers, grandmothers, teachers and students.
","ಕಾರ್ಯಕ್ರಮದಲ್ಲಿ ಹೆತ್ತವರು, ಶಿಕ್ಷಕ,ಶಿಕ್ಷಕೇತರ ವೃಂದ, ವಿದ್ಯಾರ್ಥಿಗಳು ಉಪಸ್ಥಿತರಿದ್ದರು.
"
"His children were not well taken care of by their grandmother.
","ಅವರನ್ನು ಮಗ-ಸೊಸೆ ಸರಿಯಾಗಿ ಆರೈಕೆ ಮಾಡುತ್ತಿರಲಿಲ್ಲ.
"
"At the age of 8, his grandmother passed away.
","ಈಕೆಗೆ 8 ವರ್ಷವಿದ್ದಾಗ ತಂದೆ ತೀರಿ­ಕೊಂಡರು.
"
"""I have come here as a young boy with my grandmother.
","‘‘ನಾನು ಚಿಕ್ಕವನಿದ್ದಾಗ ನಮ್ಮವ್ವನ ಜತೆಯಲ್ಲಿ ಇಲ್ಲಿಗೆ ಬರುತ್ತಿದ್ದೆ.
"
"A woman is first a daughter, a sister, a mother and a grandmother.
","ಹೆಣ್ಣು ಒಬ್ಬ ತಂಗಿ, ಅಕ್ಕ, ಮಡದಿ, ತಾಯಿ ಇನ್ನು ಏನೇನೋ.
"
"His father, his uncle, his grandfather, and his grandmother were all lawyers.
","ಅವನ ಅಪ್ಪ, ತಾತ, ದೊಡ್ಡಪ್ಪ, ಚಿಕ್ಕಪ್ಪ ಎಲ್ಲರೂ ನಟರೇ.
"
"At that time, her grandmother passed away.
","ಈ ವೇಳೆಗೆ ಅಕ್ಕ ಕೊನೆಯುಸಿರೆಳೆದರು.
"
"Allred is the mother of four children and grandmother to three.
","ಅಲ್ಲವರು ಮೂರು ಮಕ್ಕಳ ತಾಯಿ, ನಾಲ್ಕನೇ ಮಗುವಿನ ಗರ್ಭಿಣಿ.
"
"But I do remember my mother and grandmother.
","ಆದರೂ ನನಗೆ ಅಮ್ಮ ನೆನಪಾಗುತ್ತಿದ್ದಾರೆ.
"
"Rahul Gandhi's father and grandmother, former Prime Ministers Rajiv Gandhi and Indira Gandhi, were assassinated.
","ಮಾಜಿ ಪ್ರಧಾನಿ ಇಂದಿರಾಗಾಂಧಿ ಮತ್ತು ತಂದೆ ರಾಜೀವ್ ಗಾಂಧಿಯವರ ಹತ್ಯೆಯ ನೋವನ್ನು ಮನಸ್ಸಿನಲ್ಲಿ ತುಂಬಿಕೊಂಡು ಬೆಳೆದಿದ್ದೇನೆ.
"
"A wonderful wife, mother, daughter, grandmother, sister and friend to all.
","ಎಲ್ಲರಿಗೆ ತಾಯಿ, ತಂಗಿ, ಹೆಂಡತಿ, ಮಕ್ಕಳು, ಒಳ್ಳೆಯ ಗೆಳೆಯರು ಇದ್ದಾರೆ.
"
"According to the police complaint, the accused had allegedly raped the victim and threatened to kill her grandmother if she revealed it to anyone.
","ಪೊಲೀಸ್ ಮೂಲಗಳ ಪ್ರಕಾರ ಆರೋಪಿ ಬಾಲಕಿಗೆ ಹಣ್ಣುಗಳನ್ನು ಕೊಡಿಸುವ ಆಮಿಷವೊಡ್ಡಿ ಅತ್ಯಾಚಾರವೆಸಗಿದ್ದಲ್ಲದೇ ಯಾರಿಗಾದರೂ ತಿಳಿಸಿದಲ್ಲಿ ಹತ್ಯೆಗೈಯುತ್ತೇನೆ ಎಂದು ಬಾಲಕಿಗೆ ಬೆದರಿಕೆಯೊಡ್ಡಿದ್ದಾನೆ.
"
"His grandmother, Indira Gandhi, was the first female prime minister of the country, and his father was India's youngest prime minister.
","ಇಂಥಾ ಸಾರ್ವಭೌಮ ದೇಶದ ಪ್ರಪ್ರಥಮ ಮಹಿಳಾ ಪ್ರಧಾನ ಮಂತ್ರಿ, ಅಷ್ಟೇ ಅಲ್ಲದೇ ತನ್ನ ತಂದೆಯ ನಂತರ ಅತಿಹೆಚ್ಚು ಕಾಲ ಪ್ರಧಾನಿಯಾಗಿ ಸೇವೆ ಸಲ್ಲಿಸಿದ ಧೀಮಂತ ನಾಯಕಿ ಇಂದಿರಾ ಗಾಂಧಿ.
"
"As a kid, I spent a lot of time at my grandmother’s house.
","ಚಿಕ್ಕ ವಯಸ್ಸಿನಿಂದ ನಾನು ಅಮ್ಮನ ಮನೆಗಿಂತ ಜಾಸ್ತಿ ಅಕ್ಕನ ಮನೆಯಲ್ಲಿಯೇ ಸಮಯ ಕಳೆದಿದ್ದೇನೆ.
"
"His younger sister went to their maternal grandmother’s house.
","ತಂಗಿ ದೊಡ್ಡಮ್ಮನ ಮನೆಗೆ ಹೋಗಿದ್ದಳು.
"
"Being a mom is a very different role than being a grandmother.
","ತಾಯಿಯಾಗುವುದು ತಂದೆಯಾಗುವುದಕ್ಕಿಂತ ಬಹಳ ಭಿನ್ನ ರೀತಿಯದು.
"
"Both her mother and grandmother were witches.
","ಅವಳ ಅತ್ತೆ , ಮಾವ ಇಬ್ಬರೂ ತಿಳುವಳಿಕೆಯುಳ್ಳವರಾಗಿದ್ದರು.
"
"A family that consisted of a great-grandmother, a grandmother, a mother, and two children.
","ತಾಯಿ, ಇಬ್ಬರು ಅಣ್ಣಂದಿರು, ಇಬ್ಬರು ಅಕ್ಕಂದಿರನ್ನು ಹೊಂದಿರುವ ದೊಡ್ಡ ಕುಟುಂಬ.
"
"Agrima lives with her parents, grandmother and younger brother.
","ಆಕೆ ತನ್ನ ತಾಯಿ, ಹಿರಿಯ ಸಹೋದರ ಮತ್ತು ಅಜ್ಜನ ಜತೆ ಜತೆ ವಾಸವಾಗಿದ್ದಾಳೆ.
"
"When he was a child, he lost his mother and was raised by his grandmother.
","ಚಿಕ್ಕಂದಿನಲ್ಲಿಯೇ ತಂದ್‌ ತಾಯಿಯರನ್ನು ಕಳೆದುಕೊಂಡು ಚಿಕ್ಕಮ್ಮನ ಆಶ್ರಯದಲ್ಲಿ ಬೆಳೆದರು.
"
"“Both my grandmother and my mother were drug addicts.
","“ನನ್ನ ಅಪ್ಪ ಅಮ್ಮ ಇಬ್ಬರೂ ದಾದಿಯರು.
"
"Both her mother and grandmother died young.
","ಚಿಕ್ಕವನಿರುವಾಗಲೇ ತಂದೆ, ತಾಯಿ ಇಬ್ಬರೂ ತೀರಿ ಹೋದರು.
"
"Does Rahul Gandhi know his grandmother’s history ?
","ಆದ್ರೆ, ರಾಹುಲ್‌ ಗಾಂಧಿಗೆ ತಮ್ಮ ತಾತ ನೆಹರು ಕಾಲದಲ್ಲಾದ ಬೆಳವಣಿಗೆಗಳು ಗೊತ್ತಿಲ್ಲವೇ?
"
"Both my mother and my grandmother have died.
","ಅಪ್ಪ-ಅಮ್ಮ ಇಬ್ಬರೂ ಸತ್ತು ಹೋಗಿದಾರೆ.
"
"Abhishek was accompanied by his wife Aishwarya Ray Bachchan and maternal grandmother Indira Bhaduri.
","ಐಶ್ವರ್ಯ ರೈ ಬಚ್ಚನ್ ಜೊತೆ ಪತಿ ಅಭಿಷೇಕ್ ಬಚ್ಚನ್ ಹಾಗೂ ಮಗಳು ಆರಾದ್ಯ ಬಚ್ಚನ್ ಕೂಡ ಉಪಸ್ಥಿತರಿದ್ದರು.
"
"Her grandmother’s oxygen level had fallen to 40.
","ಆಕೆಯ ಆಮ್ಲಜನಕ ಮಟ್ಟ 40ಕ್ಕೆ ಇಳಿದಿತ್ತು.
"
"You are likely to receive good news from your grandmother.
","ಅತ್ತೆ ಕಡೆಯಿಂದ ಒಳ್ಳೆಯ ಸುದ್ದಿ ಪಡೆಯುವ ಸಾಧ್ಯತೆ ಇದೆ.
"
"A grandmother, a mother, and two children.
","ಅಪ್ಪ, ಅಮ್ಮ ಮತ್ತು ಇಬ್ಬರು ಮಕ್ಕಳು.
"
"And perhaps all grandmothers are like that.
","ಬಹುಶಃ ಎಲ್ಲಾ ತಾಯಂದಿರೂ ಅಷ್ಟೇ.
"
"A few more months after, my grandmother passed away.
","ಕೆಲ ತಿಂಗಳುಗಳು ಕಳೆದ ನಂತರ ಕನಕಳ ತಾಯಿ ತೀರಿಕೊಂಡರು.
"
"“My grandmother beats me every day and does not give me food to eat.
","‘ಪ್ರತಿ ನಿತ್ಯವೂ ನನಗೆ ಕಿರುಕುಳ ನಿಡುತ್ತಿದ್ದ ಅತ್ತೆ ಸರಿಯಾಗಿ ಊಟ ತಿಂಡಿಯನ್ನು ಸಹ ನೀಡದೆ ಹಿಂಸೆ ಮಾಡುತ್ತಾರೆ.
"
"Her grandmother was with her.
","ಮುಗಳಿಯವರ ಜತೆಗೆ ಅವರ ಅತ್ತೆ ಇರುತ್ತಿದ್ದರು.
"
"A mother, daughter, grandmother or sister.
","ಅಮ್ಮನೋ ಅಕ್ಕನೋ ಸೋದರನೋ ಅಪ್ಪನೋ
"
"«I, my mother, my grandmother and my sister, we ran away into the bush.
","""""ನಾನು, ನಮ್ಮವ್ವ, ಅಪ್ಪಾರು, ಚಿಕ್ಕಕ್ಕ, ಮಾವಾರು ಹೋಗಿದ್ವಿ.
"
"The girl’s mother had died and she lived with her grandmother, police said.
","ಬಾಲಕಿ ತಂದೆ ತೀರಿಕೊಂಡಿದ್ದು ಆಕೆ ತನ್ನ ತಾಯಿಯೊಂದಿಗೆ ವಾಸಿಸುತ್ತಿದ್ದಾಳೆ.
"
"His grandmother, then prime minister Indira Gandhi, and his father, former prime minister Rajiv Gandhi, were both assassinated.
","ಪ್ರಿಯಾಂಕಾ ಗಾಂಧಿ ವಾದ್ರಾ ಅವರ ತಂದೆ ರಾಜೀವ್ ಗಾಂಧಿ ಮತ್ತು ಮಾಜಿ ಪ್ರಧಾನಿ ಇಂದಿರಾ ಗಾಂಧಿ ಎಸ್‌ಪಿಜಿ ಭಧ್ರತೆಯಲ್ಲಿರುವಾಗಲೇ ಗುಂಡಿಗೆ ಬಲಿಯಾಗಿದ್ದರು.
"
"Her parents are Saif Ali Khan and Amrita Singh, her grandmother is Sharmila Tagore and her aunt is Soha Ali Khan.
","ತಂದೆ ಸೈಫ್‌ ಅಲಿ ಖಾನ್‌ ಹಾಗೂ ತಾಯಿ ಅಮೃತಾ ಸಿಂಗ್‌ ಬೇರೆಯಾದ ನಂತರ ಸಾರಾ ತಾಯಿ ಜೊತೆಯಲ್ಲಿರುವುದು ಎಲ್ಲರಿಗೂ ಗೊತ್ತುಂಟು.
"
"She’s the grandmother of the house.
","ಅತ್ತೆ ಈ ಮನೆಯ ಗೃಹದೇವತೆ.
"
"But grandmother didn't know her.
","ಆದ್ರೆ ಇದು ಅತ್ತೆಗೇ ಗೊತ್ತಿರಲಿಲ್ಲ.
"
"A grandmother of four children.
","ಅವಳು ನಾಲ್ಕು ಮಕ್ಕಳಿಗೆ ಒಂದು ಮಲತಾಯಿ.
"
"“My parents, my grandmother and my relatives are extremely pivotal in my life.
","'ನನ್ನ ಜೀವನದಲ್ಲಿ ತಾಯಿ, ಅತ್ತೆ ಮತ್ತು ಪತ್ನಿಯ ಸಹಕಾರ ತುಂಬಾಯಿದೆ.
"
"All the family came to my grandmother's house.
","ತಾಯಿಯ ಕೂಗಾಟಕ್ಕೆ ಮನೆಯವರೆಲ್ಲ ಬಂದು ಸೇರಿದರು.
"
"“Both my mother and my grandmother are educators.
","‘ನನ್ನ ತಂದೆ ಹಾಗೂ ತಾಯಿ ಇಬ್ಬರೂ ಶಿಕ್ಷಕರು.
"
"Actually, she is not my grandmother.
","ನಿಜಕ್ಕೂ ಅವಳು ನಮ್ಮ ಮೊಮ್ಮಗಳಲ್ಲ.
"
"A homemaker, wife, mother and grandmother.
","ಗೃಹಿಣಿ, ಪತ್ನಿ ಮತ್ತು ತಾಯಿ.
"
"She resembles her grandmother Indira Gandhi.
","ಇಂದಿರಾ ಗಾಂಧಿ ಅವರನ್ನು ಹೋಲುತ್ತಾರೆ.
"
"A mom and a grandmother.
","ಅಮ್ಮ ಮತ್ತು ತಂಗಿ ಸುಜಾತ.
"
