eng_Latn,ory_Orya,remarks
"""""""Our grandfather came to the seaside village Hariabanka in 1948 from East Pakistan (now Bangladesh) after the partition of India as a registered refugee.""
","ଆମ ଜେଜେ ବାପା ସମୁଦ୍ରକୂଳିଆ ଗାଁ ହରିଆବାଙ୍କକୁ ୧୯୪୮ରେ ପୂର୍ବ ପାକିସ୍ତାନ (ଏବେର ବାଲାଂଦେଶ) ରୁ ବିଭାଜନ ପରେ ପଞ୍ଜିକୃତ ଶରଣାର୍ଥୀ ଭାବେ ଆସିଥିଲେ ।
",ଜେଜେ 
"""""""Yes, and so was my grandfather and my great grandfather.""""""
","""""""ହଁ l ଏଇଟା ବାବାର ବି, ଆଉ ମାଆ (ଜେଜେମା') ର ବି l""""""
",WT
"""""""Yes, how did you know grandfather?""""""
","""""""ଅପା, ତୁ କେମିତି ଜାଣିଲୁ ନାତି କି ନାତୁଣୀ?""
",WT
"""""""Your great grandfather?""
","""""""ତୋର ଦାଦାଙ୍କୁ?""
",ଦାଦା WT
"""""""Your my grandfather?""""""
","""""""ତୋର ଦାଦାଙ୍କୁ?""
",ଦାଦା WT
"""""""your grandfather?""""""
","""""""ତୋର ଦାଦାଙ୍କୁ?""
",ଦାଦା WT
"""MCC informed, """"Ted was a cherished husband, father and grandfather and one of England's greatest ever cricketers.""
","ଏମସିସି ଗୁରୁବାର ଏକ ବିବୃତ୍ତିରେ କହିଛି, ଟେଡ୍ ଜଣେ ଭଲ ପତି, ପିତା ଓ ଜେଜେ ଥିଲେ ଏବଂ ଇଂଲଣ୍ଡର ଅନ୍ୟତମ ମହାନ୍ କ୍ରିକେଟର ଥିଲେ।
","ଜେଜେ 
"
"- He's my grandfather.
","ସେ ମୋର ଦାଦା।
",ଦାଦା
"A few days later, my grandfather came to visit us.
","କିଛି ଦିନ ପରେ ମୋ ବଡ ଭାଇ ମୋତେ ଦେଖା କରିବାକୁ ଆସିଥିଲେ।
",WT
"A grandfather with love.
","ଭଲପାଇବାର ସହ ଦାଦି।
",WT
"After his grandfather passed away, he took over the family business.
","ତାଙ୍କ ମୃତ୍ୟୁ ପରେ ନାତି ବ୍ୟବସାୟ ସମ୍ଭାଳିଥିଲେ ।
",UT
"After that, he drove to his grandfather's house.
","ଏହା ପରେ ସେ ତାଙ୍କ ଜେଜେମା'ଙ୍କ ଘରକୁ ଚାଲି ଯାଇଥିଲେ।
",WT
"At a function last month, he also admitted to have a fondness for the speeches of Jawaharlal Nehru, the nation's first Prime Minister and the great grandfather of Rahul Gandhi.
","ଗତ ମାସରେ ଏକ ଉତ୍ସବରେ ସେ କହିଥିଲେ ତାଙ୍କୁ ଦେଶର ପ୍ରଥମ ପ୍ରଧାନମନ୍ତ୍ରୀ ତଥା ରାହୁଲଙ୍କ ଜେଜେ ଜବାହରଲାଲ ନେହରୁଙ୍କ ଭାଷଣ ବେଶ୍ ଆକୃଷ୍ଟ କରେ।
",ଜେଜେ
"At the time of partition, Vazir's grandfather and his family who lived along the India-Pakistan border in Bikaner district, migrated to Haryana and settled in Bhattu village of Fatehabad district.
","ଦେଶ ବିଭାଜନ ସମୟରେ, ବଜିରଙ୍କ ଜେଜେ ବାପା ଏବଂ ତାଙ୍କ ପରିବାର ଯେଉଁମାନେ ଭାରତ-ପାକିସ୍ତାନ ସୀମାରେ ବିକାନେର ଜିଲ୍ଲାରେ ରହୁଥିଲେ, ହରିୟାଣାକୁ ସ୍ଥାନାନ୍ତର ହେଲେ ଏବଂ ଫତେହାବାଦ ଜିଲ୍ଲାର ଭାଟୁ ଗାଁରେ ରହିଲେ।
",
"Both her father and grandfather had previously served as chairman.
","ପୂର୍ବରୁ ତାଙ୍କ ଜେଜେ ବାପା ଓ ବାପା ମଧ୍ୟ ଜଲ୍ଲାଦ ଭାବେ କାର୍ଯ୍ୟକରି ସାରିଛନ୍ତି ।
",
"But it is the kombu that he loves - something he learnt to play from his grandfather.
","କିନ୍ତୁ କୋମ୍ବୁକୁ ହିଁ ସେ ଭଲ ପାଆନ୍ତି-ଯାହାକୁ ବଜାଇବା ସେ ତାଙ୍କ ଜେଜେଙ୍କଠାରୁ ଶିଖିଥିଲେ।
",
"But my grandfather...
","କିନ୍ତୁ ବଡ଼ ବାପା...
",
"Do you remember your grandfather's name?
","ତୋ ଜେଜେମାଙ୍କ ନାଁ କଣ ମନେ ପକାଉନୁ ?
",
"Don't you hit your grandfather.
","ତୋ ଜେଜେଙ୍କୁ ଛୁଇଁବୁନି।
",
"Especially my grandfather's.
","ବିଶେଷ କରି ଜେଜେମା'ଙ୍କର।
",
"Even Shekhar Suman's son, Adhyayan Suman, is heartbroken over the death of his grandfather.
","ଏଥି ସହିତ ଶେଖର ସୁମନଙ୍କ ପୁଅ ଆଧ୍ୟୟନ ସୁମନ ମଧ୍ୟ ତାଙ୍କ ଜେଜେମା'ଙ୍କ ମୃତ୍ୟୁରେ ଦୁଃଖ ପ୍ରକାଶ କରିଛନ୍ତି ।
",
"Even my grandfather never saw that in his time.
","ଏପରିକି ମୋ ଜେଜେମା ମଧ୍ୟ ତାଙ୍କ ଜୀବନ କାଳରେ ଏପରି ହେବା କେବେ ଦେଖି ନ ଥିଲେ ।
",
"Every Sunday I go to my grandfather's home.
","ଆମେ ସବୁ ରବିବାର ନିଜ ଜେଜେ ମା'ଙ୍କ ଘରକୁ ଯାଉ ।
",
"Father, mother, grandmother, grandfather
","ମାଆ - ମା, ମାତା, ଜନନୀ, ଅମ୍ବା
",
"Following the death of their grandfather, Lee Kun-hee, last year, they were removed from the list after paying an $11 billion inheritance tax.
","ଗତ ବର୍ଷ ଲି କୁନ୍-ହେଙ୍କ ମୃତ୍ୟୁ ପରେ ପରିବାର ପକ୍ଷରୁ ୧୧୦୦ କୋଟି ଡଲାରର ଉତ୍ତରାଧିକାର ବାବଦରେ ଟିକସ ଦେବାକୁ ପଡ଼ିଥିଲା।
",
"Fortunately, her grandfather was present.
","ତେବେ ସୌଭାଗ୍ୟବଶତଃ ସେଠାରେ ତାଙ୍କ ଜେଜେମା' ଉପସ୍ଥିତ ଥିଲେ ।
",
"George Washington was the father of our country, but George Whitefield was the grandfather of it.
","ଜର୍ଜ ୱାଶିଂଟନ୍ ଆମ ଦେଶର ପିତା ଥିଲେ, କିନ୍ତୁ ଜର୍ଜ ହ୍ୱାଇଟଫିଲ୍ଡ ଏହାର ପିତାମହ ଥିଲେ।
",
"Have you got a grandfather? - Yes, I have.
","- ଆଚ୍ଛା , ତୋର ଜଣେ ଦାଦା ଅଛନ୍ତି ନା ?
",
"Have you seen my grandfather?
","ମୋର ବୁଢ଼ୀକୁ ତୁ ଦେଖି ଅଛୁକି ?
",
"He also became a grandfather in 2017.
","୨୦୧୭ ରେ ସେ ଜେଜେ ମଧ୍ୟ ହୋଇଛନ୍ତି ।
",
"He claims that this is why his father and grandfather committed suicide in May 2018.
","ତାଙ୍କର ଏହା ଦାବି ଅଛି ଯେ ଏହି କାରଣରୁ ତାଙ୍କ ବାପା ଏବଂ ଦାଦି ୨୦୧୮ ମଇରେ ଆତ୍ମହତ୍ୟା କରିଦେଇଛନ୍ତି ।
",
"He is my grandfather.
","ସେ ମୋର ଦାଦା।
",
"He kills his grandfather.
","ତାଙ୍କ ନିଜ ଦାଦାଙ୍କୁ ହତ୍ୟା କରିଥିଲେ।
",
"He learned it from his grandfather.
","ସେ ତାଙ୍କ ଜେଜେଙ୍କ ଠାରୁ ଏସବୁ ଶିଖିଛନ୍ତି ।
",
"He learned that from his grandfather.
","ସେ ତାଙ୍କ ଜେଜେଙ୍କ ଠାରୁ ଏସବୁ ଶିଖିଛନ୍ତି ।
",
"He learned this from his maternal grandfather.
","ସେ ତାଙ୍କ ଜେଜେଙ୍କ ଠାରୁ ଏସବୁ ଶିଖିଛନ୍ତି ।
",
"He learnt it off his grandfather.
","ସେ ତାଙ୍କ ଜେଜେଙ୍କ ଠାରୁ ଏସବୁ ଶିଖିଛନ୍ତି ।
",
"He learnt this from his grandfather.
","ସେ ତାଙ୍କ ଜେଜେଙ୍କ ଠାରୁ ଏସବୁ ଶିଖିଛନ୍ତି ।
",
"He lived with his grandfather.
","ସେ ନିଜ ଦାଦାଙ୍କ ସହିତ ରହୁଥିଲେ ।
",
"He lives with his grandfather.
","ସେ ନିଜ ଦାଦାଙ୍କ ସହିତ ରହୁଥିଲେ ।
",
"He murdered my grandfather.
","ତାଙ୍କ ନିଜ ଦାଦାଙ୍କୁ ହତ୍ୟା କରିଥିଲେ।
",
"He now lives in his grandfather's house.
","ସେମାନେ ଏବେ ନିଜ ଦାଦାଙ୍କ ଘରେ ରହୁଛନ୍ତି।
",
"He said his grandfather died in the attack.
","ସେ କହିଥିଲେ କି ଏହି ଘଟଣାରେ ତାଙ୍କ ଦାଦାଙ୍କର ମୃତ୍ୟୁ ହୋଇଗଲା ।
",
"He said his grandfather served in the military.
","ସେ ଆହୁରି କହିଛନ୍ତି ଯେ. ତାଙ୍କ ପିତା ସେନାବାହିନୀରେ କାର୍ଯ୍ୟ କରୁଥିଲେ ।
",
"He says his father and grandfather also served in the military.
","ଠାକୁର କହନ୍ତି, ତାଙ୍କ ଜେଜେ ଓ ଜେଜେଙ୍କ ବାପା ମଧ୍ୟ ସେନାବାହିନୀରେ କାର୍ଯ୍ୟ କରିଥିଲେ।
",
"He was not just a good father; but a good husband, father-in-law, grandfather, brother and friend.
","ତୁମେ କେବଳ ଜଣେ ଭଲ ପୁଅ ନୁହଁ ବରଂ ଜଣେ ଭଲ ଭାଇ, ସ୍ୱାମୀ, ପିତା ଏବଂ ବନ୍ଧୁ ମଧ୍ୟ_
",
"He was the grandfather of both the Pandavas and the Kauravas.
","ସେ ଉଭୟ ପାଣ୍ଡବ ଓ କୌରବଙ୍କ ପିତାମହ।
",
"He's my grandfather.
","ସେ ମୋର ଦାଦା।
",
"Her grandfather Daroga Rai was chief minister of Bihar in the 1960s.
","୧୯୬୦ ଦଶକରେ ଐଶ୍ବର୍ଯ୍ୟାଙ୍କ ଦାଦା ଦାରୋଗା ରାୟ ବିହାରର ମୁଖ୍ୟମନ୍ତ୍ରୀ ଥିଲେ ।
",
"Her grandfather Daroga Rai was the Chief Minister of Bihar in the 1960s.
","୧୯୬୦ ଦଶକରେ ଐଶ୍ବର୍ଯ୍ୟାଙ୍କ ଦାଦା ଦାରୋଗା ରାୟ ବିହାରର ମୁଖ୍ୟମନ୍ତ୍ରୀ ଥିଲେ ।
",
"Her grandfather Daroga Rai was the chief minister of Bihar in the 1960s.
","୧୯୬୦ ଦଶକରେ ଐଶ୍ବର୍ଯ୍ୟାଙ୍କ ଦାଦା ଦାରୋଗା ରାୟ ବିହାରର ମୁଖ୍ୟମନ୍ତ୍ରୀ ଥିଲେ ।
",
"Her grandfather Jan Nisar Akhtar was also an Urdu poet.
","ବାପା ଜାନ୍ ନିସାର ଅଖ୍ତର୍ ଜଣେ ପ୍ରସିଦ୍ଧ ଉର୍ଦ୍ଦୁ କବି ଥିଲେ।
",
"Her grandfather P V Gopalan was an Indian freedom-fighter.
","କମଳାଙ୍କ ଜେଜେ ବାପା ପି.ଭି ଗୋପାଳନ ଜଣେ ସ୍ୱାଧୀନତା ସଂଗ୍ରାମୀ ଥିଲେ ।
",
"Her grandfather Surinder Kapoor was also a filmmaker.
","ତାଙ୍କ ପିତା ସୁରିନ୍ଦର କପୁର ଜଣେ ଫିଲ୍ମ ପ୍ରଡ୍ୟୁସର ଥିଲେ ।
",
"Her grandfather and father were singers.
","ପିତା ଓ ବଡ଼ଭାଇ ଥିଲେ ପାଲା ଗାୟକ ।
",
"Her grandfather died at the scene.
","ଫଳରେ ଘଟଣାସ୍ଥଳରେ ତାଙ୍କ ଜେଜେମାଙ୍କ ମୃତ୍ୟୁ ହୋଇଥିଲା।
",
"Her grandfather is also the popular actor and director of the Indian Film Industry.
","ତାଙ୍କ ବାପା ଜଣେ ଜଣାଶୁଣା ଷ୍ଟଂଟମ୍ୟାନ ଏବଂ ହିନ୍ଦୀ ଫିଲ୍ମର ଆକ୍ସନ ଡାଇରେକ୍ଟର ମଧ୍ୟ ।
",
"Her grandfather was a politician.
","ତାଙ୍କ ବଡ଼ବାପା ଜଣେ ରାଜନୈତିକ ବ୍ୟକ୍ତି ଥିଲେ।
",
"Her grandfather was an officer for the Indian Administrative Service.
","ତାଙ୍କର ଜେଜେ ବାପା ଭାରତୀୟ ପ୍ରଶାସନିକ ସେବାର ଅଧିକାରୀ ଅଟନ୍ତି ।
",
"Her grandfather's?
","ତାଙ୍କ ଜେଜେଙ୍କ ଠାରୁ?
",
"His father and grandfather also help at the business.
","ଭାଗଚାଷ କରୁଥିବା ବାପା ଓ ଜେଜେଙ୍କୁ ଚାଷକାମରେ ସାହାଯ୍ୟ ମଧ୍ୟ କରିଥାନ୍ତି ।
",
"His father and grandfather are already dead.
","ପୂର୍ବରୁ ତାଙ୍କ ପୁଅ ଓ ନାତି ର ମୃତ୍ୟୁ ହୋଇ ଯାଇଛି ।
",
"His father and grandfather before him were publishers of the newspaper.
","ପୂର୍ବରୁ ତାଙ୍କ ବାପା ଓ ଜେଜେ ଏହାର ସଂପାଦକ ଥିଲେ।
",
"His father and grandfather had also served in the Indian Army.
","ତାଙ୍କ ବାପା ସେନାରେ ଓ ଜେଜେ ମଧ୍ୟ ଭାରତୀୟ ସେନାରେ ନିୟୋଜିତ ଥିଲେ।
",
"His father, Nichomachus, was a doctor for the king of Macedonia, who was the grandfather of Alexander the Great.
","ତାଙ୍କ ପିତା, ନିକୋମାକସ (Nichomachus) ସମ୍ରାଟ ଆଲେକଜାଣ୍ଡରଙ୍କ ପିତାମହଙ୍କ ରାଜବୈଦ୍ୟ ଥିଲେ ।
",
"His grandfather Surinder Kapoor was a Bollywood film producer.
","ତାଙ୍କ ପିତା ସୁରିନ୍ଦର କପୁର ଜଣେ ଫିଲ୍ମ ପ୍ରଡ୍ୟୁସର ଥିଲେ ।
",
"His grandfather also died there.
","ତାଙ୍କ ବାପାଙ୍କର ସେଠାରେ ମୃତ୍ୟୁ ମଧ୍ୟ ହୋଇଯାଇଥିଲା।
",
"His grandfather and father were theatre performers.
","ତାଙ୍କ ବାପା ଓ ଦାଦା ନାଟକରେ ଅଭିନୟ କରୁଥିଲେ ।
",
"His grandfather had dementia and passed away last year.
","ସେ ଡିମେଶିୟା ରୋଗରେ ପିଡ଼ିତ ଥିଲା ଏବଂ ଗତ ବର୍ଷ ତା ବାପାଙ୍କ ମୃତ୍ୟୁ ଘଟିଛି ।
",
"His grandfather lives in Mumbai.
","ବଡ଼ ବାପା ଙ୍କ ପୁଅ ମୁମ୍ବାଇ ରେ ରୁହନ୍ତି ।
",
"His grandfather was a High Court judge.
","ତାଙ୍କ ବାପା ଥିଲେ ହାଇକର୍ଟେର ବିଚାରପତି।
",
"His grandfather was a Supreme Court Justice.
","ତାଙ୍କ ବାପା ଥିଲେ ହାଇକର୍ଟେର ବିଚାରପତି।
",
"His grandfather was a bank director.
","ତାର ବାପା ଜଣେ ବ୍ୟାଂକ ମ୍ୟାନେଜର ।
",
"His grandfather was a car salesman.
","ତାଙ୍କ ପିତା ଜଣେ ସାଧାରଣ କାର ବିକ୍ରେତା ଥିଲେ ।
",
"His grandfather was a film producer.
","ତାଙ୍କ ବାପା ଜଣେ ଫିଲ୍ମ ନିର୍ମାତା ଥିଲେ ।
",
"His grandfather was a fisherman.
","ତାଙ୍କ ବାପା ଜଣେ ମତ୍ସ୍ୟଜୀବୀ ଥିଲେ।
",
"His grandfather was a freedom fighter.
","ତାଙ୍କ ପିତା ଜଣେ ସ୍ୱାଧୀନତା ସଂଗ୍ରାମୀ ଥିଲେ।
",
"His grandfather was an actor.
","ତାଙ୍କ ବାପା ଜଣେ ଅଭିନେତା ଥିଲେ।
",
"His grandfather was around 80 years old.
","ତାଙ୍କ ବାପାଙ୍କୁ ସେତେବେଳେ ପ୍ରାୟ ୮୦ ବର୍ଷ ହୋଇଥିଲା ।
",
"His grandfather was the King of Greece.
","ତାଙ୍କ ଜେଜେ ଗ୍ରୀସ୍ ର ଶାସକ ଥିଲେ।
",
"His grandfather was the last king.
","ବାପା ଚିକିଟିର ଶେଷ ରାଜା ଥିଲେ ।
",
"His grandfather's name is [...]
","ତାଙ୍କ ବାପାଙ୍କ ନାମ ଥିଲା [...]
",
"His grandfather's name was Shirin Mohammad Ali.
","ଆଲିଆଙ୍କ ଦାଦାଙ୍କ ନାମ ଶିରିନ୍ ମୋହମ୍ମଦ ଅଲ୍ଲୀ।
",
"His grandfather's?
","ତାଙ୍କ ଜେଜେଙ୍କ ଠାରୁ?
",
"His grandfather, Captain Jai Dev Bhasin was among the first seven pilots back in 1954 to become a commander.
","ତାଙ୍କ ଜେଜେ କ୍ୟାପଟେନ ଜୟ ଦେବ ଭସୀନ ଦେଶର ସେହି ସାତ ପାଇଲଟଙ୍କ ମଧ୍ୟରୁ ଜଣେ ଯିଏକି ୧୯୫୪ ମସିହାରେ କମାଣ୍ଡା ହୋଇଥିଲେ।
",
"His grandfather, S. P. Sambamurthy, was a popular Harikatha Artist.
","ତାଙ୍କ ବାପା ଏସପି ସମ୍ଭାମୁରଥି ହରିକଥା କଳାକାର ଥିଲେ।
",
"His grandfather, was a judge of the High Court of Justice.
","ତାଙ୍କ ବାପା ଥିଲେ ହାଇକର୍ଟେର ବିଚାରପତି।
",
"However, the grandfather didn't hear it.
","ହେଲେ ଜେଜେମା' ଶୁଣିନଥିଲେ ।
",
"I am Father and grandfather.
","ମୁଁ ଜେଜେମା ଓ ମା ର ବାପା ହୋଇ ଯାଇଛି।
",
"I am father and grandfather.
","ମୁଁ ଜେଜେମା ଓ ମା ର ବାପା ହୋଇ ଯାଇଛି।
",
"I asked my grandfather why.
","ମୁଁ ପଚାରିଲି କାହିଁକି ଆଣ୍ଟି ।
",
"I didn't say anything to the grandfather about that.
","ଜେଜେମା'କୁ ବି କହିନି ଏ ବିଷୟରେ ।
",
"I didn't tell my grandfather this.
","ଜେଜେମା'କୁ ବି କହିନି ଏ ବିଷୟରେ ।
",
"I don't know, grandfather.
","- ସେକଥା ମୁଁ ଜାଣେନି ନାତି।
",
"I had a grandfather.
","ମୋର ଜଣେ ଜେଜେ ଥିଲା।
",
"I have learned it from my grandfather.
","ମୁଁ ତପନ ଦାଦାଙ୍କଠାରୁ ଏହା ଶିଖିଲି ।
",
"I learned from my grandfather.
","ମୁଁ ତପନ ଦାଦାଙ୍କଠାରୁ ଏହା ଶିଖିଲି ।
",
"I learned it from my grandfather.
","ମୁଁ ତପନ ଦାଦାଙ୍କଠାରୁ ଏହା ଶିଖିଲି ।
",
"I learned it from my paternal grandfather.
","ମୁଁ ତପନ ଦାଦାଙ୍କଠାରୁ ଏହା ଶିଖିଲି ।
",
"I missed my mother and my grandfather.
","ମୋର ମାଆ ଓ ବଡ଼ଦେଈ କଥା ବହୁତ ମନେ ପଡ଼ିଲା ।
",
"I never told my grandfather about it.
","ଜେଜେମା'କୁ ବି କହିନି ଏ ବିଷୟରେ ।
",
"I saw my grandfather.
","ଦେଖିଛି ମୋ ନାତିକୁ।
",
"I slept in my grandfather's bed.
","ମୁ ବଡବାପା ଙ୍କ ଘରେ ଶୋଉଥିଲି।
",
"I slept in my grandfather's hause.
","ମୁ ବଡବାପା ଙ୍କ ଘରେ ଶୋଉଥିଲି।
",
"I slept in my great grandfather's room.
","ମୁ ବଡବାପା ଙ୍କ ଘରେ ଶୋଉଥିଲି।
",
"I used to sleep in my grandfather's bed.
","ମୁ ବଡବାପା ଙ୍କ ଘରେ ଶୋଉଥିଲି।
",
"I will give back to you all of the land of your grandfather Saul.
","ମୁ ତୁମ୍ଭକୁ ତକ୍ସ୍ଟମ୍ଭ ଜେଜେ ବାପା ଶାଉଲଙ୍କର ସମସ୍ତ ସଐତ୍ତି ତୁମ୍ଭକୁ ଫେରାଇ େଦବି।
",
"I will give back to you all the land that belonged to your grandfather Saul.
","ମୁଁ ତୁମ୍ଭକୁ ତୁମ୍ଭ ଜେଜେ ବାପା ଶାଉଲଙ୍କର ସମସ୍ତ ସମ୍ପତ୍ତି ତୁମ୍ଭକୁ ଫେରାଇ ଦେବି।
",
"I will give you back all the land that belonged to your grandfather Saul.
","ମୁ ତୁମ୍ଭକୁ ତକ୍ସ୍ଟମ୍ଭ ଜେଜେ ବାପା ଶାଉଲଙ୍କର ସମସ୍ତ ସଐତ୍ତି ତୁମ୍ଭକୁ ଫେରାଇ େଦବି।
",
"I'll give back to you all of the land that belonged to your grandfather Saul.
","ମୁ ତୁମ୍ଭକୁ ତକ୍ସ୍ଟମ୍ଭ ଜେଜେ ବାପା ଶାଉଲଙ୍କର ସମସ୍ତ ସଐତ୍ତି ତୁମ୍ଭକୁ ଫେରାଇ େଦବି।
",
"I'll give back to you all the land that belonged to your grandfather Saul.
","ମୁ ତୁମ୍ଭକୁ ତକ୍ସ୍ଟମ୍ଭ ଜେଜେ ବାପା ଶାଉଲଙ୍କର ସମସ୍ତ ସଐତ୍ତି ତୁମ୍ଭକୁ ଫେରାଇ େଦବି।
",
"I'll talk to my grandfather about it.
","ମୁଁ ତୋ ମାମୁଁଙ୍କ ସହ ଏ ବିଷୟରେ କଥା ହେବି ।
",
"In honor of Bow's grandfather.
","ବାପା ବୋଉଙ୍କ ସମ୍ମାନ ପାଇଁ ।
",
"In my family, I have my grandfather and mother.
","ମୋ ପରିବାରରେ ମୁଁ ମୋ ବାପା, ମା ଏବଂ ଦାଦା।
",
"It had killed his grandfather.
","ତାଙ୍କ ନିଜ ଦାଦାଙ୍କୁ ହତ୍ୟା କରିଥିଲେ।
",
"It saved my grandfather's life!
","ନାତି ଜୀବନ ବଂଚାଇଲେ ଜେଜେମା' !
",
"It was built by the actor's grandfather Dewan Basheshwanath Kapoor from 1918 to 1922.
","ଏହା ୧୯୧୮ ରୁ ୧୯୨୨ ମଧ୍ୟରେ ଦିଓ୍ବାନ ବାସେସ୍ୱରନାଥ କପୁରଙ୍କ ଦ୍ୱାରା ନିର୍ମାଣ କରାଯାଇଥିଲା।
",
"Josh's grandfather passed away on Tuesday.
","ମଙ୍ଗଳବାର ଜୋଶୀଙ୍କ ନାତୁଣୀଙ୍କର ମୃତ୍ୟୁ ଘଟିଛି।
",
"Manisha's grandfather Viseshwar Prasad Koirala has been the Prime Minister of Nepal.
","ମନୀଷାଙ୍କ ବାପା ବିଶ୍ବେଶ୍ବର ପ୍ରସାଦ କୋଇରାଲା ନେପାଲର ପ୍ରଧାନ ମନ୍ତ୍ରୀ ଥିଲେ ।
",
"Meaning - There Arjuna could see, within the midst of the armies of both parties, his fathers, grandfathers, teachers, maternal uncles, brothers, sons, grandsons, friends, and also his father-in-law and well-wishers-all present there.
","ଅର୍ଜୁନ ସେଠାରେ ଉଭୟ ପକ୍ଷ ସୈନ୍ୟବାହିନୀରେ ତାଙ୍କର ପିତା, ପ୍ରପିତା, ଗୁରୁ, ମାମୁଁ, ଭାଇ, ସମ୍ପର୍କୀୟ ଭାଇ, ପୁତୁରା, ନାତି, ବନ୍ଧୁ, ଶ୍ୱଶୁର ଏବଂ ହିତାକାଂକ୍ଷୀମାନଙ୍କୁ ଦେଖିବାକୁ ପାଇଲେ ।
",
"Minutes after Rahul Gandhi mocked Prime Minister Narendra Modi over China's recent move on terrorist Masood Azhar, the Bharatiya Janata Party (BJP) targetted the Congress chief saying it was his grandfather, Jawaharlal Nehru, who gifted the United Nations Security Council (UNSC) seat to China.
","ନୂଆଦିଲ୍ଲୀଃ ଆତଙ୍କବାଦୀ ମାସୁଦ ଆଝାରଙ୍କ ପ୍ରତି ଚୀନ୍ର ପଦକ୍ଷେପ ସଂକ୍ରାନ୍ତରେ ପ୍ରଧାନମନ୍ତ୍ରୀ ନରେନ୍ଦ୍ର ମୋଦିଙ୍କୁ କଂଗ୍ରେସ ଅଧ୍ୟକ୍ଷ ରାହୁଳ ଗାନ୍ଧୀ ବିଦ୍ରୂପ କରିବାର କେଇ ମିନିଟ୍ ପରେ ଭାରତୀୟ ଜନତା ପାର୍ଟି କହିଛିଃ ତାଙ୍କ ଅଣଜେଜେ ଜବାହରଲାଲ୍ ନେହେରୁ ହିଁ ଚୀନ୍କୁ ଜାତିସଂଘ ସୁରକ୍ଷା ପରିଷଦ୍ର ଆସନ ଉପହାର ଦେଇଥିଲେ।
",
"My father and grandfather have been inspirational for me.
","ମୋ ଜେଜେ ଓ ବାପା ହେଉଛନ୍ତି ମୋ ପ୍ରେରଣା ।
",
"My father and grandfather used to go from village to village to entertain people.
","ମୋ ପିତା ଏବଂ ଜେଜେ ବାପା ପ୍ରତି ଗ୍ରାମକୁ ଯାଇ ଲୋକମାନଙ୍କର ମନୋରଞ୍ଜନ କରୁଥିଲେ।
",
"My grandfather also loved me a lot.
","ମୋ ବୋଉ ବି ମୋତେ ବହୁତ ଭଲପାଏ।
",
"My grandfather and father are singers.
","ପିତା ଓ ବଡ଼ଭାଇ ଥିଲେ ପାଲା ଗାୟକ ।
",
"My grandfather and grandmother live in the village.
","ମୋ ବଡବାପା ଆଉ ବଡ଼ବୋଉ ଗାଁ ରେ ରୁହନ୍ତି ।
",
"My grandfather and his two brothers.
","ମୋର ଜେଜେ ବାପା ଓ ତାଙ୍କର ଦୁଇ ସାନ ଭାଇ ଥିଲେ ।
",
"My grandfather came to the seaside village Pitapatha from Midnapore district of West Bengal in 1948.
","ମୋ ଜେଜେ ବାପା ସମୁଦ୍ରକୂଳିଆ ଗାଁ ପିତାପଠାକୁ ପଶ୍ଚିମବଙ୍ଗର ମେଦିନିପୁର ଜିଲ୍ଲାରୁ ୧୯୪୮ରେ ଆସିଥିଲେ ।
",
"My grandfather didn't read.
","ମୋ ବୋଉ ପାଠ ପଢି ନଥିଲା।
",
"My grandfather died this year as well.
","ବନ୍ଧୁଗଣ ଚଳିତ ବର୍ଷ ତାଙ୍କ ବାପା ଙ୍କର ମଧ୍ୟ ବିୟୋଗ ହୋଇଥିଲା ।
",
"My grandfather encouraged me, too.
","ବାପା ବି ମୋତେ ଉତ୍ସାହିତ କଲେ ।
",
"My grandfather had 2 brothers.
","ମୋର ଜେଜେ ବାପା ଓ ତାଙ୍କର ଦୁଇ ସାନ ଭାଇ ଥିଲେ ।
",
"My grandfather had also belonged to the group.
","ମୋର ଦାଦା ପୁଅ ଭାଇ ମଧ୍ୟ ଏହି ଦଳରେ ସାମିଲ ଥିଲା।
",
"My grandfather had two brothers.
","ମୋର ଜେଜେ ବାପା ଓ ତାଙ୍କର ଦୁଇ ସାନ ଭାଇ ଥିଲେ ।
",
"My grandfather has always been my inspiration.
","ବାପା ସବୁବେଳେ ମୋର ପ୍ରେରଣା ହୋଇ ଆସିଛନ୍ତି।
",
"My grandfather in America.
","ନାତୁଣୀ ଆମେରିକାରେ ।
",
"My grandfather is a simple man.
","ମୋ ବାଆ ସରଳିଆ ଲୋକଟିଏ।
",
"My grandfather is a worker.
","ତାଙ୍କ ଦାଦା ଜଣେ ଶ୍ରମିକ।
",
"My grandfather is in prison, too.
","ଦାଦା ମଧ୍ୟ ଜେଲ୍ ଭିତରେ ।
",
"My grandfather is no more in the world.
","ମୋ ବାପା ବୋଉ ଆଉ ସଂସାରରେ ନ ଥା'ନ୍ତି ।
",
"My grandfather is staying here.
","ମାମୁଁ ରୁହନ୍ତି ଏଠି।
",
"My grandfather lived for a hundred years.
","ଶତାଧିକ ବର୍ଷ ଜୀବିତ ଥିଲେ ବାବା ।
",
"My grandfather lives in the village.
","ବାପା ଗାଁ'ରେ ରହୁଛନ୍ତି ।
",
"My grandfather married twice.
","ମୋର ଦାଦା ଦୁଇଟା ବିବାହା କରିଛନ୍ତି ।
",
"My grandfather never went to school.
","ମୋ ବାପା କେବେ ସ୍କୁଲ ଯାଇନଥିଲେ।
",
"My grandfather passed away six years ago today.
","ଆଜିକୁ ୬ ବର୍ଷ ତଳେ ମୋ ଖୁଡି ଙ୍କ ଦେହାନ୍ତ ହୋଇ ସାରିଛି।
",
"My grandfather passed away this year as well.
","ବନ୍ଧୁଗଣ ଚଳିତ ବର୍ଷ ତାଙ୍କ ବାପା ଙ୍କର ମଧ୍ୟ ବିୟୋଗ ହୋଇଥିଲା ।
",
"My grandfather quit school after the fifth grade to go to work.
","ମୋ ବାପା ପଞ୍ଚମଶ୍ରେଣୀ ପର୍ଯ୍ୟନ୍ତ ସ୍କୁଲ ଯାଇଥିଲେ ଏବଂ ଏହା ପରେ କାମ ଆରମ୍ଭ କରିବା ପାଇଁ ପାଠପଢ଼ା ଛାଡ଼ିଥିଲେ।
",
"My grandfather was a big fan of classic music.
","ତାଙ୍କ ବାପା ଶାସ୍ତ୍ରୀୟ ସଙ୍ଗୀତର ବଡ଼ ପ୍ରଶଂସକ ଥିଲେ।
",
"My grandfather was a good photographer.
","ମୋ ବାପା ଜଣେ ଭଲ ଚିତ୍ରକର ଥିଲେ।
",
"My grandfather was a politician.
","ତାଙ୍କ ବଡ଼ବାପା ଜଣେ ରାଜନୈତିକ ବ୍ୟକ୍ତି ଥିଲେ।
",
"My grandfather was dead by then.
","ମୋ ନନାଙ୍କ ଦେହାନ୍ତ ହେଲାଣି ସେତେବେଳକୁ।
",
"My grandfather was married twice.
","ମୋର ଦାଦା ଦୁଇଟା ବିବାହା କରିଛନ୍ତି ।
",
"My grandfather was twice married.
","ମୋର ଦାଦା ଦୁଇଟା ବିବାହା କରିଛନ୍ତି ।
",
"My grandfathers were farmers.
","""""""ମୋର ପୂର୍ବଜମାନେ ଚାଷୀ ଥିଲେ।""
",
"My mother and grandfather had it as well.
","ମୋ ମା' ଏବଂ ବଡ଼ ଭାଇ ମଧ୍ୟ ତାହା ଚାହୁଁଥିଲେ।
",
"Pawan says that he has learned the technique of hanging from his grandfather and father.
","ପବନଙ୍କ କହିବାନୁସାରେ ସେ ବାପା ଓ ଦାଦାଙ୍କଠାରୁ ଫାଶୀ ଦେବା ଟେକ୍ନିକ୍ ଶିଖିଛନ୍ତି।
",
"Q. What were the names of his father and grandfather?
","୩ଃ- ବାଳୀ ଓ ସୁଗ୍ରୀବଙ୍କ ପିତାଙ୍କ ନାମ କଣ?
",
"She gave us her grandfather's phone number.
","ସେ ତାଙ୍କ ମାମୁଙ୍କ ମୋବାଇଲ୍ ଫୋନ୍ ନମ୍ୱର ଦେଇଥିଲେ।
",
"She got home and told her grandfather about the incident.
","ଘରକୁ ଆସି ତାର ଜେଜେ ମା'ଙ୍କୁ ସମସ୍ତ ଘଟଣା ସମ୍ପର୍କରେ କହିଥିଲା।
",
"She had a grandfather.
","ତାର ଜଣେ ଜେଜେ ଥାଆନ୍ତି।
",
"She had taken her grandfather's clothes.
","ସେ ନିଜ ଜେଜେଙ୍କୁ ନିଜ ପୋଷାକ ପିନ୍ଧାଇ ଥିଲେ।
",
"She is his grandfather's daughter.
","ବାପାଙ୍କ ବଡ଼ ଝିଅ ସେ ।
",
"She is talking to her grandfather on phone.
","ନାତି ନାତୁଣୀଙ୍କ ସହ ଫୋନ ରେ ଦେଖି କଥା ହେଉଛନ୍ତି।
",
"She killed her grandfather.
","ତାଙ୍କ ନିଜ ଦାଦାଙ୍କୁ ହତ୍ୟା କରିଥିଲେ।
",
"She learned it from her grandfather.
","ସେ ତାଙ୍କ ଜେଜେଙ୍କ ଠାରୁ ଏସବୁ ଶିଖିଛନ୍ତି ।
",
"She lived with her grandfather.
","ସେ ନିଜ ଦାଦାଙ୍କ ସହିତ ରହୁଥିଲେ ।
",
"She murdered her grandfather.
","ତାଙ୍କ ନିଜ ଦାଦାଙ୍କୁ ହତ୍ୟା କରିଥିଲେ।
",
"Similarly, at 2.15 pm, the girl reached her grandfather's house by helicopter.
","ଏହିପରି ଦ୍ବିପ୍ରହର ୨.୧୫ରେ ହେଲିକେପ୍ଟରରୁ ଝିଅଟି ନିଜ ଜେଜେଙ୍କ ଘରେ ପହଞ୍ଚିଥିଲେ।
",
"Since then, his father and grandfather have died.
","ଏହାପରେ ତାଙ୍କ ବାପା ଓ ଜେଜେ ମା'ଙ୍କ ମୃତ୍ୟୁ ହୋଇଥିଲା।
",
"So my grandfather...
","ସେଥିପାଇଁ ମୋତେ ମୋ ଜେଜେ ମ...
",
"That is how his grandfather did it.
","ତାଙ୍କ ଜେଜେମା'ଙ୍କ ଏଭଳି କରୁଥିଲେ।
",
"That's how his grandfather did it.
","ତାଙ୍କ ଜେଜେମା'ଙ୍କ ଏଭଳି କରୁଥିଲେ।
",
"The Dada Saheed Phalke Award award is known as the grandfather of movie cinema.
","ଦାଦା ସାହେବ ଫାଲକେ ପୁରସ୍କାରକୁ ସିନେମାର ପିତାମହ କୁହାଯାଇଥାଏ ।
",
"The grandfather and grandson died on the spot.
","ଘଟଣାସ୍ଥଳରେ ଜେଜେମା ଓ ନାତିଙ୍କର ମୃତ୍ୟୁ ହୋଇଛି ।
",
"The house was bought by my grandfather many years ago .
","ଏହି ଘରକୁ ତାଙ୍କ ଦାଦା-ଦାଦୀ ଅନେକ ବର୍ଷ ପୂର୍ବେ କିଣିଥିଲେ।
",
"The house was bought by my grandfather many years ago.
","ଏହି ଘରକୁ ତାଙ୍କ ଦାଦା-ଦାଦୀ ଅନେକ ବର୍ଷ ପୂର୍ବେ କିଣିଥିଲେ।
",
"The police have arrested the girl's grandfather and an auto driver, and are searching for the remaining accused.
","ମାମଲାରେ ଏପର୍ୟ୍ୟନ୍ତ ଝିଅର ଜେଜେ ଓ ଅଟୋ ଡ୍ରାଇଭର ଗିରଫ ହୋଇଥିବା ବେଳେ ପୁଲିସ ଅନ୍ୟମାନଙ୍କୁ ଖୋଜୁଛି।
",
"The police have now detained the girl's maternal grandfather.
","ଏବେ ପୋଲିସ ଝିଅଟିର ଦାଦା ପୁଅ ଭାଇକୁ ଗିରଫ କରି ପଚରାଉଚରା କରିଛି।
",
"The son, father, and grandfather
","ପୁଅ,ବୋହୂ, ନାତି ନାତୁଣୀରେ
",
"Their grandfather bought the property many years ago.
","ଏହି ଘରକୁ ତାଙ୍କ ଦାଦା-ଦାଦୀ ଅନେକ ବର୍ଷ ପୂର୍ବେ କିଣିଥିଲେ।
",
"There Arjuna could see, within the midst of the armies of both parties, his fathers, grandfathers, teachers, maternal uncles, brothers, sons, grandsons, friends, and also his father-in-law and well-wishers.
","ଅର୍ଜୁନ ସେଠାରେ ଉଭୟ ପକ୍ଷ ସୈନ୍ୟବାହିନୀରେ ତାଙ୍କର ପିତା, ପ୍ରପିତା, ଗୁରୁ, ମାମୁଁ, ଭାଇ, ସମ୍ପର୍କୀୟ ଭାଇ, ପୁତୁରା, ନାତି, ବନ୍ଧୁ, ଶ୍ୱଶୁର ଏବଂ ହିତାକାଂକ୍ଷୀମାନଙ୍କୁ ଦେଖିବାକୁ ପାଇଲେ ।
",
"There Arjuna saw, in the midst of the armies of both parties, his grandfathers, teachers, maternal uncles, brothers, sons, grandsons, friends and well-wishers.
","ଅର୍ଜୁନ ସେଠାରେ ଉଭୟ ପକ୍ଷ ସୈନ୍ୟବାହିନୀରେ ତାଙ୍କର ପିତା, ପ୍ରପିତା, ଗୁରୁ, ମାମୁଁ, ଭାଇ, ସମ୍ପର୍କୀୟ ଭାଇ, ପୁତୁରା, ନାତି, ବନ୍ଧୁ, ଶ୍ୱଶୁର ଏବଂ ହିତାକାଂକ୍ଷୀମାନଙ୍କୁ ଦେଖିବାକୁ ପାଇଲେ ।
",
"There is also a grandfather.
","ନାତି ନାତୁଣୀ ବି ଅଛନ୍ତି।
",
"They killed his grandfather.
","ତାଙ୍କ ନିଜ ଦାଦାଙ୍କୁ ହତ୍ୟା କରିଥିଲେ।
",
"They're also educated, coming from very rich family also, but they do not like the way of envelopment as their fathers and grandfathers liked.
","ସେମାନେ ମଧ୍ୟ ଶିକ୍ଷିତ, ବହୁତ ଧନୀ ପରିବାରରୁ ମଧ୍ୟ ଆସିଛନ୍ତି, କିନ୍ତୁ ସେମାନଙ୍କୁ ବର୍ତ୍ତମାନର ବାତାବରଣ ପସନ୍ଦ ଆସିଲା ନାହିଁ ତାଙ୍କର ପିତା ଏବଂ ଜେଜେ ବାପାଙ୍କ ପରି ।
",
"They're also educated, coming from very rich family also, but they do not like the way of envelopment as their fathers and grandfathers likedD
","ସେମାନେ ମଧ୍ୟ ଶିକ୍ଷିତ, ବହୁତ ଧନୀ ପରିବାରରୁ ମଧ୍ୟ ଆସିଛନ୍ତି, କିନ୍ତୁ ସେମାନଙ୍କୁ ବର୍ତ୍ତମାନର ବାତାବରଣ ପସନ୍ଦ ଆସିଲା ନାହିଁ ତାଙ୍କର ପିତା ଏବଂ ଜେଜେ ବାପାଙ୍କ ପରି ।
",
"They're also educated, coming from very rich family also, but they do not like the ways of envelopment as their fathers and grandfathers liked.
","ସେମାନେ ମଧ୍ୟ ଶିକ୍ଷିତ, ବହୁତ ଧନୀ ପରିବାରରୁ ମଧ୍ୟ ଆସିଛନ୍ତି, କିନ୍ତୁ ସେମାନଙ୍କୁ ବର୍ତ୍ତମାନର ବାତାବରଣ ପସନ୍ଦ ଆସିଲା ନାହିଁ ତାଙ୍କର ପିତା ଏବଂ ଜେଜେ ବାପାଙ୍କ ପରି ।
",
"This school was founded by his grandfather.
","ଏହି ସ୍କୁଲ ତାଙ୍କ ଜେଜେଙ୍କ ନାମରେ ଗଠନ କରାଯାଇଥିଲା ।
",
"This tradition has been passed down from our pioneer grandfathers.
","ଏହି ପରମ୍ପରା ଆମ ପୂର୍ବପୁରୁଷଙ୍କଠାରୁ ଚାଲି ଆସିଛି ।
",
"What was your maternal grandfather's first name?
","- ପୂର୍ବଜନ୍ମରେ ତୁମ ବଡ ଭଉଣୀଙ୍କ ପୁରାନାମ କଣ ଥିଲା?
",
"When terrorists started firing from a mosque, Pawan Kumar saw the child sitting on his grandfather's body.
","ସୋପୋରର ଏକ ମସଜିଦରୁ ଆତଙ୍କବାଦୀ ଗୁଳି ଚଳାଇବା ଆରମ୍ଭ କରିଥିଲେ ସେତେବେଳେ ପବନ କୁମାର ପିଲାଟିକୁ ତାଙ୍କ ଜେଜେ ବାପାଙ୍କ ଦେହରେ ବସିଥିବାର ଦେଖିଥିଲେ।
",
"Where my grandfather was born.
","ଯେଉଁଠି ମୋ ଜେଜେମାଆ ଜନ୍ମ ହୋଇଥିଲେ।
",
"Who's grandfather is?
","କିଏ ନାତି କିରେ ?
",
"Who's the grandfather?
","ଦାଦା କାହାନ୍ତି ?
",
"Yesterday I lost my grandfather.
","ଗତକାଲି ମୁଁ ମୋ ଜେଜେମା'ଙ୍କୁ ହରାଛି।
",
"Yesterday was my grandfather's 77th birthday.
","ଗତକାଲି ଥିଲା ବିଗ ବି'ଙ୍କ ୭୭ ତମ ଜନ୍ମଦିନ ।
",
"Your father's grandfather.
","ତୁମ୍ଭ ପିତାର ମହାଯଜ୍ଞେ ।
",
"Zafar Masud's mother is directly related to Kamal Amrohi; his maternal grandfather Taqi Amrohi, who was a journalist in Pakistan, was the Pakeezah filmmaker's cousin.
","ଜାଫର ମାସୁଦଙ୍କ ମା କମଲ ଆମ୍ରୋହିଙ୍କ ସହ ସିଧାସଳଖ ଜଡିତ ଥିବାରୁ ତାଙ୍କ ମାତୃ ଦାଦା ଟାକି ଆମ୍ରୋହି ପାକିସ୍ତାନରେ ସାମ୍ବାଦିକ ଥିଲେ, ସେ 'ପାକିଜା' ଚଳଚ୍ଚିତ୍ର ନିର୍ମାତାଙ୍କ ସମ୍ପର୍କୀୟ ଥିଲେ।
",
"at her grandfather's?
","ତାଙ୍କ ଜେଜେଙ୍କ ଠାରୁ?
",
"did his grandfather.
","କରିଛନ୍ତି ତାଙ୍କ ନାତି।
",
"ere, Arjun could see stationed in both armies, his fathers, grandfathers, teachers, maternal uncles, brothers, cousins, sons, nephews, grandnephews, friends, fathers-in-law, and well-wishers.
","ଅର୍ଜୁନ ସେଠାରେ ଉଭୟ ପକ୍ଷ ସୈନ୍ୟବାହିନୀରେ ତାଙ୍କର ପିତା, ପ୍ରପିତା, ଗୁରୁ, ମାମୁଁ, ଭାଇ, ସମ୍ପର୍କୀୟ ଭାଇ, ପୁତୁରା, ନାତି, ବନ୍ଧୁ, ଶ୍ୱଶୁର ଏବଂ ହିତାକାଂକ୍ଷୀମାନଙ୍କୁ ଦେଖିବାକୁ ପାଇଲେ ।
",
"grandfather was a worker.
","ତାଙ୍କ ଦାଦା ଜଣେ ଶ୍ରମିକ।
",
"he killed her grandfather.
","ତାଙ୍କ ନିଜ ଦାଦାଙ୍କୁ ହତ୍ୟା କରିଥିଲେ।
",
"he slept in my grandfather's house.
","ମୁ ବଡବାପା ଙ୍କ ଘରେ ଶୋଉଥିଲି।
",
"her grandfather was an officer for the Indian Administrative Service.
","ତାଙ୍କର ଜେଜେ ବାପା ଭାରତୀୟ ପ୍ରଶାସନିକ ସେବାର ଅଧିକାରୀ ଅଟନ୍ତି ।
",
"in his grandfather's ?
","ତାଙ୍କ ଜେଜେଙ୍କ ଠାରୁ?
",
"murdered his grandfather.
","ତାଙ୍କ ନିଜ ଦାଦାଙ୍କୁ ହତ୍ୟା କରିଥିଲେ।
",
"my grandfather has died.
","ମୋ ନାତିର ମୃତ୍ୟୁ ହୋଇଯାଇଛି।
",
"now they live at their grandfather's.
","ସେମାନେ ଏବେ ନିଜ ଦାଦାଙ୍କ ଘରେ ରହୁଛନ୍ତି।
",
"where my grandfather was born.
","ଯେଉଁଠି ମୋ ଜେଜେମାଆ ଜନ୍ମ ହୋଇଥିଲେ।
",
"your grandfather's.
","ତୋର ଜେଜେ ବାପା ।
",
"Ana loved her grandfather.
","ଆନ୍ନା ନିଜ ମାଁଙ୍କୁ ବହୁତ ଭଲ ପାଉଥିଲେ।
",
"But I know your grandfather.
","ହେଲେ ଚନ୍ଦୁ ତୋ କଥା ମୁଁ ଜାଣିଛି।
",
"His grandfather’s name was Chandradeva and his father’s name was Guhideva.
","ତାଙ୍କ ପିତାଙ୍କ ନାମ ଥିଲା ଗଜେନ୍ଦ୍ର ଦାସ ଓ ମାତାଙ୍କ ନାମ ସଖୀ ଦେଈ ।
",
"His father was Raj Kapoor, his grandfather theatre pioneer Prithiviraj Kapoor.
","ତାଙ୍କ ପିତା ଥିଲେ ଅଭିନେତା ଓ ନିର୍ଦ୍ଦେଶକ ରାଜ କପୁର ଓ ମାତା କ୍ରିଷ୍ଣା ରାଜ କପୁର ।
",
"A special gift for your grandfather.
","ଖାସ୍‌ ଆପଣଙ୍କ ପାଇଁ ଆସିଥିବା ବିଶେଷ ଉପହାର।
",
"Both her grandfather and her father were drummers.
","ତାଙ୍କ ବାପା ଓ ମାଅା ଉଭୟ ଗୀତିକାର ।
",
"His grandfather received bullet injuries.
","ଏଥିରେ ପୁତୁରାର ଗୁଳିରେ ଦାଦା ଆହତ ହୋଇଛନ୍ତି।
",
"Afterward, she stayed there with her grandfather and grandmother.
","ଏହାପରେ ସେ ବଡ଼ ବୋହୂ ଓ ନାତି-ନାତୁଣୀଙ୍କ ସହ ସେହି ଘରେ ରହୁଥିଲେ।
",
"Among them was my grandfather.
","ସେମାନଙ୍କ ମଧ୍ୟରେ ଥିଲେ ତାଙ୍କ ବାପା।
",
"Also, my father and grandfather lived there.
","ଏଠାରେ ତାଙ୍କ ପିତା ଓ ଜେଜେ ମଧ୍ୟ ଅବସ୍ଥାନ କରୁଥିଲେ।
",
"He had understood nothing of what his grandfather had been saying.
","ବାପାଙ୍କ କଥାରୁ କିଛି ବୁଝିପାରିଲା ନାହିଁ ।
",
"My grandfather had migrated from Afghanistan and was a jailer in Bhopal.
","ତାଙ୍କ ଜେଜେ ଆଫଗାନିସ୍ତାନରୁ ଆସିଥିଲେ ଓ ଭୋପାଲରେ ଜେଲର ଥିଲେ।
",
"A father or grandfather?
","ବିଦ୍ୟାଭାରତୀ ନା ତାଙ୍କ ବାପା?
",
"Both his father and grandfather were professional musicians.
","ତାଙ୍କ ବାପା ଓ ମାଅା ଉଭୟ ଗୀତିକାର ।
",
"Both his father and grandfather were organists and composers.
","ତାଙ୍କ ବାପା ଓ ମାଅା ଉଭୟ ଗୀତିକାର ।
",
"A few days later, my grandfather passed away.
","କିଛି ଦିନ ତଳେ ବାପାଙ୍କ ମୃତ୍ୟୁ ହୋଇଯାଇଥିଲା।
",
"Police have detained the grandmother, grandfather and father of the child for questioning in connection with the matter.
","ଏହି ଘଟଣାରେ ସାମିଲ ଥିବା ମା, ବାପା ଓ ଦୁଇ ପୁଅକୁ ଅଟକ ରଖି ପଚରାଉଚରା ଜାରି ରଖିଥିବା ପୁଲିସ ସୂଚନା ଦେଇଥିଲା।
",
"She attributed her success to her parents, her grandfather and teachers for their encouragement.
","ନିଜ ସଫଳତା ପାଇଁ ପ୍ରତିମା ବାପା, ମା’ଙ୍କ ସହ ଶିକ୍ଷକ, ଶିକ୍ଷୟତ୍ରୀଙ୍କୁ ଶ୍ରେୟ ଦେଇଛନ୍ତି।
",
"His father’s name was Habib and grandfather’s name was 'Amarah.
","ତାଙ୍କ ପିତାଙ୍କ ନାମ ବୀରବର ମହାନ୍ତି ଓ ମାତାଙ୍କ ନାମ ଆଦରମଣି ମହାନ୍ତି ଥିଲା ।
",
"His father and grandfather had been famous intellectuals in their own days.
","ତାଙ୍କ ଜେଜେ ଓ ନିଜ ପିତା ନିଜ ନିଜ ସମୟର ବିଖ୍ୟାତ ସାରଙ୍ଗୀ ବାଦକ ଥିଲେ ।
",
"Brothers and sisters, grandfather and grandmother.
","ବାପା ମାଆ ଆଉ ଭାଇ ଭାଉଜ,
",
"Both his father and his grandfather were medi- cal doctors.
","ବିବେକ ମୂର୍ତ୍ତିଙ୍କ ବାପା, ମା’ ମଧ୍ୟ ଡାକ୍ତର ଥିଲେ।
",
"She was accompanied by her maternal grandfather.
","ନିଜ ଜେଜେ ମାଆଙ୍କ ପାଖରେ ତାଙ୍କର ଲାଳନପାଳନ ହୋଇଥିଲା ।
",
"The architect is Ahmedabad-based Chandrakant Bhai Sompura, whose grandfather built the Somnath Temple in Gujarat.
","ମନ୍ଦିରର ସ୍ଥପତି ହେଉଛନ୍ତି ଅହମଦାବାଦର ଚନ୍ଦ୍ରକାନ୍ତ ଭାଇ ସୋମ୍ପୁରା।
",
"""Today my grandfather's wish has come true.
","ଆଜି ମୋ ଜେଜେ ବାପାଙ୍କ ସ୍ୱପ୍ନ ପୂରଣ ହୋଇଛି।
",
"Also my father and grandfather lived there.
","ଏଠାରେ ତାଙ୍କ ପିତା ଓ ଜେଜେ ମଧ୍ୟ ଅବସ୍ଥାନ କରୁଥିଲେ।
",
"She attributed her success to her parents, her grandfather and teachers for their encouragement.
","ସେ ତାଙ୍କର ଏହି ସଫଳତାର ଶ୍ରେୟ ମା’, ବାପା ଓ ଶିକ୍ଷକମାନଙ୍କୁ ଦେଇଛନ୍ତି।
",
"Then she grew up with her grandfather.
","ଏହାପରେ ସେ ମା’ଙ୍କ ପାଖରେ ରହି ବଡ଼ ହୋଇଥିଲେ।
",
"Shashi Kapoor and Kareena's grandfather Raj Kapoor are brothers.
","ସାଧନାଙ୍କ ପିତା ଓ ରଣଧୀର କପୁରଙ୍କ ଶ୍ୱଶୂର ହରି ଶିବଦାସିନୀ ଦୁଇ ଭାଇ।
",
"His father's name was Dhanadutta and grandfather's name was Bhadradutta.
","ତାଙ୍କ ପିତାଙ୍କ ନାମ ଭାଗୀରଥୁ ଓ ପିତାମହଙ୍କ ନାମ ବରୁଣ ଦାସ ।
",
"At that time, my grandfather died.
","ସେତେବେଳକୁ ତାଙ୍କ ପିତାଙ୍କ ମୃତ୍ୟୁ ହୋଇ ଯାଇଥିଲା।
",
"Kareena Kapoor wants her son to be a cricket player like his grandfather.
","କରୀନା କପୁର ବି ଚାହାଁନ୍ତି ତାଙ୍କ ପୁଅ ଅଭିନେତା ହେଉ ।
",
"My grandfather could not bear it.
","ବଡବାପା ସହିପାରିଲେ ନାହିଁ ।
",
"After she died, his grandfather remarried.
","ମାଙ୍କ ଦେହାନ୍ତ ହେବା ପରେ ତାଙ୍କ ବାପା ଦ୍ୱିତୀୟ ବିବାହ କଲେ ।
",
