eng_Latn,mar_Deva
"""""""Are you a grandfather?""""""
","""""""तुला दादा?""
"
"""""""Are you the grandfather?""
","""""""तुला दादा?""
"
"""""""Didn't grandfather tell you?""
","""""""दादाजी तुम्हाला ओरसने सांगितल नाही का?""
"
"""""""Do not worry, grandfather.""
","""""""तुम्ही काळजी करू नका दादा.""
"
"""""""How did you know my grandfather?""""""
",""""""" तुम्ही नानांना कसे ओळखता ?""
"
"""""""I told my grandfather the same thing.""
","""""""मीही तेच म्हणतेय दादा.""
"
"""""""I told you, my grandfather - """"""
","""""""मी सांगते हं दादाला. . . """"""
"
"""""""I will see you again, grandfather.""""""
","""""""उद्या पुन्हा भेट देईन, पितामह.""
"
"""""""I'm asking my grandfather.""
",""""""" मी चोकशी करत दादाला विचारलं.""
"
"""""""I'm the grandfather.""
","""""""मी इथला दादा आहे.""
"
"""""""Is this... your grandfather?""""""
","""""""अरेच्चा. . हे तुझे वडील आहेत?""
"
"""""""My grandfather and father both went to school at Tulane.""
","""""""आप्पा आणि तात्या दोघेही शाळेत गेलेत.""
"
"""""""My grandfather is inside.""
",""""""" आज्जी आलीच आतमध्ये.""
"
"""""""My grandfather is my biggest inspiration.""
","""यावर त्या म्हणतात, """"माझे वडिल माझे सर्वांत मोठे प्रेरणास्थान आहेत.""
"
"""""""My grandfather knows.""
",""""""" दादा तुम्हाला माहिती आहेच.""
"
"""""""My grandfather will come?""""""
","""""""माझा शिरपा येणार हाय?""
"
"""""""Now is that the way to speak to your grandfather?""""""
","""""""आपल्या वडलांशी बोलायची ही पद्धत आहे का?""
"
"""""""Please grandfather.""
",""""""" कृपा करा दादा.""
"
"""""""What did I say, grandfather?""""""
","""""""काय म्हणाला हो, दादा?""
"
"""""""What do you think grandfather would say?""""""
","""""""काय वाटतं दादा, आबा खरं बोलत असतील?""
"
"""""""What does your grandfather say about this?""""""
",""""""" यावर दादासाहेब काय बोलणार?""
"
"""""""Where are you going, grandfather?""""""
","""""""तू कुठे चालला आहेस दादा?""
"
"""""""Which grandfather?""
","""""""काय दादा?""
"
"""""""Which grandfather?""""""
","""""""काय दादा?""
"
"""""""Why didn't grandfather come?""""""
","""""""पण दादा. . . . . दादा का नाही आला?""
"
"""""""Why do you say my grandfather?""
",""""""" """"आजी, तो बुवा असं का म्हणत होता गं?""
"
"""""""Why not, grandfather?""""""
","""""""नाही बुवा, का?""
"
"""""""You know grandfather.""
",""""""" दादा तुम्हाला माहिती आहेच.""
"
"""""""You know my grandfather.""
",""""""" दादा तुम्हाला माहिती आहेच.""
"
"""""""You're my grandfather?""
","""""""तुला दादा?""
"
"""""""You're my grandfather?""""""
","""""""तुला दादा?""
"
"""""""Your grandfather is a king.""""""
","""""""तुझे बाबा वारले राजा.""
"
"""""""Your great grandfather?""""""
","""""""भारीये बुवा तुमचं"""" """"मग?""
"
"""According to the Times of India report, """"Prabhas is going to marry a businessman's grandfather.""""""
","'टाइम्स ऑफ इंडिया'च्या एका वृत्तानुसार प्रभास एका उद्योजकाच्या नातीशी लग्न करणार आहे.
"
"""At the next morning my grandfather asked me """"How did you sleep?""""""
","""दुसर्या दिवशी सकाळी माझ्या भाऊजींनी मला विचारले """" कसे वाटले engagement होताना ?""
"
"""His grandfather asked him, """"Who are you?""""""
","' दादाने त्यांना विचारले,'कोण तुम्ही?
"
"""His grandfather replied, """"Not in my house.""""""
","""दादा म्हन्ला, """"घरात नाही.""""""
"
"""If today's grandfather Kondke is alive, he would have openly asked the public to see the naked dance on the TV in his films, """"What is your definition of 'mine', your 'porn'?""""""
","""आज जर दादा कोंडके हयात असते, तर आजच्या सिनेमांत-टीव्हीवर चाललेला नंगा-नाच पाहून त्यांनी जनतेला खुल्ला विचारलं असतं की """"तुमच्या मायला, तुमची 'अश्लील'ची नेमकी व्याख्या तरी काय आहे?""
"
"""The grandfather said, """"I'm late.""
","""दादा म्हणाले, """" लय उशीर केलास !""
"
"""You are my grandfather?""""""
","""""""तुला दादा?""
"
"A 16-year-old girl's grandfather died.
","पीडित १६ वर्षीय मुलीच्या वडिलांचे तिच्या लहानपणीच निधन झाले होते.
"
"A father or grandfather.
","बाबा हो या पोता .
"
"A grandfather was arrested.
","दादा पकडले गेले.
"
"After her grandfather's death all that changed.
","आपल्या वडिलांच्या मृत्यूनंतर सगळ्या गोष्टी बदलल्या.
"
"After the fall of the Axis Powers (Germany, Italy, Japan) by Allied Forces (UK, France, Poland) in WWII, Shah Rukh's grandfather was brought to India along with others in Bose's army, where they were held as prisoners and tried under a British court albeit on Indian soil.
","दुसऱ्या महायुद्धात मित्र राष्ट्रांकडून (यूके, फ्रान्स, पोलंड) धुरी शक्ती (जर्मनी, इटली, जपान) च्या पतनानंतर, शाह नवाजला बोसच्या सैन्यातील इतरांसह भारतात नेण्यात आले, जिथे ते क्रांतिकारक मानले जात होते.
"
"After the partition of India-Pakistan, Tufail went to Pakistan whereas his grandfather remained in India.
","भारत-पाकिस्तान फाळणीनंतर तुफैल पाकिस्तानला गेले तर त्यांचे भाऊ भारतातच राहिले.
"
"After the partition of India-Pakistan, Tufail went to Pakistan while his grandfather remained in India.
","भारत-पाकिस्तान फाळणीनंतर तुफैल पाकिस्तानला गेले तर त्यांचे भाऊ भारतातच राहिले.
"
"Ah my grandfather, a communist
","आह मेरे दादा, एक कम्युनिस्ट,
"
"Also His grandfather, Sardar Malik, was a great music director.
","अनू मलिक यांचे वडील सरदार मलिक हेदेखील एक चांगले संगीतकार होते.
"
"Also my grandfather and grandmother.
","अगदी माझी आई आणि आज्जी पण.
"
"America is seen as the grandfather of the world.
","अमेरिका हा जगात एखाद्या दादा सारखा वागतो.
"
"Amy's grandfather died in March last year.
","मागच्या वर्षी मार्च महिन्यात ऐश्वर्याच्या वडिलांचे निधन झाले होते.
"
"And my grandfather was not the exception.
","माझे दादा ही ह्याला अपवाद नव्हते.
"
"And you're a grandfather now.
","आता तू दादा झालास.
"
"Asked the grandfather again.
","चाची ने परत विचारले.
"
"At that moment, the grandfather
","त्यावेळी दादा ॥
"
"At the age of 14, his grandfather dropped dead of a heart attack.
","तो 14 वर्षाचा असताना वडिलांचा हृदयविकाराच्या धक्क्याने निधन झाले.
"
"Both his father and grandfather were players and singers.
","त्यांचे आई आणि वडील दोघेही गायक आणि अभिनेते होते.
"
"Both his grandfathers were science professors.
","आई-वडील दोघेही प्रख्यात वैज्ञानिक होते.
"
"Both she and my grandfather were the same age.
","मी आणि त्यांचा दादा एकाच वयाचे.
"
"But his grandfather wouldn't listen.
","मात्र बुवा तिचे काही ऐकत नाही.
"
"But my grandfather was an exception.
","पण माझ्या सासूबाई त्याला अपवाद होत्या.
"
"But the grandfather did not pay attention to it.
","पण दादा त्याच्याकडे लक्षच देत नव्हता.
"
"But you didn't meet the grandfather?
","पण तुम्ही नानांच्या ओळखीनी आलात ना?
"
"But, I believe in my grandfather.
","पण दादावर माझा विश्वास आहे.
"
"Congratulations on being a grandfather.
","आज्जी झाल्याबद्दल अभिनंदन.
"
"Criminal proceedings have been initiated against the girl's mother and maternal grandfather.
","मुलीच्या आई आणि प्रियकराविरोधात गुन्हा दाखल झाला आहे.
"
"Currently, her grandfather is ill with cancer.
","आपले वडील सध्या कर्करोगाने ग्रस्त आहेत.
"
"Despite the fact that today there are safe and effective methods of teeth whitening, some people continue to use grandfather recipes.
","आज पद्धती चमकवण्याची सुरक्षित आणि प्रभावी दात आहेत की असूनही, काही लोक जुन्या पद्धतीचा पाककृती वापरणे सुरू ठेवा.
"
"Donald Trump's grandfather was born in Germany.
","डोनाल्ड ट्रम्प यांच्या वडिलांचा जन्म अमेरिकेत झाला.
"
"Everyone has a right to their grandfather's property.
","प्रत्येकाला वडिलांची मालमत्ता वापरण्याचा हक्क मिळाला आहे.
"
"Father and grandfather was killed.
","आजी आणि बापाची हत्या झाली.
"
"Father's Day, June 21 is a day of honoring, expressing gratitude to dads and grandfathers.
","मुंबई, 21 जून: वडिलांप्रती असलेल्या प्रेमभावना, आदर व्यक्त करण्याचा दिवस म्हणजे Father's Day.
"
"He could be her grandfather or an uncle.
",") ती त्यानं त्याचे काका-काकी किंवा मामा-मामी (अंकल-आँटी' म्हणजे काहीही असू शकतं.
"
"He decided to talk to his grandfather about it.
","त्याने या विषयावर आपल्या मोठया भावाशी बोलायचे ठरवले.
"
"He greatly honored his grandfathers.
","दादांच्यापाशी त्यांची ते खूप स्तुती करत.
"
"He grew up in his grandfather's village.
","तो मामाच्या गावातच वाढला.
"
"He was 17 and meeting his grandfather for the first time.
","मुलगी 17 वर्षांची झाली तेव्हा पहिल्यांदा वडिलांना भेटली होती.
"
"He was a father of four sons, a grandfather and great-grandfather.
","एक चार वर्षांचा मुलगा, त्याचे आई-बाबा आणि आज्जी होती.
"
"He was a grandfather, uncle and great-uncle.
","चाचा - चाची, दादा - दादी आणि बुवापण होतीच.
"
"He was driving a tractor while helping his grandfather on the farm.
","आपल्या वडिलांना शेतात मदत करण्यासाठी तो ट्रॅक्टर चालवायचा.
"
"He was like a grandfather.
","तो खरच एखाद्या दादासारखा रगेल होता.
"
"He was my grandfather, Bill.
","तो माझा मुलगा होता, बिल.
"
"He was sort of like a grandfather.
","तो खरच एखाद्या दादासारखा रगेल होता.
"
"He was taken there by his grandfather.
","मग दादा तिथं घेऊन गेला होता.
"
"He was the youngest child of my grandfather.
","तो माझ्या मोठ्या आईचा मुलगा होता.
"
"He went to his grandfather's shop.
","तो तडक आबाच्या दुकानात गेला.
"
"He's still the grandfather.
","आताही तोच दादा आहे.
"
"He, like his grandfather, was actively involved in politics.
","आपल्या पित्याप्रमाणे त्यांनी राजकारणांतही भाग घेतला.
"
"Her father and grandfather both worked in the construction industry.
","तिचे वडील आणि आई बांधकाम क्षेत्रात काम करतात.
"
"Her grandfather Erling Persson founded the chain in 1947.
","त्यांचे वडील इर्लिंग पर्सन यांनी १९४७ मध्ये कंपनीची स्थापना केली.
"
"Her grandfather Harivansh Rai Bachchan was a celebrated Hindi poet.
","त्यांचे वडील हरिवंशराय बच्चन हे हिंदीतील एक महान कवी होते.
"
"Her grandfather Manohar Joshi served as the chief minister of Maharashtra from 1995 to 1999.
","याअगोदर शिवसेनेचे नेते मनोहर जोशी 1995 ते 1999 या काळात महाराष्ट्राचे मुख्यमंत्री झाले होते.
"
"Her grandfather and mother both musicians and singers.
","त्यांचे आई आणि वडील दोघेही गायक आणि अभिनेते होते.
"
"Her grandfather died in the 2020s.
","2020 मध्ये तिच्या वडिलांचे नि'धन झाले होते.
"
"Her grandfather died when she was in third grade.
","अनुजा तिसरीला असताना तिच्या वडिलांचे निधन झाले.
"
"Her grandfather had taught her English as a child.
","तर जान्हवीचे वडील तिला लहानपणापासून इंग्लिश शिकवत होते.
"
"Her grandfather is 70 years old.
","त्यांच्या वडिलांचे वय 70 वर्षे आहे.
"
"Her grandfather is a scientist.
","तिचे वडील वैज्ञानिक आहेत.
"
"Her grandfather was a doctor himself.
","त्याचे वडील स्वतः डॉक्टर होते.
"
"Her grandfather was a fisherman.
","त्यांचे वडील मासेमार होते.
"
"Her grandfather was an executive of the Southern Pacific Railroad.
","त्यांचे वडील दक्षिणी रेल्वे चे सामान्य प्रबंधक होते.
"
"Her grandfather was in the Indian Army.
","तिचे वडील इंडियन आर्मीमध्ये होते.
"
"Her grandfather was in the hospital.
","बुवा तर हॉस्पिटल मध्ये होते.
"
"Her grandfather, William H. Gates Sr., was a prominent lawyer and her grandmother, Mary Maxwell Gates, a member of the board of directors of First Interstate BancSystem and the United Way.
","""त्यांचे वडील विलियम एच गेट्स हे सुप्रसिद्ध वकील होते व त्यांची आई मेरी मैक्सवेल या """"युनायटेड वे"""" आणि """"फर्स्ट इंटरस्टेट बँक सिस्टम"""" च्या बोर्ड्स ऑफ डायरेक्टरर्स मधील एक होत्या.""
"
"Her law abiding paternal grandfather was arrested and shot in 1937.
","तिचे दत्तक वडील 1937 आणि शॉट मध्ये कोंडणे होते.
"
"His dad and grandfather were both musicians and singers.
","त्यांचे आई आणि वडील दोघेही गायक आणि अभिनेते होते.
"
"His father and grandfather were also Gurkhas.
","त्याचे वडील आणि भाऊ हे देखील गोरखा सैनिकच होते.
"
"His grandfather (d. c.
","त्यांचे वडील (कै.
"
"His grandfather Erling Persson founded the network in 1947.
","त्यांचे वडील इर्लिंग पर्सन यांनी १९४७ मध्ये कंपनीची स्थापना केली.
"
"His grandfather Surinder Kapoor was a Bollywood film producer.
","त्यांचे वडील सुरिंदर कपूर हे बॉलिवूडमधील चित्रपट निर्माते होते.
"
"His grandfather always inspires him to move forward.
","त्यांचे वडील कायम त्यांना उत्तरोत्तर प्रगती करण्यास प्रवृत्त करत.
"
"His grandfather and father were boxers.
","त्यांचे वडील आणि भाऊ क्रिकेटपटू होते.
"
"His grandfather and my father were good friends.
","माझे वडील आणि त्यांचे वडील चांगले मित्र होते.
"
"His grandfather did at that time.
","त्या वेळेस त्याच्या वडिलांनी कृती केली.
"
"His grandfather died in 1914.
","पण त्याचे वडील १९१४ साली मरण पावले.
"
"His grandfather died in 2020.
","2020 मध्ये तिच्या वडिलांचे नि'धन झाले होते.
"
"His grandfather had bought the farm in 1930.
","माझ्या वडिलांनी तो १९३० साली गिरगावातून विकत घेतला होता.
"
"His grandfather had cancer.
","त्याच्या वडिलांना कॅन्सर होता.
"
"His grandfather had done something like that?
","यांच्या बापानं कधी बिर्याणी अशी केली होती का?
"
"His grandfather had never been so angry with him.
","दादाने त्याला कधी नाराज पहिलाच नव्हता.
"
"His grandfather is a physicist.
","त्याचे वडिल भौतिक शास्त्रज्ञ आहेत.
"
"His grandfather is the renowned poet Harishvanshrai Bachchan.
","प्रख्यात कवी हरिवंशराय बच्चन हे त्यांचे वडील.
"
"His grandfather played first-class cricket.
","त्याचे वडील हे प्रथम श्रेणी क्रिकेटमध्ये खेळले अाहेत.
"
"His grandfather served as a naval doctor.
","त्यांचे वडील एक नौदल डॉक्टर होते.
"
"His grandfather shifted to the U.S with his family.
","ते त्यांच्या फॅमिलीसोबत युएसला त्यांच्या भावाकडे शिफ्ट झाले.
"
"His grandfather started the shop in 1912.
","त्यांच्या वडिलांनी १९२० साली हे दुकान सुरू केलं.
"
"His grandfather started this project.
","दादांनी त्या प्रकल्पाचे उद्घाटन केलं.
"
"His grandfather was Mayor of Los Angeles.
","पूर्वी, त्याचे वडील लॉस आंजल्स महापौर होते.
"
"His grandfather was a Music Man.
","त्याचे वडील एक संगीतज्ञ होते.
"
"His grandfather was a bank officer.
","त्यांचे वडील बँक अधिकारी होते.
"
"His grandfather was a bank president.
","त्यांचे वडील बँक अधिकारी होते.
"
"His grandfather was a church minister.
","त्याच्या वडिलांना एक चर्च मंत्री होते.
"
"His grandfather was a communist.
","त्याच्या वडिलांना एक कट्टर कम्युनिस्ट.
"
"His grandfather was a fisherman.
","त्यांचे वडील मासेमार होते.
"
"His grandfather was a landowner.
","त्यांचे वडील एक जमीनदार होते.
"
"His grandfather was a lawyer as well.
","त्यांचे वडीलही वकील होते.
"
"His grandfather was a military boxing champion.
","त्यांचे वडील बॉक्सिंग धार एक चॅम्पियन होते.
"
"His grandfather was a musician.
","त्याचे वडील एक संगीतज्ञ होते.
"
"His grandfather was a rich landlord.
","त्याचे वडील एक श्रीमंत जमिनदार होते.
"
"His grandfather was a scientist.
","त्याचे वडील शास्त्रज्ञ होते.
"
"His grandfather was a sharecropper.
","त्यांचे वडिल शेयरक्रॉपर होते.
"
"His grandfather was a successful business man.
","त्यांचे वडील, एक अत्यंत यशस्वी व्यापारी होते.
"
"His grandfather was also a chemistry professor.
","त्यांचे वडीलही रसायनशास्त्रज्ञ होते.
"
"His grandfather was also a fighter pilot in the Indian Air Force.
","त्यांचे वडीलही पाकिस्तानी हवाई दलात एअर मार्शल होते.
"
"His grandfather was also a lawyer.
","त्यांचे वडीलही वकील होते.
"
"His grandfather was also a police officer.
","त्यांचे वडील देखील पोलीस अधिकारी होते.
"
"His grandfather was always an inspiration to him.
","त्यांच्यासाठी त्यांचे वडील हे नेहमी प्रेरणास्त्रोत आहेत.
"
"His grandfather was an IAS official.
","त्यांचे वडील आयसीएस अधिकारी होते.
"
"His grandfather was from Bihar.
","त्याचे बाबा मूळ बिहारचे आहेत.
"
"His grandfather was from a Jewish family.
","त्याचे वंशज एक ज्यू परदेशातून कुटुंब आले.
"
"His grandfather was his first soccer coach.
","त्याचे पपा हे त्याचे फुटबॉल खेळातील पहिले गुरु आहेत.
"
"His grandfather was in the hospital.
","बुवा तर हॉस्पिटल मध्ये होते.
"
"His grandfather was in the navy.
","त्याचे वडील नेव्हीमध्ये होते.
"
"His grandfather was involved in the labor movement.
","त्यांचे वडील कामगार चळवळीमध्ये सक्रिय होते.
"
"His grandfather was looking at him.
","बुवाही त्याच्याकडेच पहात होते.
"
"His grandfather was mayor of Los Angeles
","पूर्वी, त्याचे वडील लॉस आंजल्स महापौर होते.
"
"His grandfather was mayor of Los Angeles.
","पूर्वी, त्याचे वडील लॉस आंजल्स महापौर होते.
"
"His grandfather was retired.
","त्याचे वडील सेवानिवृत्त होते.
"
"His grandfather was the headmaster of the local school.
","त्यांचे वडील स्थानिक शाळेत मुख्याध्यापक होते.
"
"His grandfather was there.
","दादा तिथे आले होते.
"
"His grandfather was waiting for him.
","त्याचे वडील त्याची आतुरतेनं वाट बघत होते.
"
"His grandfather wasn't paying attention to him.
","पण दादा त्याच्याकडे लक्षच देत नव्हता.
"
"His grandfather worked for the East India Company.
","त्यांचे वडील ईस्ट इंडिया कंपनीत कार्यरत होते.
"
"His grandfather's friend.
","दादाचा मित्र.
"
"His grandfather's name was Motilal Nehru.
","त्यांच्या वडिलांचे नाव मोतीलाल नेहरु होतं.
"
"His grandfather's name was Shirin Mohammad Ali.
","त्यांचे नाव शिरीन मोहम्मद अली होते.
"
"His grandfather, Erling Persson, founded the chain in 1947.
","त्यांचे वडील इर्लिंग पर्सन यांनी १९४७ मध्ये कंपनीची स्थापना केली.
"
"His grandfather, Francis II, was the last emperor of the Holy Roman Empire.
","फ्रांसिस दुसरा हा पवित्र रोमन साम्राज्याचा शेवटचा सम्राट होता.
"
"His grandfather, Fred Trump Sr., was a successful builder.
","त्यांचे वडील फ्रेड्रीक ट्रम्प हे बांधकाम व्यावसायिक होते.
"
"His grandfather, Ranganathan Seshadri, used to work as an executive in Tata Steel.
","त्यांचे वडील रंगनाथ शेषाद्री हे टाटा स्टील कंपनीत एक फॉर्मर एक्जिक्यूटिव आहेत.
"
"His grandfather, S. P. Sambamurthy, was a popular Harikatha Artist.
","त्यांचे वडील एस. पी. सम्बापूर्ती एक हरिकथा आर्टिस्ट होते.
"
"His grandfather, Zulfikar Ali Bhutto also led Pakistan during the 1970s.
","बेनझीरचे वडिल झुल्फिकार अली भुट्टो सत्तरच्या दशकात पाकिस्तानचा राज्यशकट चालवत होते.
"
"His grandfathers were engineers.
","त्यांचे वडील अभियंते होते.
"
"His grandmother was 18 years younger than his grandfather.
","पत्नी 18 वर्षे तिचा पती पेक्षा लहान होता.
"
"His great grandfather was a music teacher.
","त्याचे वडील मोठे संगीतकार होते.
"
"His great-great grandfather was Julius Caesar, and his great-grandfather was Augustus.
","त्याचे परदादा महान ज्युलियस सीजर आणि दादा अगस्तस होते.
"
"His maternal grandfather was Major General Shah Nawaz Khan.
","त्याची आई ही मेजर जनरल शहानवाज खान यांची दत्तक मुलगी.
"
"His maternal grandfather was a World War II veteran and Brigadier General in the Air Force.
","तिचे वडील दुसऱ्या महायुद्धातील योद्धे आणि सोव्हिएत हवाई दलात डेप्युटी कमांड-इन-चीफ होते.
"
"His mother and grandfather were also lost.
","माझे बाबा आणि आईही हरखून गेले होते.
"
"His paternal grandfather was a film director.
","त्याचे वडील एक चित्रपट दिग्दर्शक होते.
"
"I am your grandfather.
","तुमच्यासाठी तर मी दादा आहे. .
"
"I asked my grandfather why.
","मी वडिलांना याचे कारण विचारले.
"
"I asked my mother where my grandfather was.
","मी त्याच्या आईला विचारले कि त्याचे वडील कुठे आहेत?
"
"I asked them to accompany me to my grandfather's home.
","मी त्यांना माझ्याबरोबर विद्वांसांच्या घरी चलण्याचा आग्रह केला.
"
"I asked them to accompany me to my grandfathers home.
","मी त्यांना माझ्याबरोबर विद्वांसांच्या घरी चलण्याचा आग्रह केला.
"
"I decided to go look for grandfather.
","मी तडक दादांकडे जाण्याचा निर्णय घेतला.
"
"I didn't know my grandfather very well.
","माझा व दादांचा फारसा परिचय नव्हता.
"
"I didn't mention much about my grandfathers.
","माझ्या बंदिशींविषयी मी फार बोललेले नाही.
"
"I didn't speak a word of what my grandfather told me.
","दादा काय बोलले याबद्दल माझं त्यांच्याशी काही बोलणं झालं नाही.
"
"I do not like her grandfather.
","त्यांचा दादा मला अजिबात आवडत नाही.
"
"I do not remember my grandfather.
","मला माझे वडील जास्त आठवत नाहीत.
"
"I don't remember my grandfather much.
","मला माझे वडील जास्त आठवत नाहीत.
"
"I don't remember my grandfather very much.
","मला माझे वडील जास्त आठवत नाहीत.
"
"I don't remember my grandfather.
","मला माझे वडील जास्त आठवत नाहीत.
"
"I had lost my grandfather and father.
","माझी आजी आणि वडिलांना मी गमावले आहे.
"
"I have a deep respect for my grandfather.
","दादाचा मी मनापासून आदर करतो.
"
"I have always looked forward to seeing my grandfather.
","नेहमी माझ्या मनात दादाला भेटण्याची आस.
"
"I heard them all from my grandfather and father.
","मी त्यांना ऐकत आलोय माझ्या वडिलांकडून आणि वडिलधा-यांकडून.
"
"I kneeled at my grandfather's feet.
","दादाच्या पायांवर मी पाय देत होतो.
"
"I like the grandfather.
","मला आवडला बुवा.
"
"I liked the grandfather.
","मला तर बुवा खूप आवडला.
"
"I lost my father and grandfather.
","माझी आजी आणि वडिलांना मी गमावले आहे.
"
"I lost my grandfather and my cousin.
","माझी आजी आणि वडिलांना मी गमावले आहे.
"
"I missed my mother and my grandfather.
","माझी आजी आणि वडिलांना मी गमावले आहे.
"
"I remember my grandfather crying.
",". माझी आज्जी आठवून खूप रडू आलं.
"
"I remember my grandfathers too.
","मलाही आठवण आली माझ्या पप्पांची.
"
"I remember the way my grandfather gave directions.
","दादांनी केलेले मार्गदर्शन आठवत असते.
"
"I remembered grandfather.
","' मला दादा आठवले.
"
"I talk to my grandfather every day.
","मी दररोज दादा सोबत बोलत असे त्याला समजावत होती.
"
"I think it reminded him of his grandfather.
","मला भासलं की त्याला त्याच्या वडीलांची आठवण आली असावी.
"
"I used to play chess with my grandfather.
","दादाबरोबर सापशिडी खेळून झाली.
"
"I very much respected the grandfather.
","दादाचा मी मनापासून आदर करतो.
"
"I want to help grandfather.
","मला तिला मदत करायची आहे दादा.
"
"I was in the 10th grade and my grandfather passed away.
","'मी दहावीत गेले आणि वडिलांचे निधन झाले.
"
"I'm grateful for the direction my grandfather provided.
","माझ्या वडिलांनी केलेल्या मार्गदर्शनासाठी मी आभार मानतेच.
"
"I'm not like old grandfather.
","दादा वहिनी सारखंच मीही वर्जिन नाही.
"
"I'm the grandfather here.
","मी इथला दादा आहे.
"
"I'm the grandfather.
","'मी दादा आहे.
"
"I'm your grandfather.
","तुमच्यासाठी तर मी दादा आहे. .
"
"If the grandfather wasn't
","मामा जी अगर नही होते
"
"In the grandfather's words,
","दादाच्या शब्दात सांगायचे झाले तर,
"
"Is it his grandfather's property?
","ती काय त्यांच्या वडिलांची संपत्ती आहे काय ?
"
"It came to my grandfather's house.
","दादाच्या घरी पोहचलो.
"
"It was his grandfather's brother name.
","भाऊ हे त्यांच्या वडीलांचे नाव होते.
"
"It was the grandfather who opened it.
","दादांनी तो उघडला.
"
"It's me and my grandfather.
","मी आणि दादाजी आहोत.
"
"Johnson's father and grandfather were both teachers.
","इवान बॉर्नची आई आणि वडील दोघेही शिक्षक होते.
"
"July 19th is my grandfather's birthday.
","१९ मे म्हणजे माझ्या आज्जीचा वाढदिवस.
"
"Kartik Aaryan with his grandfather.
","कार्तिक आर्यन त्याच्या बाप्पासह.
"
"Luckily his grandfather did not ask where it came from.
","नशीब, त्यापुढे त्याने, कुठून येतात असं विचारलं नाही.
"
"Ma Ho's father was a Muslim hajji (who had made a pilgrimage to Mecca along with his grandfather) and the family name of Ma was used by Muslims in representation of the word Mohammed.
","मा होचे वडील मुस्लिम हजजी होते (ज्यांनी मक्काचे तीर्थस्थान बनवले होते) आणि माचा कौटुंबिक नाव मुसलमानांद्वारे मोहम्मद शब्द म्हणून वापरला होता.
"
"Me and my grandfather
","दादा आणि मी
"
"Me: I have a grandfather.
","अवांतरः माझा एक मामा आहे.
"
"Modi is the grandfather of Indian politics.
","मोदी हे भारतीय राजकारणातील विराट कोहली आहेत.
"
"My brother, my grandfather,
","आमच्या दादाचं, माझ्या भावाचं,
"
"My dad and grandfather are huge fans, and so am I...
","माझे बाबा त्यांचे फार मोठे Fan आहेत आणि मी पण. .
"
"My dad and grandfather never got along very well.
","माझं आणि माझ्या वडिलांचं फारसं कधी पटत नव्हतं.
"
"My dad and my grandfather came back.
","बाबा आणि दादा परत निघाले.
"
"My father and grandfather are no more alive.
","माझे वडील आणि काका दोघेही आता जिवंत नाहीत .
"
"My father and grandfather stood over me.
","दादा आणि ताई माझ्यासमोरच झवले.
"
"My father and grandfather were my first teachers.
","माझे दादा आणि आई हेच माझे पहिले शिक्षक आणि गुरु होते.
"
"My father, mother, grandfather, uncle
","मम्मी ,मामी, बुआ, चाची को_
"
"My father, my mother and I went to visit my grandfather.
","त्यांचे दर्शन घेण्यासाठी मी, माझी आजी आणि वडील गेलो होतो.
"
"My grandfather also died 3 years ago.
","दुर्दैवाने 3 वर्षापूर्वी वडिलांचेही निधन झाले.
"
"My grandfather also died at 2016.
","मागच्या वर्षी 2016 मध्ये माझ्या पतीचेही निधन झाले.
"
"My grandfather and I attended the same college.
","दादा आणि मी एकाच शाळेतले.
"
"My grandfather and I stood at the bus station.
","मी आणि माझे काका आम्ही दोघं बसस्टॉपवर उभे होतो.
"
"My grandfather and father served in the Indian army.
","त्यांचे वडील आणि भाऊ भारतीय सेनेमध्ये कार्यरत होते.
"
"My grandfather and father were both singers and musicians.
","त्यांचे आई आणि वडील दोघेही गायक आणि अभिनेते होते.
"
"My grandfather and his brother were unfazed.
","दादा व भाऊ निरंकार होते.
"
"My grandfather and my father were the same age.
","मी आणि त्यांचा दादा एकाच वयाचे.
"
"My grandfather apologized.
","दादाने सॉरी म्हटलं.
"
"My grandfather bought it in 1956.
","माझ्या सासऱ्यांनी तो १९६६ मध्ये खरेदी केला.
"
"My grandfather bought it in the 1969.
","माझ्या सासऱ्यांनी तो १९६६ मध्ये खरेदी केला.
"
"My grandfather bought the farm in 1930.
","माझ्या वडिलांनी तो १९३० साली गिरगावातून विकत घेतला होता.
"
"My grandfather bought this land.
","ती जमीन माझ्या वडिलांनी स्वतः खरेदी केली आहे.
"
"My grandfather can't sleep.
","दादांना झोप येत नसे.
"
"My grandfather did not receive His love.
","माझ्या माधुला पितृप्रेम मिळालंच नाही.
"
"My grandfather didn't know.
","दादांना ठाऊक नव्हते.
"
"My grandfather didn't look back.
","दादांनी परत मागे वळून कधी पाहिलेच नाही.
"
"My grandfather didn't much care for it either.
","दादाही यासाठी फारसे उत्सुक नव्हते.
"
"My grandfather died 16 years ago.
","16 वर्षांपूर्वी माझ्या वडिलांचे निधन झाले.
"
"My grandfather died after the war.
","युद्धानंतर माझ्या आईचा मृत्यू झाला.
"
"My grandfather died during the Second World War.
","दुसऱ्या जागतिक महायुद्धादरम्यान तिच्या वडिलांचे निधन झाले.
"
"My grandfather died in 1907.
","1907 मध्ये त्याचे वडील मरण पावले.
"
"My grandfather died in the Second World War.
","दुसऱ्या जागतिक महायुद्धादरम्यान तिच्या वडिलांचे निधन झाले.
"
"My grandfather died in the second world war.
","दुसऱ्या जागतिक महायुद्धादरम्यान तिच्या वडिलांचे निधन झाले.
"
"My grandfather died in world war II.
","दुसऱ्या जागतिक महायुद्धादरम्यान तिच्या वडिलांचे निधन झाले.
"
"My grandfather died of diabetes.
","दादांचा मधुमेह चिघळला.
"
"My grandfather died on my 4th Birthday.
","माझी आजी माझ्या ४थ्या वाढदिवसाआधी वारली.
"
"My grandfather gave me a lesson.
","माझ्या वडिलांनी मला एक शिकवण दिली.
"
"My grandfather goes to the park every morning.
","माझ्या बाबांची रोज सकाळी बागेमध्ये चक्कर असे.
"
"My grandfather had 11 children.
","माझ्या वडिलांना ११ भावंडे होती.
"
"My grandfather had a shoe repair shop.
","त्याच्या वडिलांचे चप्पल दुरुस्ती करण्याचे दुकान होते.
"
"My grandfather had been a small entrepreneur.
","त्याचे वडील छोटे उद्योजक होते.
"
"My grandfather had class.
","माझ्या वडिलांचे क्लासेस होते.
"
"My grandfather had diabetes for a long time.
","माझ्या मित्राच्या वडिलांना दीर्घकाळपासून मधुमेह आहे.
"
"My grandfather had married again.
","बापाने पुन्हा लग्न केले.
"
"My grandfather had said.
","माझा दादा म्हणत होता.
"
"My grandfather had three sisters.
","माझ्या वडीलांना तीन बहिणी आहेत.
"
"My grandfather had tuberculosis.
","माझ्या पप्पाला टिबी हा आजार झाला होता.
"
"My grandfather had two heart attacks.
","माझ्या वडिलांना दोन मोठे हार्ट-एटॅक येऊन गेले होते.
"
"My grandfather has always been special to me.
","दादा माझ्यासाठी नेहमीच खास आहे.
"
"My grandfather in America.
","माझा दादा अमेरिकेत अस्तो.
"
"My grandfather is 93 years old.
","माझी आई 93 वर्षांची आहे.
"
"My grandfather is a civil engineer, not an architectural designer.
","माझे वडील सिव्हिल इंजिनियर होते, आर्किटेक्ट नव्हते.
"
"My grandfather is a farmer. (4)
","माझा बाप शेतकरी (4)
"
"My grandfather is a small farmer.
","माझे बाबा एक लहान शेतकरी आहेत.
"
"My grandfather is doing well.
","दादा चांगलं काम करतात.
"
"My grandfather is having diabetes.
","माझ्या वडिलांना मधुमेह आहे.
"
"My grandfather is living in town.
","माझे मामा शहर मध्ये राहतात.
"
"My grandfather is older than you.
","तुमचा दादा तुमच्याहून वयाने मोठा आहे.
"
"My grandfather is older than your mother.
","तुमचा दादा तुमच्याहून वयाने मोठा आहे.
"
"My grandfather is simple.
","माझा दादा. . तसा साधाच.
"
"My grandfather is the sarpanch of the village.
","त्याचे वडील म्हणजे गावाचे सरपंच.
"
"My grandfather lives in Delhi.
","माझा मोठा भाऊ दिल्लीत राहतो.
"
"My grandfather looked at me.
","दादांनी माझ्याकडे बघितले.
"
"My grandfather once said to me.
",""","""" एकदा दादाने मला सांगितलं होतं.""
"
"My grandfather once told me.
",""","""" एकदा दादाने मला सांगितलं होतं.""
"
"My grandfather owns a gun.
","बापाकडे एक बंदूक आहे.
"
"My grandfather paused for a little.
","दादा थोडावेळ शांत झाला.
"
"My grandfather purchased it in the 1950's.
","माझ्या वडिलांनी तो १९३० साली गिरगावातून विकत घेतला होता.
"
"My grandfather realized that.
","दादाजीने हे लक्षात घेतले.
"
"My grandfather retired from the Navy.
","माझे वडील नौदलातून निवृत्त झाले होते.
"
"My grandfather retired from the army as a colonel.
","माझे वडील सर्विसेस मधून कर्नल म्हणून निवृत्त झाले.
"
"My grandfather said...
","दादा म्हणाले. .
"
"My grandfather says.
","दादा म्हणतात.
"
"My grandfather stared at me.
","दादांनी माझ्याकडे बघितले.
"
"My grandfather suffered from Alzheimer's and Parkinson's diseases.
","माझा भाऊपण मधुमेयाने आणि parkinson disease मुळे अपंगावस्तेत होता.
"
"My grandfather taught her.
","पापानी तिला शिकवले.
"
"My grandfather taught me football.
","माझ्या वडिलांनी मला फुटबॉल शिकवले.
"
"My grandfather then called me over to him.
","त्यानंतर दादांनी मला फोन करून बोलावलं.
"
"My grandfather used to drink quite a lot.
","बहुधा माझे वडील खूप प्यायचे.
"
"My grandfather used to say that often.
",". असं दादा अनेकदा म्हणत असत.
"
"My grandfather used to say.
","माझा दादा म्हणत होता.
"
"My grandfather used to teach me music.
","माझ्या वडिलांनी मला संगीत शिकवण्यासाठी गुरुजींना नेमलं.
"
"My grandfather walks around the park every morning.
","माझ्या बाबांची रोज सकाळी बागेमध्ये चक्कर असे.
"
"My grandfather was 13 years old.
","माझी मोठी बहीण 13 वर्षांची होती.
"
"My grandfather was Russian.
","त्याचे वडील हे रशियन होते.
"
"My grandfather was a Russian.
","त्याचे वडील हे रशियन होते.
"
"My grandfather was a big officer of Railway.
","त्याचे वडील रेल्वेमधे खूप मोठे ऑफ़िसर होते.
"
"My grandfather was a book lover.
","त्यांचे वडील पुस्तकप्रेमी होते.
"
"My grandfather was a building contractor.
","माझे वडील बिल्डिंग कॉन्ट्रॅक्टर होते.
"
"My grandfather was a commercial artist.
","माझे वडील एक व्यावसायिक कलाकार होता.
"
"My grandfather was a doctor in the British army.
","त्यांचे वडील ब्रिटिश सैन्यात वैद्यकीय संशोधक होते.
"
"My grandfather was a major in the Indian army.
","त्याचे वडील भारतीय सेनेत मेजर होते.
"
"My grandfather was a member for many years.
","माझे वडिल गेली अनेक वर्षे त्याचे सभासद आहेत.
"
"My grandfather was a movie producer.
","माझे वडील एक चित्रपट निर्माते होते.
"
"My grandfather was a musician.
","माझे वडील संगीतकार होते.
"
"My grandfather was a poet.
","माझे वडील कवी होते.
"
"My grandfather was a poet...
","दादा कवी होते. . त्यांच्या
"
"My grandfather was a police officer for 30 years.
","माझे वडील पस्तीस वर्षं पोलीस दलात कार्यरत होते.
"
"My grandfather was a provincial governor.
","त्यांचे वडील प्रांतीय गव्हर्नर होते.
"
"My grandfather was a real man.
","माझे दादा खऱ्या अर्थाने बाप माणूस होते.
"
"My grandfather was a top player.
","माझे नाना उत्कृष्ट खेळाडू होते.
"
"My grandfather was a very good footballer.
","माझे नाना उत्कृष्ट खेळाडू होते.
"
"My grandfather was against it.
","माझे वडील त्याविरोधात होते.
"
"My grandfather was also in the medical field.
","माझे वडीलही वैद्यकीय क्षेत्रात कार्यरत होते.
"
"My grandfather was an Ayurvedic doctor.
","माझ्या आजीचे वडील वैद्य (आयुर्वेदिक डॉक्टर) होते.
"
"My grandfather was an architectural engineer.
","त्याचे वडील हे आर्किटेक्चर इंजीनियर होते.
"
"My grandfather was arrested.
","दादा पकडले गेले.
"
"My grandfather was at the bank.
","माझे मामा बँकेत होते.
"
"My grandfather was born in 1894.
","बोस यांचा जन्म 1894 मध्ये झाला होता.
"
"My grandfather was both father and mother to me.
","'बाबाच माझ्यासाठी आई आणि वडील असे दोन्हीही होते.
"
"My grandfather was called.
","दादाला फोन केला.
"
"My grandfather was captured.
","दादा पकडले गेले.
"
"My grandfather was caught.
","दादा पकडले गेले.
"
"My grandfather was closely associated with Mahatama Gandhi and Pandit Nehru.
","रामजी कमानी यांची महात्मा गांधी आणि पंडीत नेहरू यांच्याशी जवळीक होती.
"
"My grandfather was first generation.
","त्याचे वडील पहिल्या पिढीतले होते.
"
"My grandfather was in forest department.
","माझे वडील वन विभागात कारकून होते.
"
"My grandfather was king.
","जनक तर राजा होते.
"
"My grandfather was no exception.
","माझे दादा ही ह्याला अपवाद नव्हते.
"
"My grandfather was not a large man.
","माझे वडील कोणते मोठे नेते नव्हते.
"
"My grandfather was poor.
","माझे वडील गरीब होते.
"
"My grandfather was silenced.
","दादा गप्प झाला.
"
"My grandfather was the first... read more
","आई वडील हे आपले प्रथम . . . Read more
"
"My grandfather was the oldest among his siblings.
","माझे वडील भावंडांमध्ये सर्वात थोरले होते.
"
"My grandfather was the oldest of the brothers.
","माझे वडील भावंडांमध्ये सर्वात थोरले होते.
"
"My grandfather was the only one who worked.
","त्यात काम करणारे एकटे माझे वडील होते.
"
"My grandfather was the opposite.
","दादांचे उलटे होते.
"
"My grandfather was the sarpanch of the village.
","त्याचे वडील म्हणजे गावाचे सरपंच.
"
"My grandfather wasn't a nice man.
","माझं नवरा चांगला माणूस नव्हता.
"
"My grandfather wasn't too happy about it either.
","दादाही यासाठी फारसे उत्सुक नव्हते.
"
"My grandfather went to the park.
","दादा बागेत फिरायला जात असे.
"
"My grandfather worked as a mechanic.
","त्यांचे वडील एक मेकॅनिक म्हणून काम केले.
"
"My grandfather worked as a truck driver.
","त्यांचे वडील एक ट्रक चालक म्हणून काम केले.
"
"My grandfather worked in the theater.
","माझे वडील थिएटरवर काम करायचे.
"
"My grandfather worked in the woods.
","माझे वडील जंगलखात्यात काम करायचे.
"
"My grandfather works very well.
","दादा चांगलं काम करतात.
"
"My grandfather wrote in a very unusual way.
","माझ्या वडिलांनी अतर्क्य पद्धतीने तो लिहून ठेवला होता.
"
"My grandfather's father worked on the railways.
","अण्णांचे वडील रेल्वेमध्ये कामाला होते.
"
"My grandfather's garden
","दादाजी का बगीचा
"
"My grandfather's given
","माझ्या आज्जी ने दिलेली आहे
"
"My grandfather's heart exploded.
","दादाचे ह्रदय दुभंग झाले.
"
"My grandfather's house wasn't anything out of the ordinary.
","माझ्या आज्जी घरच्या देऊळाला यातलं काहीच नव्हतं.
"
"My grandfather's library consisted of ten thousand books.
","त्यांच्या वडिलांचा दहा हजार पुस्तकांचा संग्रह होता.
"
"My grandfather's name is Krishnamani.
","माझ्या वडिलांचं नाव कृष्ण आहे.
"
"My grandfather's name was Bob.
","माझे वडील काय, त्याचे नाव बॉब आहे.
"
"My grandfather's school
","दादाची शाळा
"
"My grandfathers were the same.
","दादांचे तसेच होते.
"
"My grandmother was 10 years older than my grandfather.
","नाना माझ्या पेक्षा वयाने 10 एक वर्ष मोठा .
"
"My great grandfather was Prime Minister.
","माझे वडील पंतप्रधान होते.
"
"My great grandfather was no exception.
","माझे दादा ही ह्याला अपवाद नव्हते.
"
"My great grandfather worked for them.
","त्यांच्यासाठी दादांनी पुष्कळ काम केलं.
"
"My great grandfather wrote several books.
","दादांनी अनेक प्रकारचं लेखन केलेलं आहे.
"
"My mother and grandfather were both teachers.
","माझे आई आणि वडील दोघही शिक्षक होते.
"
"My mother was my grandfather's only daughter.
","आई ही तिच्या वडिलांची एकुलती एक मुलगी होती.
"
"My paternal grandfather died fighting in the Great Patriotic War.
","त्यांचे वडील ग्रेट देशभक्तीपर युद्ध दरम्यान मृत्यू झाला.
"
"My wife's grandfather passed away in 2008.
","पीडित महिलेच्या पतीचे 2008 मध्ये निधन झाले होते.
"
"Not for the grandfather.
","दादाचे नाही.
"
"Not her grandfather.
","दादाचे नाही.
"
"Not his grandfather.
","दादाचे नाही.
"
"Not my grandfather.
","दादाचे नाही.
"
"Now you are a grandfather.
","आता तू दादा झालास.
"
"Now you're a grandfather.
","आता तू दादा झालास.
"
"Occasionally, I go to my grandfather's house.
","कधी कधी दादाच्या घरी जातो.
"
"One day I told him what his grandfather had told me.
","एक दिवस मी विजूला, वडील जे बोलतात ते सांगितले.
"
"One day his granddaughter called her grandfather on the phone.
","मग एक दिवशी ह्यानेच दादांना फोन लावला,फोनवर वहिनी होत्या.
"
"Our family consisted of grandfather, parents, and three children.
","आई, वडील आणि तीन मुली असा हा परिवार होता.
"
"Our grandfather had five sons.
","आमच्या पणजोबांना 5 मुले होती.
"
"Photo taken by the grandfather.
","फोटो नाय बुवा काढले.
"
"Ram's grandfather asked.
","' रामाच्या मुलाने विचारलं.
"
"Same with father and grandfather.
","दादा आणि वहिनीशी तसच.
"
"She came back home and told her grandfather.
","घरी येऊन पारूला आन दादांना तसं सांगितलं.
"
"She didn't call her grandfather.
","त्यानं मामाला फोन केला नाही.
"
"She had to get to her grandfather.
","तिला तिच्या दादाकडे जायचं असायचं.
"
"She had to go see her grandfather.
","तिला तिच्या दादाकडे जायचं असायचं.
"
"She has all the qualities of her great grandfather.
","त्याच्याकडे महान वडिलांचे सर्व गुण आहेत.
"
"She liked her grandfather.
","तिच्या बाबाला फार आवडलेलं .
"
"She wanted to visit her grandfather.
","तिला तिच्या दादाकडे जायचं असायचं.
"
"She was expecting her grandfather to come.
","ते दादांच्या येण्याची वाट पाहत असत.
"
"She'd go see her grandfather.
","तिला तिच्या दादाकडे जायचं असायचं.
"
"She's not got a grandfather.
","तिच्याजवळ दादा नाही.
"
"That's something my grandfather said years ago.
","बऱ्याच वर्षापूर्वी माझ्या वडिलांनी सांगितलेला हा प्रसंग / गोष्ट आहे.
"
"The boy doesn't believe his grandfather.
","दादा आपल्या थोरल्या मुलावर विश्वास ठेवत नसत.
"
"The child asks his grandfather for advice.
","मुलगा वडिलांना रेसरकार मागतो.
"
"The child's grandfather immediately brought him to the hospital.
","मुलाच्या वडिलांनी त्याला तातडीने रुग्णालयात दाखल केले.
"
"The father and grandfather
","बाबा आणि दादाने
"
"The father and the grandfather have been arrested.
","बुक्या आणि दादा या दोघांना अटक करण्यात आली आहे.
"
"The grandfather asked a lot of questions.
","दादांना खूप प्रश्न विचारायचा.
"
"The grandfather asked.
","' दादांनी विचारलं.
"
"The grandfather came to him.
","दादा त्याच्याकडे आले.
"
"The grandfather gave directions.
","दादांनी मार्गदर्शनात सांगितले होते.
"
"The grandfather gave the boy $5.
","मुलाच्या वडिलांनी पाच डॉलर जास्त दिले.
"
"The grandfather looked at me.
","दादांनी माझ्याकडे बघितले.
"
"The grandfather says.
","दादा म्हणतात.
"
"The grandfather was arrested.
","दादा पकडले गेले.
"
"The grandfather was there.
","दादा तिथे आले होते.
"
"The grandfather was weak.
","दादा सान्गत होता.
"
"The memories of my grandfather are always with me.
","त्या वडीलांच्या आठवणी कायम माझ्या सोबत आहेत.
"
"The next day the boy's grandfather died.
","दुसऱ्याच दिवशी या मुलीचे वडील मरण पावले.
"
"The problem is grandfather.
",". प्रश्न दादाचाच आहे.
"
"The second reason is because of his grandfather.
","दुसरं कारण म्हणजे आज्जी.
"
"The store was started by his grandfather.
","तिच्या वडिलांनी सुरू केलेलं दुकान.
"
"The story of the island begins from the year 1807, when Giuseppe Bertoleoni, grandfather of the current King Antonio, also known as Tonio, arrived on the island fleeing Italy.
","या बेटाची कहाणी 1807 पासून सुरू होते, जेव्हा सध्याचा राजा Antonio उर्फ टोनियोचे खापर पणजोबा Giuseppe Bertoleoni इटलीतून पळून या बेटावर येऊन पोहोचले.
"
"Their grandfather played first-class cricket.
","त्याचे वडील हे प्रथम श्रेणी क्रिकेटमध्ये खेळले अाहेत.
"
"Their grandfather was also a Police Officer.
","त्यांचे वडील देखील पोलीस अधिकारी होते.
"
"Their grandfather was also a police officer.
","त्यांचे वडील देखील पोलीस अधिकारी होते.
"
"Then, his grandfather had an accident.
","मग दादाचा अपघात झाला.
"
"There is no grandfather here.
","इथे कुणी दादा नाही.
"
"There is no grandfather in.
","इथे कुणी दादा नाही.
"
"There were two grandfathers.
","एक दोन दादाही आले.
"
"They are proud of their grandfather's artwork.
","त्यांच्या वडिलांच्या कलेचा त्यांना अभिमान आहे.
"
"They went into grandfather's bedroom.
","दादांच्या खोलीत गेले होते.
"
"This is my connection with my grandfather.
","माझा दादांशी आलेला संपर्क इतकाच.
"
"This is my grandfather!
","असा आहे माझा दादा !
"
"This is the story my grandfather told.
","माझ्या दादांनी सांगितलेली हि उपोषण कथा आहे.
"
"This turn of the grandfather's life has been greatly appreciated on the future of the grandfathers and the whole of Maharashtra.
","दादांच्या आयुष्यातील हे वळण दादांच्या आणि एकूणच महाराष्ट्राच्या भविष्यावर फार मोठे उपकार करून गेले.
"
"This was by my mother, and my grandfather.
","तो माझी आई आणि आजी यांनी केले.
"
"This was told to by my grandfather many years ago.
","बऱ्याच वर्षापूर्वी माझ्या वडिलांनी सांगितलेला हा प्रसंग / गोष्ट आहे.
"
"This wasn't someone else's grandfather; this
","एक या ःपृँयांच्या बापाच नाह; ती
"
"To repay her grandfather's debt.
","दादाचं कर्ज फेडायासाठी.
"
"Today is also my grandfather's birthday.
","आज त्याच दादांचा स्मृतिदिन आहे.
"
"Today, my grandfather is 96 years old.
","दादाजींचे वय आज ९६ आहे.
"
"Trump's grandfather, Friedrich Trump, was a German immigrant.
","- डोनाल्ड ट्रम्प यांचे वडिलांचे वडील फ्रेड्रिक ट्रम्प हे मूळचे जर्मन नागरिक होते.
"
"Unfortunately his grandfather also died 3 years later.
","दुर्दैवाने 3 वर्षापूर्वी वडिलांचेही निधन झाले.
"
"We call them grandfathers.
","त्यांना आम्ही दादा म्हणायचोे.
"
"We were brought up quite a lot by my grandfather.
","दादांनी आम्हाला खूप छान वाढवलं.
"
"Who's the grandfather?
","दादी कोण आहे?
"
"With the grandfather...
","दादा यांच्या सोबत. . .
"
"You are the grandfather now.
","आता तू दादा झालास.
"
"You now are a great grandfather.
","आता मोठे दादासाहेब झालात तुम्ही.
"
"You're a grandfather now.
","आता तू दादा झालास.
"
"Your grandfather's heart was broken.
","दादाचे ह्रदय दुभंग झाले.
"
"back into grandfather's face.
","परत वडिलांच्या चेहऱ्यावर.
"
"don't you go for grandfather?
","तुला मामाकडे जाता नाही आलं?
"
"father and grandfather had worked.
","पिता आणि मोठा भाऊ नोकरी मिळाली.
"
"father and grandfather were engineers.
","आई आणि बाबा मुले अभियंते होते.
"
"friend of my grandfather's.
","दादाचा मित्र.
"
"friend of my grandfather.
","दादाचा मित्र.
"
"grandfather (3)
","चाचा भतीजी (3)
"
"grandfather died in the Great Patriotic War.
","त्यांचे वडील ग्रेट देशभक्तीपर युद्ध दरम्यान मृत्यू झाला.
"
"grandfather had asked.
","नातीने विचारले.
"
"grandfather in his works.
","दादा त्यांच्या कामात.
"
"grandfather was one of them.
","दादाही त्यांपैकीच एक.
"
"grandfather worked for them.
","त्यांच्यासाठी दादांनी पुष्कळ काम केलं.
"
"grandfather's advice
","दादांचा अफलातून सल्ला
"
"grandfather, he said.
","दादा म्हणाले.
"
"grandfather, what should I do?
","दादा - काय करायचो मी?
"
"his grandfather died in 1907,
","1907 मध्ये त्याचे वडील मरण पावले.
"
"his grandfather was a sharecropper.
","त्यांचे वडिल शेयरक्रॉपर होते.
"
"his grandfather's
","त्यांची दादा ॥
"
"i have a lot of respect for my grandfather.
","दादाचा मी मनापासून आदर करतो.
"
"i'm his grandfather
","मी अन माझ्या दादाने
"
"in my grandfather's
","माझ्या दादा च्या देहात
"
"learned from his grandfather.
","दादांकडून शिकायला मिळते.
"
"me and my grandfather
","दादा आणि मी
"
"meet his grandfather.
","दादाला भेटायला.
"
"my grandfather says.
","दादा म्हणतात.
"
"my grandfather says:
","दादा म्हणतात ,
"
"my grandfather used to say.
","माझा दादा म्हणत होता.
"
"my grandfather was a police officer.
","माझे मामा पोलिस कर्मचारी होते.
"
"my grandfather would want me
","दादा मला हवा
"
"my grandfather's family!
","आम्हा ताई दादांचा परिवार !
"
"my grandfather's question.
","बुवाचा प्रश्न.
"
"my grandfather.
","माझा दादा .
"
"not his grandfather.
","दादाचे नाही.
"
"some of my grandfather's books.
","दादांच्या काही पुस्तकांची मुखपृष्ठे.
"
"tell their grandfather.
","दादाला सांगा.
"
"the grandfathers name.
","दादांच्या नावाचा .
"
"voted husband, father, grandfather,
","पती, मुलगा, वडील, दीराचं ऐकून मतदान
"
"went to grandfather's house.
","दादाच्या घरी पोहचलो.
"
"went to his grandfather.
","भाऊ दादांकडे गेला.
"
"your grandfather was wont to say.
","तुमचे दाजी सांगत होते.
"
"Kareena Kapoor's newborn baby’s first pictures have recently gone viral on social media courtesy of grandfather Randhir Kapoor.
","काही दिवसांपूर्वीच करिनाचे वडील रणधीर कपूर यांच्या अकाऊंटवरुन एका बाळाचा फोटो व्हायरल झाला होता.
"
"His grandfather immediately informed the police.
","त्याच्या वडिलांनी तातडीने पोलिसांना माहिती दिली.
"
"He was saved by his grandfather then.
","त्यावेळी त्याच्या वडिलाने त्याला वाचवले.
"
"At about that time his grandfather’s friend sexually abused him.
","त्यावेळी तिच्या मावशीच्या पतीने तिच्यासोबत लैंगिक अत्याचार केले.
"
"Currently I’m staying at my grandfather’s place.
","सध्या मी चेंबूरमद्धे माझ्या वडिलांच्या घरात राहतो.
"
"Police also say her grandfather and father were also involved.
","या प्रकरणात पोलिसही आपल्या वडिलांना सामील झाले आहेत, असा आरोपही तरुणीने केला आहे.
"
"At the time of his birth, his father, Shah Jahan, was then the Subahdar governor of Gujarat, and his grandfather, Jehangirwas the Mughal Emperor.
","औरंगजेबाच्या जन्माच्या वेळी त्याचे वडील शहाजहान गुजरातचे राज्यपाल होते.
"
"Kumar’s grandfather had three brothers.
","कादर खान ह्यांना तीन भाऊ होते.
"
"In a trembling voice, he asked, “Are you my grandfather?
","त्याने थरथरत्या आवाजात विचारलं, “वहिनी, तुम्ही?
"
"At this point, I was living in my grandparents’ one-bedroom house alongside my grandmother, grandfather, father, aunt and cousin.
","त्यावेळी दहा बाय दहाच्या खोलीत मी, माझी आई, माझी पणजी, माझी बहीण व भाऊ एवढी लोक रहात होतो.
"
"Once everybody including father-mother, uncle-aunt, grandfather, grandmother, and cousins used to live jointly.
","पूर्वी आईवडील, भाऊ, बहीण, काका, काकू या सगळ्यांचं कुटुंब असायचं.
"
"A loving husband, devoted father and grandfather, he loved being with family and friends.
","एक कुटुंबवत्सल, मित्र-सहकारी-वडीलधारे आणि आवडत्या माणसांवर भरभरून प्रेम करणारा.
"
"Both his father and grandfather were skilled artists.
","आई-वडील दोघेही कलावंत होते.
"
"A similar thing happened with Tucker’s grandfather.
","काहीसा असाच प्रकार टकर यांच्याबरोबर सुद्धा झाला.
"
"’ But my grandfather wasn’t concerned about that.
","पण दादांनी त्याच्याकडे लक्षच दिले नाही.
"
"Meanwhile, Sonam Kapoor and Ranvir Singh are also relatives as Anil Kapoor’s mother-in-law and Ranvir’s grandfather are siblings.
","रणवीर सिंग आणि सोनम कपूर: बॉलीवूड चे अभिनेते अनिल कपूर यांची मुलगी सोनम कपूर व बॉलीवूड चे खूपच उत्साही अभिनेते रणवीर सिंग हे दोघे एकमेकांचे चुलत भाऊ बहीण आहेत.
"
"Shah Rukh Khan's youngest child, AbRam is ‘convinced’ that megastar Amitabh Bachchan is his grandfather.
","बिग बींनी शेअर केलं आहे की, शाहरूखचा लहान मुलगा अबराम याला पूर्णपणे असं वाटतं की, मी शाहरूखचे वडिल आहे.
"
"There were grandfathers of two children also along with them.
","या गावगुंडांसोबत दोन अल्पवयीन मुलंसुद्धा होती.
"
"Particularly my grandfather was very much in love with me.
","विशेषतः पप्पा माझे खूप लाड करायचे.
"
"I have learnt a lot from my grandfather.
","बाबांकडून आम्ही बहिणी खूप काही शिकलो.
"
"And what of your grandfather?
","आणि काय चाललंय तुझ्या बाबांचं?
"
"He has been responsible for his father’s death and his grandfather’s.
","त्याने आपल्या सासू आणि पत्नीला आपल्या मृत्यूस जबाबदार धरलंय.
"
"At the age of 15 John’s grandfather passed away.
","त्यांच्या वयाच्या १५ व्या वर्षी त्यांचे वडील वारले.
"
"His mother had died later and he had been raised by his grandfather.
","नंतर त्यांची आजी वारली आणि नंतर त्यांच्या मावशीने त्यांचा सांभाळ केला.
"
"Both his father and grandfather were professional musicians.
","त्यांचे वडील आणि काका देखील शास्त्रीय संगीतात प्रवीण होते.
"
"A family is a father and a mother, as well as grandfather and a grandmother.
","कुटुंबात आई तसेच एक भाऊ आणि एक बहिण तसेच काका आणि त्यांचा परिवार आहे.
"
"Both his father and grandfather were organists and composers.
","त्यांचे आई आणि वडील दोघेही गायक आणि अभिनेते होते.
"
"As did my mother and maternal grandfather.
","अगदी माझी आई आणि आज्जी पण.
"
"A father of three girls and grandfather of seven children.
","तो सात मुले आणि तीन मुली आनंदी पिता होता.
"
"And that was my grandfather.
","आणि ते म्हणजे माझे बाबा होते.
"
"‘Is that your grandfather?’ he asked, pointing at the photograph.
","' वडिलांच्या फोटोकडे बोट दाखवीत तिने विचारले.
"
"Pawar was accompanied by his parents, grandfather and two younger siblings, along with members of his extended family.
","आई-वडील व लहान भावाबरोबर दोन काका आणि त्यांचे कुटुंबीय एकत्र राहात होते.
"
"My father learnt it from my grandfather.
","हा आपल्या वडिलांजवळच ही कळा शिकला.
"
"There is a grandfather in the village.
","जगन आबांची वट आहे गावात.
"
"Both his father and grandfather were naval officers.
","त्यांचे वडील आणि काका दोन्ही सैनिक होते.
"
"Both his father and grandfather were U.S. Navy admirals.
","त्यांचे वडील सुद्धा अमेरिकन नौदल अधिकारी होते.
"
"A son, a brother, a husband, a father, a grandfather.
","वडिल, नातवंडे, बहीण, भाऊ, बहिणीची अपत्ये, भावाची अपत्ये, मुलीची नातवंडे, भावाचा मुलगा, बहिणीचा मुलगा.
"
"A story by a grandfather…
","कहाणी दमलेल्या बापाची. . .
"
"At the age of fifteen he started helping his grandfather with family building projects.
","वयाच्या पंचविसाव्या वर्षापासूनच त्यांनी वडिलांना त्यांच्या व्यवसायात मदत करण्यास सुरुवात केली होती.
"
"My grandfather was the sarpanch of the village.
","त्यांचे वडील गावचे सरपंच होते.
"
"He has been responsible for his father’s death and his grandfather’s.
","आपल्या वडील आणि भावाच्या मृत्यूला तो आईलाच जबाबदार ठरवायचा.
"
"But he’s my grandfather.
","पण तो मुर्ख माझा बाप आहे.
"
"His mother, Benazir Bhutto and maternal grandfather Zulfikar Ali Bhutto, were both Prime Ministers of Pakistan.
","त्यांच्या आई बेनजीर भुट्टो या पाकिस्तानच्या पंतप्रधान होत्या, तर वडील असिफ अली झरदारी हे पाकिस्तानचे राष्ट्रपती होते.
"
"Her grandfather was a school teacher and her father a doctor.
","त्याचे वडील शिक्षक असून चुलते डॉक्टर आहेत.
"
"Shah Nawaz Khan, a son of Kahuta, Pakistan, was Shahrukh Khan’s maternal grandfather.
","नूर जहां ही शाहरुख खानच्या वडिलांच्या चुलत भावाची मुलगी होती.
"
"Her grandfather was a school teacher and her father a doctor.
","तिचे वडील डॉक्टर असतात तर तीही सर्जन व्हायचं शिक्षण घेत असते.
"
"That’s my grandfather.
","ते माझ्या पित्यासमान आहे.
"
"A couple of years ago my grandfather passed away.
","दोन वर्षापुर्वी माझ्या वडिलांचे निधन झाले.
"
"According to a complaint by the girl's grandfather, the boy, who lives in the neighbourhood, allegedly raped the girl when she was alone in the house.
","मुलीच्या वडिलांनी दिलेल्या तक्रारीनुसार घरात राहाणाऱ्या चुलत भावानेच मुलीवर सतत अत्याचार केला होता.
"
"A grandfather, he is married and has three children.
","नौशाद विवाहीत असून तीन मुलांचा बाप होता.
"
"Her grandfather was a school teacher and her father a doctor.
","त्यांचे वडिलांचे वडील डॉक्टर तर आईचे वडील मिशनरी आणि प्राच्यविद्येचे अभ्यासक होते.
"
"His grandfather was like a dad to him.
","त्याची चण एकदम त्याच्या बापासारखी होती.
"
"He is named after his grandfather Raj Kapoor, whose real name was Ranbir Raj Kapoor.
","त्याचं नाव रणबीर राज कपूर.
"
"My grandfather was a lawyer.
","काका वकील होते.
"
"His father, his uncle, his grandfather, and his grandmother were all lawyers.
","त्यांचे अाजोबा, वडील, भाऊ, बहीण, मुलगा हे सर्व वकील अाहेत.
"
"My grandfather was the sarpanch of the village.
","त्यांचे वडील गावाचे सरपंच होते.
"
"His father and grandfather practised it too.
","त्याचा बाप व आजा सुद्धा शिप्याचा धंदाच करीत असत.
"
"He had played the role of a grandfather to Pooja Hegde in the movie.
","त्यांनी या चित्रपटात पूजाच्या आई-वडिलांची भूमिका साकारली होती.
"
"A few months ago my grandfather on my mother’s side passed.
","काही महिन्यांपूर्वी माझ्या आजीचं निधन झालं.
"
"My grandfather supported us.
","वडिलांचा आम्हाला आधार होता.
"
"And who was this grandfather?
","तसेच हा दादा कोण आहे?
"
"Both men are grandfathers.
","हे दोघेही नवराबायको आहेत.
"
"After my grandfather died my mother was all alone with me.
","वडिलांच्या मृत्यूनंतर आई माझ्याजवळच राहिली होती.
"
"Ali Fazal's grandfather passes away, actor shares emotional post in his memory
","अभिनेता अली फजल याला मातृशोक, शेअर केली भावनिक पोस्ट
"
"Basically in the family mother, father, grandfather, grandmother, uncle, aunty, brother, sister, daughter and son are the members of the family.
","त्याच्या पश्वात आई, वडील, भाऊ, काका, काकी, चुलत भाऊ, बहीण असा परिवार आहे.
"
"’ But my grandfather wasn’t concerned about that.
",""" पण काकांनी त्याच्याकडे लक्ष दिलं नाही.
"
"His grandfather brings him here.
","तिच्या काकांनी तिला येथे आणले आहे.
"
"It was given to him by his grandfather.
","हा प्रसाद त्याला त्याच्या आईसाहेबांनी दिलेला.
"
"I stood next to my maternal grandfather.
","मी पप्पांच्या अगदी समोर येऊन उभा राहिलो.
"
"Actually, grandfather never said that.
","खरंतर बाबा असे कधीच नव्हते.
"
"Her grandfather Harivansh Rai Bachchan was a celebrated Hindi poet.
","त्यांचे वडील हरिवंशराय बच्चन हे हिंदीतील प्रसिध्द कवी.
"
"And that is my mother, father, grandmother, grandfather, uncles, Aunts and adult cousins.
","त्यात मी, आई, पप्पा, भाऊ, बहीण आणि माझी आजी इतके जण राहतो.
"
"Her grandmother was Hindu, her grandfather British and father Armenian Christian.
","तिची आई भारतीय, वडील आणि नवरा श्वेतवर्णी, ख्रिश्चन अमेरिकन आहेत.
"
"Ali Fazal's grandfather passes away, actor shares emotional post in his memory
","अली फजलच्या आईचे निधन, अभिनेत्याने लिहिली भावुक पोस्ट
"
"Both his father and grandfather had served in the military.
","त्यांचे वडील व भाऊ दोघेही सैन्यात होते.
"
"Earlier, in an interview with the Times of India, Kareena's father, Randhir Kapoor, expressed his excitement about becoming a grandfather again.
","करिनाचे वडील अभिनेते रणधीर कपूर यांनी टाईम्स आॅफ इंडियाला दिलेल्या मुलाखतीमध्ये करिनाच्या प्रकृतीची माहिती दिली.
"
"Both of my grandfathers and my father were wood workers.
","दोघांचेही आई वडील गिरणी कामगार होते.
"
"His father's name was Dhanadutta and grandfather's name was Bhadradutta.
","दशरथ हे याच्या पित्याचे नाव आणि भैया हे याचे उपनाम होय.
"
"Amrish Puri’s grandson Vardhan to enter Bollywood, says debut film will be an ode to his late grandfather
","अमरिश पुरींचा नातू वर्धन पुरी करणार बॉलिवूडमध्ये एन्ट्री
"
"His paternal grandfather was a professor at a School Of Music.
","संगीताचे वडील शाळेत चित्रकला शिक्षक होते.
"
"Jayant Chaudhary's father Ajit Singh was a Union minister and a multiple-time parliamentarian, while grandfather Chaudhary Charan Singh served as the fifth Prime Minister of India.
","चौधरी चरणसिंग हे अजितसिंग यांचे वडील व देशाचे सातवे पंतप्रधान होते.
"
"Behind him was someone's grandfather.
","त्याच्या पाठीमागे म्हाताऱ्याची आज्जी होतीच.
"
"“My grandfather had passed away.
","“माझा प्रणित दादा गेला.
"
"A throwback picture shared by Karisma Kapoor featured her grandfather late Raj Kapoor, sister Kareena and cousin Ranbir Kapoor.
","फोटोत राज कपूर यांच्यासह करिष्मा कपूर, करीना कपूर, आणि रिधिमा कपूर यांचा बालपणीचा फोटो आहे.
"
"Rahul’s father and grandfather were Muslims.
","राहुल कूल यांचे वडील आणि आई आमदार होते.
"
"His great grandfather was Gujarati.
","त्याचे वडील गुजराती होते.
"
"And my grandfather started crying.
","आणि काका ढसाढसा रडायला लागले.
"
"But he is my grandfather.
","पण तो मुर्ख माझा बाप आहे.
"
"His grandfather’s name was Chandradeva and his father’s name was Guhideva.
","त्यांच्या वडिलांचे नाव गोविंदशास्त्री तथा दाजीशास्त्री व मातोश्रींचे नाव द्वारकाबाई.
"
"My grandfather was a cop and my dad was career Army.
",", माझे वडील स्वातंत्र्यसैनिक होते, तर माझा भाऊ सैन्यात होता.
"
"And my maternal grandfather?
","मग माझ्या आईपणाचं काय?
"
"Her grandfather was Chief Minister of Madras state (now Tamil Nadu).
","त्यांचे वडील मद्रास राज्याचे प्रधानमंत्री होते.
"
"Her mother and grandfather died from the disease.
","आई आणि धाकटा भाऊ या रोगाला बळी पडले.
"
"""Neither my father nor my grandfather were Muslim.
","'माझे वडिल मराठी माणूस नाही आणि मीही नाही.
"
"If the father, also, does not take the child, then this right is received by grandmothers, grandfathers and other relatives.
","जर बाप आपल्या मुलाला घेऊन गेले नाही तर दादा, दादा आणि इतर नातेवाईकांनी हा अधिकार प्राप्त केला आहे.
"
"Both his grandfathers were musicians.
","माझे सासू-सासरे दोघेही गायक होते.
"
"And what of my grandfather?
","मग माझ्या आईपणाचं काय?
"
"Is it his grandfather's property?
","ती काय त्यांच्या वडिलांची संपत्ती आहे काय ?
"
"After her grandfather died, her grandmother moved in with her parents.
","आईच्या निधनानंतर त्या आपल्या वडिलांसोबत बिठूरला आल्या.
"
"His grandfather’s name was Chandradeva and his father’s name was Guhideva.
","त्यांच्या वडिलांचे नाव गोविंदराव आणि आईचे नाव चिमणाबाई होते.
"
"He is currently living with his maternal grandfather.
","आता त्या वाडयात आजीच्या सोबतीने राहणारी.
"
"He was also a son, husband, father and a grandfather.
","तसेच पुरुषसुद्धा कुणाचा तरी मुलगा, भाऊ आणि वडील आहे.
"
"Both his father and grandfather were agriculturists.
","आई-बाबा दोघेही शेती करायचे.
"
"I have learnt a lot from my grandfather.
","सासूबाईंकडून मी बऱ्याच गोष्टी शिकले.
"
"But grandfather was right.
","पण भाऊ खरे बोलत होते.
"
"But my grandfather was adamant.
","पण काकांनी हट्टच धरला.
"
"On this statement of Raj Thackeray, NCP supremo Sharad Pawar reacted by saying that he should read the history, Pawar also gave him the advice to read the writings of his own grandfather Prabodhankar Thackeray.
","राज ठाकरेंच्या आरोपावर राष्ट्रवादीचे अध्यक्ष शरद पवारांनी प्रबोधनकारांचं लिखाण वाचण्याचा सल्ला ठाकरेंना दिला होता.
"
"Her grandfather Harivansh Rai Bachchan was a celebrated Hindi poet.
","त्यांचे वडील डॉ. हरिवंशराय बच्चन हे हिंदीतील सुप्रसिद्ध कवी होत.
"
"After his father’s death, his grandfather reared him.
","वडिलांच्या निधनानंतर आईने त्यांचे संगोपन केले.
"
"Aishwarya Rai Bachchan shared a cute throwback picture of daughter Aaradhya with grandfather Amitabh Bachchan and dad Abhishek Bachchan.
","पती अभिषेक बच्चन, मुलगी आराध्या, सासरे अमिताभ बच्चन यांच्यासोबतचे फोटो ती शेअर करते.
"
"Both of my grandfathers were farmers.
","माझे दोन्ही काका शेतकरी आहेत.
"
"According to police, the girl committed suicide due to sexual abuse by her grandfather.
","पोलिसांनी केलेल्या प्राथमीक तपासात मुलगी समलैंगिक असल्याने वडिलांनी आत्महत्या केल्याचे समोर आले आहे.
"
"And my grandfather was there!
","आणि माझी गोची होते ती नेमकी तिथेच!
"
"He was also a son, husband, father and a grandfather.
","तसेच पुरुष सुद्धा कुणाचा तरी मुलगा, भाऊ आणि वडील आहे.
"
"His grandfather’s name was Chandradeva and his father’s name was Guhideva.
","दामोदरराव यांच्या जनक वडिलांचे नांव गोविंदराव असून आडनांव उडपी धारवाडकर असें होतें.
"
"Veer Savarkar’s grandson Ranjit Savarkar has hit out at Rahul Gandhi for his ‘I am not Rahul Savarkar’ remark and asked Maharashtra Chief Minister Uddhav Thackeray to ‘beat Rahul Gandhi publicly for insulting his grandfather’.
","रणजित सावरकर यांनी मुख्यमंत्री उद्धव ठाकरेंना आवाहन केले आहे की, त्यांनी स्वातंत्र्यवीर सावरकरांचा अपमान करणाऱ्या राहुल गांधींना अटक करण्याचे आदेश द्यावेत.
"
"His maternal grandfather, Shri Sukhdev Mishra and maternal uncle Chaubey trained him in Kathak.
","श्री सुखदेव महाराज मिश्रा या त्यांच्या वडिलांनी त्यांना कथ्थकची उत्तम तालीम आणि प्रशिक्षण दिले.
"
"Agra: In a horrific incident, a man killed his grandfather over property dispute in a village in Agra district of Uttar Pradesh.
","आगरा: उत्तर प्रदेशच्या आगरा येथे एक व्यक्तीला गावकऱ्यांनी बेदम चोप देऊन त्याची नग्नावस्थेत धिंड काढल्याची घटना घडली आहे.
"
"Her grandfather Harivansh Rai Bachchan was a celebrated Hindi poet.
","त्यांचे वडील हरीवंशराय बच्चन हे एक प्रसिद्ध कवी होते.
"
"But he was a wonderful grandfather.
","पण तो चांगला बाप होता.
"
"But by this time, Yadav’s grandfather had died.
","पण तोपर्यंत जाधव यांचा मृत्यू झाला होता.
"
"His father's name was Dhanadutta and grandfather's name was Bhadradutta.
","त्यांच्या वडिलांचे नाव जगबंधू वड्डेदार व आईंचे नाव प्रतिभा वड्डेदार होते.
"
"His father, his grandfather, and his great-grandfather were all duck-men.
","त्याचे वडील, भाऊ, आजी सर्वच शोकाकुल होते.
"
"His grandfather’s name was Rasheed Ahmad.
","त्यांच्या वडिलांचे नाव ह्यूज इ. रॉडहॅम असे होते.
"
"And he was my grandfather.
","आणि ते म्हणजे माझे बाबा होते.
"
"Both grandfathers and my dad were lefties.
","माझे वडिल आणि माझी अम्मी दोघेही हजवर गेले होते.
"
"Both of my husband’s grandfathers were farmers.
","माझे दोन्ही काका शेतकरी आहेत.
"
"Her father, grandfather, uncle and maternal uncle.
","दादा मोठा, भाऊ छोटा, मम्मी त्यांची आई आणि आण्णा त्यांचे वडील.
"
"grandfather. father. elder brother. younger brother. son. nephew. daughter. niece grandson. granddaughter. grandmother. aunt. cousin.
","वडिल, नातवंडे, बहीण, भाऊ, बहिणीची अपत्ये, भावाची अपत्ये, मुलीची नातवंडे, भावाचा मुलगा, बहिणीचा मुलगा.
"
"Chandrakant’s grandfather Prabhashankar Oghadbhai Sompura designed the Somnath temple.
","चंद्रकांत यांचे वडील प्रभाशंकर सोमपुरा यांनी प्रभास पाटण येथील सोमनाथ मंदिर बनविले आहे.
"
"Your grandfather?
","दादा की ताई?
"
"Both my grandmother and grandfather were teachers.
","माझे आई आणि वडील दोघही शिक्षक होते.
"
"Her mother and grandfather died from the disease.
","या आजारामुळे तिच्या आई वडिलांचे निधन झाले.
"
"But I’m inspired by my grandfather.
","परंतु माझ्या वडिलांनी प्रेरणा दिली.
"
"His grandfather’s name was Chandradeva and his father’s name was Guhideva.
","त्यांच्या वडिलांचे नाव गोविंदराव व आईचे नाव चिमणाबाई होते.
"
"My grandfather had retired.
","अप्पा निवृत्तीला आले होते.
"
"Both of my grandfathers were dead.
","माझे आईवडील दोघेही वारले आहेत.
"
"Police have detained the grandmother, grandfather and father of the child for questioning in connection with the matter.
","तसेच पोलिसांनी मुलीचे वडील आणि काका यांना ताब्यात घेतलं असून या प्रकरणाची अधिक चौकशी केली जात आहे.
"
"At the time of his birth his grandfather, mother and father, three aunts, an uncle and four siblings all lived in the house.
","लहाणपणी माझे वडील, त्यांचे सख्खे चार भाऊ, तिन बहिणी, त्यांचे दोन चुलत भाऊ त्या वाड्यात राहत असत.
"
"A story is told about a grandfather, a father and son.
","ही एक पिता, मुलगा आणि भावाची कथा आहे.
"
"After his parents passed away at the age of five, he was brought up by his grandfather.
","त्यांच्या वयाच्या पाचव्या वर्षीच त्यांची आई निवर्तली त्यानंतर त्यांचे संगोपन वडिलांनीच केले.
"
"Six-month-old baby slips from grandfather’s hand, dies
","आईच्या हातून पडून सहा महिन्यांच्या बाळाचा मृत्यू झाला
"
"“Who was your grandfather?
","""शर्ट देणारा तुझा बाप होता का?
"
"Six-month-old baby slips from grandfather’s hand, dies
","आईच्या हातातून सहा महिन्यांचं बाळ सटकलं, चिमुकल्याचा मृत्यू
"
"His grandfather’s name was Chandradeva and his father’s name was Guhideva.
","त्यांच्या आईचे नाव चिमणाबाई आणि वडीलांचे नाव गोविंदराव असे होते।
"
"My grandfather was a cop and my dad was career Army.
","माझे वडील स्वातंत्र्य सैनिक होते तर माझा भाऊ सैन्यात होता.
"
"The police then arrested her grandfather.
","त्यानंतर पोलिसांनी तात्काळ तिच्या भावाला अटक केली.
"
"Her grandfather Harivansh Rai Bachchan was a celebrated Hindi poet.
","त्यांचे वडील हरिवंश राय बच्चन हे प्रसिद्ध कवी होते.
"
"His grandfather’s name was Chandradeva and his father’s name was Guhideva.
","जोतिबांच्या वडिलांचे नाव गोविंदराव आणि आईचे नाव चिमणाबाई होते.
"
"The faces of my father, grandfather and uncles began flashing before my eyes.
","माझ्या डोळ्यापुढून आई-बाबा, इन्नी यांचे चेहरे तरळून गेले.
"
"His father was Raj Kapoor, his grandfather theatre pioneer Prithiviraj Kapoor.
","त्याकाळी राज कपूर यांचे वडील पृथ्वीराज कपूर (Pruthviraj Kapoor) हे नाटक कंपनी चालवायचे.
"
"The family is heartbroken by the loss of their husband, father and grandfather.
","आपल्या कुटुंबातील मुलगा, पती, वडील गेल्याचे दुःख कुटुंबियांना आहेच.
"
"Her grandfather, says she, was a Muslim and grandmother a Hindu.
","त्यांचे म्हणणे आहे की त्यांचे वडील दलित आणि आई मुस्लिम होती.
"
"On this statement of Raj Thackeray, NCP supremo Sharad Pawar reacted by saying that he should read the history, Pawar also gave him the advice to read the writings of his own grandfather Prabodhankar Thackeray.
","राज ठाकरेंच्या विधानाला प्रत्युत्तर देताना राष्ट्रवादी काँग्रेसचे अध्यक्ष शरद पवार यांनी राज ठाकरेंनी त्यांचे प्रबोधनकारांचे लिखाण नीट वाचावं.
"
"Both my father and grandfather were Congress MLAs.
","माझे वडील काँग्रेसचे विधानपरिषदेतील आमदार होते.
"
"But her mother and grandfather were stubborn.
","पण तिचे मामा व काका सतत वट वट करत होते.
"
"But his grandfather does not want him.
","पण त्याचा वडिलांना हे अजिबात आवडायचं नाही.
"
"His grandfather Keshav Sitaram Thackeray, better known as ""Prabodhankar (reformer)"", was known for his reformist views and harsh criticism of religious orthodoxy.
","बाळासाहेब ठाकरे यांचे वडील केशव सीताराम ठाकरे यांना त्यांच्या सुधारणावादी विचारांमुळे आणि धार्मिक रूढिवादावर कडवट टीका केल्यामुळे प्रबोधनकार (सुधारक) म्हणून देखील त्यांना ओळखले जाते.
"
"Both his father and his grandfather were actors.
","त्याचे आई आणि वडील दोघेही गायक आणि अभिनेते होते.
"
"Both of her parents were grandfather physicians.
","तिचे आई-वडील दोघेही डॉक्टर होते.
"
"As a young child my grandfather was always taking photographs.
","मी लहान असताना माझे बाबा माझे अनेक फोटो काढायचे.
"
"His father Raj Kapoor and grandfather Prithviraj Kapoor were doyens of Bollywood.
","पृथ्वीराज कपूर यांचे वडील आणि ऋषी कपूर यांचे पणजोबा बाशेश्वरनाथ तहसीलदार होते.
"
"And so is my grandfather.
","तसंच माझी नंदा आत्या.
"
"There were five in her family, her mother, father, grandfather, baby sister, and herself.
","त्याच्या घरात आई, वडील, लहान भाऊ, बहीण, चुलते व त्यांचे कुटुंब असे एकून दहाजणरहात होते.
"
"Both my grandfathers were musicians too.
","माझे सासू-सासरे दोघेही गायक होते.
"
"But grandfather’s was not one of them.
","पण दादा त्यातला नव्हता.
"
"What are your fondest memories with your grandfather?
","तुझी उपेंद्रसोबतची एक खास आठवण कोणती?
"
"Both his father and grandfather worked there.
","त्याचे आई-बाबा दोघेही जॉब करायचे.
"
"Aditi’s great grandfather was Akbar Hydari, the Prime Minister of Hyderabad state before independence and she is also the grandniece of Muhammad Saleh Akbar Hydari, the former Governor of Assam.
","अकबर हैदरी, हैदराबाद राज्याचे माजी प्रधानमंत्री आणि आसामचे माजी गव्हर्नर मोहम्मद सालेह अकबर हैदरी यांची भाचीची नात आहे.
"
"Vithalrao Vikhe Patil, Radhakrishna’s grandfather, formed India’s first cooperative sugar factory.
","महाराष्ट्रातला पहिला सहकारी साखर कारखाना उभारणारे विठ्ठलराव विखे पाटील यांचे हे पणतू.
"
"And he’s not my grandfather.
","हे माझे दादा नाहीत.
"
"My great grandfather is from Hyderabad.
","माझे पूर्वजही हैदराबादचेच आहेत.
"
"Bilawal’s grandfather, Zulfikar Ali Bhutto was the ninth prime minister and the fourth president of Pakistan.
","झुल्फिकार अली हे पाकिस्तानचे नववे पंतप्रधान आणि चौथे राष्ट्रपती होते.
"
"grandfather. father. elder brother. younger brother. son. nephew. daughter. niece grandson. granddaughter. grandmother. aunt. cousin.
","आई-वडील, बहीण, भाऊ, काका, मामा, आत्या यांच्याबरोबर घालवलेले लहानपणीचे
"
"My grandfather is an Indian and my father was English.
","आयेशाचे वडील हे भारतीय तर आई इंग्लिश होती.
"
"Her mother, father uncles and grandfather were police.
","महिलेचे वडील, काका व जावई पोलिस कर्मचारी आहेत.
"
"But my grandfather was adamant.
","परंतु वडील पडले जिद्दी.
"
"Both his mother and grandmother were teachers; his grandfather was a principal.
","त्यांचे वडील मुख्याध्यापक होते, तर आई शाळेत शिक्षक होत्या.
"
"My grandfather was travelling. . .
","माझे म्हातारे बाबा वणवण भटकत होते. . . !
"
"In addition, his great grandfather was a subordinate judge.
","याशिवाय त्यांचे पणजोबा हे न्यायाधीश होते.
"
"Amitabh Bachchan in an Instagram post wrote that Shah Rukh Khan's son, Abram, is convinced that he is his grandfather.
","अमिताभ यांनी लिहिले की शाहरुख खानचा धाकटा मुलगा अबराम त्यांना शाहरुखचा वडिल समजतो.
"
"And my grandfather lived here.
","आणि माझे आईवडिलही इथेच रहातात.
"
"My grandfather was a terror.
","दादा माझा क्रश होता.
"
"I never knew either of my grandfathers.
","माझ्या वडलांबद्दल मला कधीच फारशी माहिती नव्हती.
"
"Beloved father and grandfather.
","प्रिय दादा व तात्या,
"
"But he was an excellent grandfather.
","पण तो चांगला बाप होता.
"
"We all know our grandfather’s name.
","आपल्या प्रत्येकाला आजीबाईंचा बटवा माहित आहे.
"
"Akash Ambani and Shloka Mehta recently became parents to a baby boy, and pictures of grandfather Mukesh Ambani holding the day-old baby have been floating on social media ever since.
","मुकेश अंबानी यांचा मुलगा आकाश अंबानी आणि श्लोका मेहता यांचे नुकतेच झालेले लग्न मीडियात चांगलेच गाजले.
"
"His grandfather was noted lyricist Jahar Mukherjee, his father was music director Manas Mukherjee, and his sister is singer Sagarika. .
","त्यांचे वडील स्वर्गीय मानस मुखर्जी संगीत दिग्दर्शक होते आणि त्यांची बहीण सागरिका देखील गायिका आहे.
"
"Rawla police have arrested the girl's grandfather Surmukh Singh, father Nanak Singh and her uncle Shrawan Singh in the case.
","पोलिसांनी सावत्र वडील राजू लक्ष्मण सोळसे, सतीश कनगरे आणि पीडित मुलीची आई अशी तिघांविरोधात गुन्हा दाखल केला आहे.
"
"But I trusted my grandfather.
","पण दादावर माझा विश्वास आहे.
"
"And then there was his grandfather.
","मग त्यांचे पिताश्रीही आले.
"
"A male person can be a father, son, grandfather or grandson.
","तो पुरुष वडील, भाऊ, मुलगा किंवा पती असू शकतो.
"
"And he was an awesome grandfather.
","आणि एक खुपचं मायाळू वडील सुद्धा होते.
"
